frame_idx,class_name,conf,x1,y1,x2,y2,cx,cy
0,fish,0.7661,488.7563,342.1687,543.4312,385.7063,516.0938,363.9375
0,fish,0.7402,229.2469,362.7563,280.3781,402.2437,254.8125,382.5000
0,fish,0.7026,681.5812,683.1562,739.2938,728.7188,710.4375,705.9375
0,fish,0.6943,233.7328,1190.2500,282.0797,1230.7500,257.9062,1210.5000
0,fish,0.6909,970.2000,407.5875,1018.8000,444.0375,994.5000,425.8125
0,fish,0.6733,691.4813,278.5781,745.1437,316.5469,718.3125,297.5625
0,fish,0.6665,485.9156,1238.1750,529.9594,1270.5750,507.9375,1254.3750
0,fish,0.6621,484.1438,994.1625,531.7313,1028.5875,507.9375,1011.3750
0,fish,0.6592,215.9016,688.6125,272.3484,731.1375,244.1250,709.8750
0,fish,0.6558,234.0281,959.4000,280.0969,995.8500,257.0625,977.6250
0,fish,0.6460,733.1625,1244.2500,787.8375,1284.7500,760.5000,1264.5000
0,fish,0.6460,909.4500,696.1500,958.0500,732.6000,933.7500,714.3750
0,fish,0.6406,909.5625,1231.9875,960.1875,1274.5125,934.8750,1253.2500
0,fish,0.6299,490.2750,567.8297,536.8500,618.2016,513.5625,593.0156
0,fish,0.5908,980.1000,985.1625,1024.6500,1019.5875,1002.3750,1002.3750
0,fish,0.5815,629.4937,996.4125,681.1313,1030.8375,655.3125,1013.6250
1,fish,0.8042,490.6406,366.3000,543.7969,408.8250,517.2188,387.5625
1,fish,0.7139,228.9656,372.2625,280.0969,410.7375,254.5312,391.5000
1,fish,0.7026,234.9000,946.0125,281.4750,984.4875,258.1875,965.2500
1,fish,0.6870,970.2000,408.4031,1018.8000,444.3469,994.5000,426.3750
1,fish,0.6733,666.9562,681.0187,724.6688,728.6063,695.8125,704.8125
1,fish,0.6621,238.0078,1194.7500,284.8359,1235.2500,261.4219,1215.0000
1,fish,0.6611,217.7438,686.4750,274.4438,731.0250,246.0938,708.7500
1,fish,0.6592,486.9000,991.4625,533.4750,1027.9125,510.1875,1009.6875
1,fish,0.6582,908.2687,696.6562,955.8563,732.0938,932.0625,714.3750
1,fish,0.6577,733.1625,1242.1125,787.8375,1284.6375,760.5000,1263.3750
1,fish,0.6548,485.6344,1237.2750,534.7406,1273.7250,510.1875,1255.5000
1,fish,0.6514,909.0000,1231.9875,959.6250,1274.5125,934.3125,1253.2500
1,fish,0.6489,693.7313,277.6289,747.3937,316.2305,720.5625,296.9297
1,fish,0.6167,487.5750,574.7062,536.1750,622.2938,511.8750,598.5000
1,fish,0.5957,980.6063,985.1625,1024.1437,1019.5875,1002.3750,1002.3750
1,fish,0.5820,628.9312,995.8500,680.5688,1030.2750,654.7500,1013.0625
2,fish,0.7744,224.5219,380.7000,276.6656,419.1750,250.5938,399.9375
2,fish,0.7607,489.4031,380.8687,540.5344,422.3813,514.9688,401.6250
2,fish,0.7075,237.7406,1201.5000,284.8219,1242.0000,261.2812,1221.7500
2,fish,0.7007,233.7188,931.5000,281.8125,972.0000,257.7656,951.7500
2,fish,0.6909,490.3313,1235.0250,537.9188,1271.4750,514.1250,1253.2500
2,fish,0.6870,481.9500,990.3375,530.5500,1026.7875,506.2500,1008.5625
2,fish,0.6836,970.7062,408.6562,1018.2938,444.0938,994.5000,426.3750
2,fish,0.6816,642.9375,680.8500,703.6875,725.4000,673.3125,703.1250
2,fish,0.6733,483.1313,585.4500,532.7437,634.0500,507.9375,609.7500
2,fish,0.6689,696.0375,278.1352,750.7125,315.7242,723.3750,296.9297
2,fish,0.6670,906.5812,696.1500,954.1688,732.6000,930.3750,714.3750
2,fish,0.6582,216.3375,687.5438,273.0375,731.0812,244.6875,709.3125
2,fish,0.6548,909.5625,1231.9875,960.1875,1274.5125,934.8750,1253.2500
2,fish,0.6538,733.1625,1242.1125,787.8375,1284.6375,760.5000,1263.3750
2,fish,0.5840,980.6063,984.0375,1024.1437,1018.4625,1002.3750,1001.2500
2,fish,0.5767,629.4375,995.8500,680.0625,1030.2750,654.7500,1013.0625
3,fish,0.7637,225.2812,388.0125,275.9062,426.4875,250.5938,407.2500
3,fish,0.7476,495.1969,1223.7750,539.2406,1260.2250,517.2188,1242.0000
3,fish,0.7104,698.2875,278.4023,752.9625,315.7383,725.6250,297.0703
3,fish,0.6885,625.5000,679.8375,686.2500,726.4125,655.8750,703.1250
3,fish,0.6885,238.3031,1208.0250,285.3844,1244.4750,261.8438,1226.2500
3,fish,0.6768,488.7563,389.1094,538.3687,427.0781,513.5625,408.0938
3,fish,0.6611,234.3938,921.8813,281.9812,961.3687,258.1875,941.6250
3,fish,0.6602,909.5625,1233.0000,960.1875,1273.5000,934.8750,1253.2500
3,fish,0.6602,906.5812,696.1500,954.1688,732.6000,930.3750,714.3750
3,fish,0.6592,220.6969,685.2375,274.8656,727.7625,247.7812,706.5000
3,fish,0.6523,971.2125,409.7531,1017.7875,444.6844,994.5000,427.2188
3,fish,0.6436,733.1625,1242.1125,787.8375,1284.6375,760.5000,1263.3750
3,fish,0.6299,480.9937,597.2062,532.6313,644.7938,506.8125,621.0000
3,fish,0.6235,484.6500,990.3937,531.2250,1027.8563,507.9375,1009.1250
3,fish,0.5957,981.1125,982.9125,1023.6375,1017.3375,1002.3750,1000.1250
3,fish,0.5547,629.4375,996.4125,680.0625,1030.8375,654.7500,1013.6250
4,fish,0.7505,494.6062,1203.5250,538.1437,1239.9750,516.3750,1221.7500
4,fish,0.7153,238.8656,1209.2625,285.9469,1247.7375,262.4062,1228.5000
4,fish,0.6958,224.1844,393.5813,275.3156,431.0437,249.7500,412.3125
4,fish,0.6909,219.4734,682.9875,274.4016,725.5125,246.9375,704.2500
4,fish,0.6792,233.5500,915.5250,281.1375,951.9750,257.3438,933.7500
4,fish,0.6782,699.4125,278.2688,754.0875,315.7312,726.7500,297.0000
4,fish,0.6738,610.7625,679.8375,669.4875,726.4125,640.1250,703.1250
4,fish,0.6621,906.0750,696.1500,954.6750,732.6000,930.3750,714.3750
4,fish,0.6577,487.1250,387.0000,537.7500,427.5000,512.4375,407.2500
4,fish,0.6548,909.5625,1233.0000,960.1875,1273.5000,934.8750,1253.2500
4,fish,0.6470,732.0938,1242.1125,787.7812,1284.6375,759.9375,1263.3750
4,fish,0.6289,483.0188,993.2625,530.6063,1031.7375,506.8125,1012.5000
4,fish,0.6279,478.8000,609.7500,531.4500,660.3750,505.1250,635.0625
4,fish,0.6152,973.4625,411.9469,1020.0375,445.8656,996.7500,428.9062
4,fish,0.5908,981.6750,983.4750,1024.2000,1017.9000,1002.9375,1000.6875
4,fish,0.5205,629.4375,996.4125,680.0625,1030.8375,654.7500,1013.6250
5,fish,0.7139,222.7781,399.1781,273.9094,436.1344,248.3438,417.6562
5,fish,0.7075,232.6500,913.2188,279.2250,948.6562,255.9375,930.9375
5,fish,0.7075,241.0594,1210.2750,287.1281,1246.7250,264.0938,1228.5000
5,fish,0.6841,221.0625,677.3625,276.7500,719.8875,248.9062,698.6250
5,fish,0.6699,494.3250,1193.5125,537.8625,1231.9875,516.0938,1212.7500
5,fish,0.6577,909.0000,1233.0000,959.6250,1273.5000,934.3125,1253.2500
5,fish,0.6577,906.6375,696.1500,955.2375,732.6000,930.9375,714.3750
5,fish,0.6558,732.0375,1242.1125,786.7125,1284.6375,759.3750,1263.3750
5,fish,0.6460,597.1500,681.5812,653.8500,729.1688,625.5000,705.3750
5,fish,0.6362,701.5500,277.3969,754.2000,314.3531,727.8750,295.8750
5,fish,0.6353,486.5344,380.2500,536.6531,420.7500,511.5938,400.5000
5,fish,0.6084,972.9562,412.5375,1020.5438,446.9625,996.7500,429.7500
5,fish,0.6011,475.1719,995.0063,528.3281,1034.4938,501.7500,1014.7500
5,fish,0.5972,981.1125,984.0375,1023.6375,1018.4625,1002.3750,1001.2500
5,fish,0.5815,474.4406,620.4937,529.6219,672.1313,502.0312,646.3125
5,fish,0.5186,629.4375,996.4125,680.0625,1030.8375,654.7500,1013.6250
6,fish,0.7251,231.8063,911.0250,278.3813,947.4750,255.0938,929.2500
6,fish,0.7041,487.2937,362.4469,540.9562,406.4906,514.1250,384.4688
6,fish,0.6953,578.9953,682.0875,637.9734,728.6625,608.4844,705.3750
6,fish,0.6943,222.9750,675.1125,277.6500,717.6375,250.3125,696.3750
6,fish,0.6929,241.3547,1212.5250,287.6766,1248.9750,264.5156,1230.7500
6,fish,0.6895,223.0312,401.4000,273.6562,437.8500,248.3438,419.6250
6,fish,0.6680,490.7812,1191.2625,536.3438,1229.7375,513.5625,1210.5000
6,fish,0.6636,906.0750,696.1500,954.6750,732.6000,930.3750,714.3750
6,fish,0.6621,909.0000,1233.0000,959.6250,1273.5000,934.3125,1253.2500
6,fish,0.6577,732.6000,1242.1125,787.2750,1284.6375,759.9375,1263.3750
6,fish,0.6470,700.4813,277.1156,754.1437,314.0719,727.3125,295.5938
6,fish,0.6162,470.9812,634.3875,524.6437,682.9875,497.8125,658.6875
6,fish,0.6123,972.3937,412.8469,1019.9813,447.7781,996.1875,430.3125
6,fish,0.5938,979.9875,982.9125,1022.5125,1017.3375,1001.2500,1000.1250
6,fish,0.5879,470.0250,992.8125,526.7250,1033.3125,498.3750,1013.0625
6,fish,0.5107,628.3687,996.4125,680.0063,1030.8375,654.1875,1013.6250
7,fish,0.7432,230.0344,910.4625,277.6219,946.9125,253.8281,928.6875
7,fish,0.7295,487.8562,340.8750,541.5187,386.4375,514.6875,363.6562
7,fish,0.7007,225.2109,401.9625,274.5703,438.4125,249.8906,420.1875
7,fish,0.6919,241.0734,1212.5250,287.3953,1248.9750,264.2344,1230.7500
7,fish,0.6807,222.4125,672.8625,277.0875,715.3875,249.7500,694.1250
7,fish,0.6758,700.5375,277.6781,755.2125,314.6344,727.8750,296.1562
7,fish,0.6611,909.5625,1233.0000,960.1875,1273.5000,934.8750,1253.2500
7,fish,0.6592,906.0750,696.1500,954.6750,732.6000,930.3750,714.3750
7,fish,0.6548,493.2281,1192.3875,537.2719,1230.8625,515.2500,1211.6250
7,fish,0.6514,733.1625,1244.2500,787.8375,1284.7500,760.5000,1264.5000
7,fish,0.6362,567.3937,684.4500,625.1063,733.0500,596.2500,708.7500
7,fish,0.6216,467.6344,644.9625,521.8031,691.5375,494.7188,668.2500
7,fish,0.6104,972.3937,413.1562,1019.9813,448.5938,996.1875,430.8750
7,fish,0.5898,978.8625,982.9125,1021.3875,1017.3375,1000.1250,1000.1250
7,fish,0.5273,628.3125,995.2875,678.9375,1029.7125,653.6250,1012.5000
7,fish,0.5215,465.5531,990.0000,517.6969,1030.5000,491.6250,1010.2500
8,fish,0.7104,226.7016,909.9000,275.0484,946.3500,250.8750,928.1250
8,fish,0.6992,491.3438,1205.7750,536.9062,1242.2250,514.1250,1224.0000
8,fish,0.6758,560.4750,686.1375,615.1500,734.7375,587.8125,710.4375
8,fish,0.6748,702.6750,277.3969,755.3250,314.3531,729.0000,295.8750
8,fish,0.6636,486.2250,323.5500,540.9000,366.0750,513.5625,344.8125
8,fish,0.6636,228.2625,399.2063,279.3938,436.6687,253.8281,417.9375
8,fish,0.6636,909.5625,1233.0000,960.1875,1273.5000,934.8750,1253.2500
8,fish,0.6611,905.0625,695.6437,955.6875,733.1063,930.3750,714.3750
8,fish,0.6538,733.1625,1244.2500,787.8375,1284.7500,760.5000,1264.5000
8,fish,0.6289,238.8797,1214.8875,286.2141,1253.3625,262.5469,1234.1250
8,fish,0.6094,972.3375,413.1281,1018.9125,448.0594,995.6250,430.5938
8,fish,0.6069,221.0344,671.7938,276.2156,715.3312,248.6250,693.5625
8,fish,0.5859,457.6219,990.1125,513.8156,1032.6375,485.7188,1011.3750
8,fish,0.5859,978.8625,982.9125,1021.3875,1017.3375,1000.1250,1000.1250
8,fish,0.5757,466.9312,644.0625,518.5688,694.6875,492.7500,669.3750
8,fish,0.5352,628.3125,996.4125,678.9375,1030.8375,653.6250,1013.6250
9,fish,0.7734,494.1000,1223.7750,538.6500,1260.2250,516.3750,1242.0000
9,fish,0.7622,234.0844,386.6906,286.2281,426.6844,260.1562,406.6875
9,fish,0.7266,460.4062,985.3875,511.0312,1023.8625,485.7188,1004.6250
9,fish,0.7124,235.5188,1219.5000,283.1062,1260.0000,259.3125,1239.7500
9,fish,0.6885,482.8500,316.1812,537.5250,357.6938,510.1875,336.9375
9,fish,0.6758,559.9125,687.2625,614.5875,735.8625,587.2500,711.5625
9,fish,0.6724,702.6750,276.5813,755.3250,314.0437,729.0000,295.3125
9,fish,0.6626,906.0750,696.1500,954.6750,732.6000,930.3750,714.3750
9,fish,0.6592,225.0422,912.2625,273.8953,950.7375,249.4688,931.5000
9,fish,0.6548,909.5625,1233.0000,960.1875,1273.5000,934.8750,1253.2500
9,fish,0.6514,733.1625,1244.2500,787.8375,1284.7500,760.5000,1264.5000
9,fish,0.6396,217.4344,670.6125,273.6281,713.1375,245.5312,691.8750
9,fish,0.6250,460.8562,652.9500,509.4563,701.5500,485.1562,677.2500
9,fish,0.5981,972.3375,412.8469,1018.9125,447.7781,995.6250,430.3125
9,fish,0.5830,978.9750,981.8438,1023.5250,1017.2812,1001.2500,999.5625
9,fish,0.5547,628.3125,996.4125,678.9375,1030.8375,653.6250,1013.6250
10,fish,0.8105,238.0219,368.2125,290.1656,409.7250,264.0938,388.9688
10,fish,0.7153,230.2875,1228.2750,279.9000,1264.7250,255.0938,1246.5000
10,fish,0.7124,481.1625,313.8188,535.8375,353.3062,508.5000,333.5625
10,fish,0.7090,225.0000,920.5875,273.0938,957.0375,249.0469,938.8125
10,fish,0.7026,701.6625,276.0750,756.3375,314.5500,729.0000,295.3125
10,fish,0.6860,446.9625,663.8625,498.6000,706.3875,472.7812,685.1250
10,fish,0.6826,491.9625,1232.7750,538.5375,1269.2250,515.2500,1251.0000
10,fish,0.6582,908.4375,1231.9875,959.0625,1274.5125,933.7500,1253.2500
10,fish,0.6577,905.5688,696.2062,955.1812,733.6688,930.3750,714.9375
10,fish,0.6558,216.3938,670.5000,274.1062,711.0000,245.2500,690.7500
10,fish,0.6533,559.9125,686.2500,614.5875,736.8750,587.2500,711.5625
10,fish,0.6494,733.1625,1244.2500,787.8375,1284.7500,760.5000,1264.5000
10,fish,0.6206,457.8750,979.8750,508.5000,1020.3750,483.1875,1000.1250
10,fish,0.6133,972.3375,412.5375,1018.9125,446.9625,995.6250,429.7500
10,fish,0.5850,978.9750,984.0375,1023.5250,1018.4625,1001.2500,1001.2500
10,fish,0.5518,627.1875,996.9188,677.8125,1030.3312,652.5000,1013.6250
11,fish,0.8320,241.0453,350.7750,291.9234,392.2875,266.4844,371.5312
11,fish,0.7104,701.6625,276.0750,756.3375,314.5500,729.0000,295.3125
11,fish,0.6958,481.4156,315.9844,535.5844,353.9531,508.5000,334.9688
11,fish,0.6943,222.2578,1232.8875,271.6172,1271.3625,246.9375,1252.1250
11,fish,0.6929,562.1063,683.4375,615.7687,734.0625,588.9375,708.7500
11,fish,0.6909,489.7688,1241.6625,537.3563,1276.0875,513.5625,1258.8750
11,fish,0.6782,223.0031,926.2687,270.5906,963.7313,246.7969,945.0000
11,fish,0.6689,218.4750,670.5000,273.1500,711.0000,245.8125,690.7500
11,fish,0.6680,429.5531,671.8500,481.6969,716.4000,455.6250,694.1250
11,fish,0.6577,455.9625,971.7750,502.5375,1008.2250,479.2500,990.0000
11,fish,0.6567,908.4375,1231.9875,959.0625,1274.5125,933.7500,1253.2500
11,fish,0.6567,906.0750,696.1500,954.6750,732.6000,930.3750,714.3750
11,fish,0.6479,733.1625,1244.2500,787.8375,1284.7500,760.5000,1264.5000
11,fish,0.6143,972.3375,412.5375,1018.9125,446.9625,995.6250,429.7500
11,fish,0.5869,979.5375,982.9688,1024.0875,1018.4062,1001.8125,1000.6875
11,fish,0.5649,627.7500,996.9188,678.3750,1030.3312,653.0625,1013.6250
12,fish,0.7534,241.5375,335.2781,291.1500,376.2844,266.3438,355.7812
12,fish,0.7432,219.2906,1240.7625,268.3969,1279.2375,243.8438,1260.0000
12,fish,0.7202,484.4812,326.3062,538.1437,367.8188,511.3125,347.0625
12,fish,0.6992,220.1203,673.3687,274.0359,714.8813,247.0781,694.1250
12,fish,0.6909,220.6687,931.3875,269.2688,969.8625,244.9688,950.6250
12,fish,0.6895,702.7875,276.9187,757.4625,315.3938,730.1250,296.1562
12,fish,0.6802,418.5000,681.9750,469.1250,726.5250,443.8125,704.2500
12,fish,0.6680,563.7938,680.0625,617.4562,730.6875,590.6250,705.3750
12,fish,0.6611,906.0750,696.1500,954.6750,732.6000,930.3750,714.3750
12,fish,0.6558,908.4375,1231.9875,959.0625,1274.5125,933.7500,1253.2500
12,fish,0.6494,442.2937,959.4000,490.8938,995.8500,466.5938,977.6250
12,fish,0.6440,733.1625,1244.2500,787.8375,1284.7500,760.5000,1264.5000
12,fish,0.6387,487.0688,1241.7750,536.6812,1278.2250,511.8750,1260.0000
12,fish,0.6187,972.3375,412.5375,1018.9125,446.9625,995.6250,429.7500
12,fish,0.5869,628.3125,996.4125,678.9375,1030.8375,653.6250,1013.6250
12,fish,0.5840,978.9750,980.7750,1023.5250,1017.2250,1001.2500,999.0000
13,fish,0.7402,220.8938,934.7625,268.4812,973.2375,244.6875,954.0000
13,fish,0.7280,241.5797,322.3687,291.9516,363.8813,266.7656,343.1250
13,fish,0.7104,483.4125,346.0500,538.0875,388.5750,510.7500,367.3125
13,fish,0.6885,702.7875,277.7344,757.4625,315.7031,730.1250,296.7188
13,fish,0.6836,220.4156,678.3750,274.5844,718.8750,247.5000,698.6250
13,fish,0.6724,210.1922,1244.0250,260.0578,1280.4750,235.1250,1262.2500
13,fish,0.6646,905.5688,695.6437,955.1812,733.1063,930.3750,714.3750
13,fish,0.6636,405.3375,693.0000,456.9750,733.5000,431.1562,713.2500
13,fish,0.6611,426.8250,950.2875,475.4250,984.7125,451.1250,967.5000
13,fish,0.6523,909.5625,1231.9875,960.1875,1274.5125,934.8750,1253.2500
13,fish,0.6479,490.8938,1241.7750,538.4813,1278.2250,514.6875,1260.0000
13,fish,0.6440,733.1625,1244.2500,787.8375,1284.7500,760.5000,1264.5000
13,fish,0.6343,566.2125,673.9312,622.9125,725.5688,594.5625,699.7500
13,fish,0.6260,972.3937,412.5375,1019.9813,446.9625,996.1875,429.7500
13,fish,0.5957,979.5938,980.8312,1025.1562,1018.2938,1002.3750,999.5625
13,fish,0.5947,628.3125,996.4125,678.9375,1030.8375,653.6250,1013.6250
14,fish,0.7734,480.7688,361.6875,533.4188,402.1875,507.0938,381.9375
14,fish,0.7202,241.2562,316.0688,290.8687,355.5562,266.0625,335.8125
14,fish,0.7202,411.0188,929.0250,458.6062,965.4750,434.8125,947.2500
14,fish,0.7104,220.8656,937.9125,267.9469,972.3375,244.4062,955.1250
14,fish,0.6919,493.5938,1230.6375,539.1562,1269.1125,516.3750,1249.8750
14,fish,0.6885,202.7672,1242.0000,253.1391,1282.5000,227.9531,1262.2500
14,fish,0.6851,702.7875,278.0156,757.4625,315.9844,730.1250,297.0000
14,fish,0.6768,219.6562,681.9750,275.3438,726.5250,247.5000,704.2500
14,fish,0.6738,570.4172,669.3750,626.8641,720.0000,598.6406,694.6875
14,fish,0.6646,905.5688,696.1500,955.1812,732.6000,930.3750,714.3750
14,fish,0.6567,909.0000,1231.9875,959.6250,1274.5125,934.3125,1253.2500
14,fish,0.6479,733.1625,1244.2500,787.8375,1284.7500,760.5000,1264.5000
14,fish,0.6167,972.3937,412.5375,1019.9813,446.9625,996.1875,429.7500
14,fish,0.6162,980.4375,981.4500,1031.0625,1019.9250,1005.7500,1000.6875
14,fish,0.6133,386.5500,698.4000,439.2000,734.8500,412.8750,716.6250
14,fish,0.6060,627.1875,996.4125,677.8125,1030.8375,652.5000,1013.6250
15,fish,0.7402,398.7000,904.4438,447.3000,943.9312,423.0000,924.1875
15,fish,0.7251,239.0344,317.1375,289.1531,355.6125,264.0938,336.3750
15,fish,0.7026,477.2250,368.6062,531.9000,412.1438,504.5625,390.3750
15,fish,0.6851,701.6063,278.1352,755.2687,315.7242,728.4375,296.9297
15,fish,0.6689,220.9500,941.4000,269.5500,977.8500,245.2500,959.6250
15,fish,0.6680,906.0750,696.1500,954.6750,732.6000,930.3750,714.3750
15,fish,0.6611,909.0000,1233.0000,959.6250,1273.5000,934.3125,1253.2500
15,fish,0.6538,490.3313,1217.0250,537.9188,1253.4750,514.1250,1235.2500
15,fish,0.6494,732.0375,1244.2500,786.7125,1284.7500,759.3750,1264.5000
15,fish,0.6450,217.2656,686.9813,275.4844,730.5187,246.3750,708.7500
15,fish,0.6372,574.0312,663.1875,629.7188,713.8125,601.8750,688.5000
15,fish,0.6245,972.3937,412.5375,1019.9813,446.9625,996.1875,429.7500
15,fish,0.6196,198.8859,1237.5000,247.7391,1278.0000,223.3125,1257.7500
15,fish,0.6030,371.4750,697.3312,426.1500,734.7938,398.8125,716.0625
15,fish,0.5962,626.6812,996.4125,678.3188,1030.8375,652.5000,1013.6250
15,fish,0.5879,981.1125,985.1063,1023.6375,1018.5187,1002.3750,1001.8125
16,fish,0.7075,475.0031,373.3594,530.1844,416.3906,502.5938,394.8750
16,fish,0.7026,700.5375,277.7063,755.2125,315.1687,727.8750,296.4375
16,fish,0.6826,392.9062,887.4000,438.4688,923.8500,415.6875,905.6250
16,fish,0.6772,217.7156,941.2875,263.7844,975.7125,240.7500,958.5000
16,fish,0.6714,355.1625,696.3188,409.8375,735.8062,382.5000,716.0625
16,fish,0.6680,236.7844,322.5094,286.9031,361.4906,261.8438,342.0000
16,fish,0.6665,905.5688,696.1500,955.1812,732.6000,930.3750,714.3750
16,fish,0.6626,909.5625,1233.0000,960.1875,1273.5000,934.8750,1253.2500
16,fish,0.6533,216.9281,690.3563,274.1344,733.8937,245.5312,712.1250
16,fish,0.6504,732.6000,1244.2500,787.2750,1284.7500,759.9375,1264.5000
16,fish,0.6318,491.6250,1210.2750,537.1875,1246.7250,514.4062,1228.5000
16,fish,0.6226,972.3937,412.2563,1019.9813,446.6812,996.1875,429.4688
16,fish,0.6050,196.6219,1233.7875,240.1594,1268.2125,218.3906,1251.0000
16,fish,0.6001,627.1875,996.4125,677.8125,1030.8375,652.5000,1013.6250
16,fish,0.5991,981.1688,985.1625,1024.7062,1019.5875,1002.9375,1002.3750
16,fish,0.5610,578.6578,655.3687,631.5609,707.0063,605.1094,681.1875
17,fish,0.7661,388.9688,874.9688,434.5312,910.4062,411.7500,892.6875
17,fish,0.7402,195.9047,1223.7750,239.1891,1260.2250,217.5469,1242.0000
17,fish,0.7324,233.0719,331.8750,282.1781,367.3125,257.6250,349.5938
17,fish,0.7090,474.3562,375.2719,528.0187,417.2906,501.1875,396.2812
17,fish,0.7026,699.4125,277.8398,754.0875,315.1758,726.7500,296.5078
17,fish,0.6968,214.6781,944.5500,256.6969,976.9500,235.6875,960.7500
17,fish,0.6680,489.1500,1207.0125,535.7250,1245.4875,512.4375,1226.2500
17,fish,0.6655,906.0750,696.1500,954.6750,732.6000,930.3750,714.3750
17,fish,0.6582,909.0000,1233.0000,959.6250,1273.5000,934.3125,1253.2500
17,fish,0.6548,732.0375,1242.1125,786.7125,1284.6375,759.3750,1263.3750
17,fish,0.6479,215.5781,690.9750,273.7969,735.5250,244.6875,713.2500
17,fish,0.6387,345.4875,695.2500,398.1375,735.7500,371.8125,715.5000
17,fish,0.6235,972.3937,412.2844,1019.9813,447.2156,996.1875,429.7500
17,fish,0.6177,581.1750,651.3188,633.8250,700.9312,607.5000,676.1250
17,fish,0.6040,627.1875,996.4125,677.8125,1030.8375,652.5000,1013.6250
17,fish,0.5796,980.1000,985.1625,1024.6500,1019.5875,1002.3750,1002.3750
18,fish,0.7251,208.1250,952.3125,251.1562,982.6875,229.6406,967.5000
18,fish,0.7007,488.6438,1210.2750,536.2313,1246.7250,512.4375,1228.5000
18,fish,0.6943,699.4125,277.7063,754.0875,315.1687,726.7500,296.4375
18,fish,0.6909,391.7250,862.3687,436.2750,903.8813,414.0000,883.1250
18,fish,0.6870,482.2312,367.1156,535.8937,409.1344,509.0625,388.1250
18,fish,0.6802,225.3656,339.7219,274.9781,374.6531,250.1719,357.1875
18,fish,0.6655,197.3250,1214.7750,240.8625,1251.2250,219.0938,1233.0000
18,fish,0.6655,905.5688,695.6437,955.1812,733.1063,930.3750,714.3750
18,fish,0.6577,909.5625,1233.0000,960.1875,1273.5000,934.8750,1253.2500
18,fish,0.6523,215.3531,692.5500,269.5219,735.0750,242.4375,713.8125
18,fish,0.6450,732.0375,1242.1125,786.7125,1284.6375,759.3750,1263.3750
18,fish,0.6260,338.1187,695.7563,389.7563,735.2437,363.9375,715.5000
18,fish,0.6235,583.5375,646.2563,638.2125,695.8687,610.8750,671.0625
18,fish,0.6226,971.3250,412.5938,1019.9250,448.0312,995.6250,430.3125
18,fish,0.5962,627.1875,996.9750,677.8125,1031.4000,652.5000,1014.1875
18,fish,0.5806,980.1000,985.1625,1024.6500,1019.5875,1002.3750,1002.3750
19,fish,0.7505,486.1687,351.7312,539.8312,395.2688,513.0000,373.5000
19,fish,0.7168,585.2250,640.5750,639.9000,689.1750,612.5625,664.8750
19,fish,0.7090,699.4125,278.2688,754.0875,315.7312,726.7500,297.0000
19,fish,0.6992,219.6562,347.9625,270.2812,384.4125,244.9688,366.1875
19,fish,0.6860,211.0641,693.0000,263.9672,733.5000,237.5156,713.2500
19,fish,0.6836,488.1375,1225.0125,536.7375,1263.4875,512.4375,1244.2500
19,fish,0.6758,194.5687,1210.3875,239.1188,1248.8625,216.8438,1229.6250
19,fish,0.6670,905.0063,695.6437,954.6187,733.1063,929.8125,714.3750
19,fish,0.6636,394.2000,856.2375,442.8000,898.7625,418.5000,877.5000
19,fish,0.6548,909.5625,1233.0000,960.1875,1273.5000,934.8750,1253.2500
19,fish,0.6523,732.6000,1242.1125,787.2750,1284.6375,759.9375,1263.3750
19,fish,0.6514,201.0516,959.2875,245.8547,993.7125,223.4531,976.5000
19,fish,0.6250,971.2687,413.1562,1018.8563,448.5938,995.0625,430.8750
19,fish,0.6226,330.8344,699.6938,382.9781,739.1812,356.9062,719.4375
19,fish,0.5928,627.2437,997.5375,678.8813,1031.9625,653.0625,1014.7500
19,fish,0.5815,981.1688,984.6000,1024.7062,1019.0250,1002.9375,1001.8125
20,fish,0.7549,193.3172,1203.7500,238.1203,1244.2500,215.7188,1224.0000
20,fish,0.7007,208.1391,693.0000,259.0172,733.5000,233.5781,713.2500
20,fish,0.6943,396.0562,856.6875,447.6938,897.1875,421.8750,876.9375
20,fish,0.6909,217.1109,356.5406,267.4828,395.5219,242.2969,376.0312
20,fish,0.6899,699.4125,277.5727,754.0875,315.1617,726.7500,296.3672
20,fish,0.6802,578.4047,630.0000,636.8766,680.6250,607.6406,655.3125
20,fish,0.6714,486.1125,342.1406,538.7625,385.1719,512.4375,363.6562
20,fish,0.6689,194.9484,967.1625,241.2703,1001.5875,218.1094,984.3750
20,fish,0.6670,905.0625,695.6437,955.6875,733.1063,930.3750,714.3750
20,fish,0.6514,733.1625,1242.1125,787.8375,1284.6375,760.5000,1263.3750
20,fish,0.6470,909.5625,1233.0000,960.1875,1273.5000,934.8750,1253.2500
20,fish,0.6216,486.4781,1244.0250,535.5844,1280.4750,511.0312,1262.2500
20,fish,0.6177,345.8813,696.8250,395.4937,735.3000,370.6875,716.0625
20,fish,0.6152,971.2687,413.4375,1018.8563,448.8750,995.0625,431.1562
20,fish,0.6030,628.3125,998.0438,678.9375,1031.4562,653.6250,1014.7500
20,fish,0.5718,981.1688,985.1625,1024.7062,1019.5875,1002.9375,1002.3750
21,fish,0.7217,215.7469,368.8875,266.8781,407.3625,241.3125,388.1250
21,fish,0.6958,406.9406,855.7875,462.1219,900.3375,434.5312,878.0625
21,fish,0.6953,356.9062,695.1375,407.5312,733.6125,382.2188,714.3750
21,fish,0.6943,698.8500,277.7344,753.5250,315.7031,726.1875,296.7188
21,fish,0.6870,208.4344,693.0000,259.5656,733.5000,234.0000,713.2500
21,fish,0.6792,483.3562,337.8656,537.0187,379.8844,510.1875,358.8750
21,fish,0.6680,903.9375,696.2062,954.5625,733.6688,929.2500,714.9375
21,fish,0.6504,566.1422,621.1688,626.6391,674.8312,596.3906,648.0000
21,fish,0.6489,191.4328,975.0375,237.7547,1009.4625,214.5938,992.2500
21,fish,0.6460,733.1625,1242.1125,787.8375,1284.6375,760.5000,1263.3750
21,fish,0.6460,909.5625,1233.0000,960.1875,1273.5000,934.8750,1253.2500
21,fish,0.6426,483.8062,1250.7750,535.4438,1287.2250,509.6250,1269.0000
21,fish,0.6162,971.2687,413.7188,1018.8563,449.1562,995.0625,431.4375
21,fish,0.6084,188.9719,1194.5250,234.0281,1230.9750,211.5000,1212.7500
21,fish,0.6069,627.7500,998.5500,678.3750,1030.9500,653.0625,1014.7500
21,fish,0.5757,981.1688,985.1625,1024.7062,1019.5875,1002.9375,1002.3750
22,fish,0.7104,213.8344,383.0063,265.9781,422.4937,239.9062,402.7500
22,fish,0.6919,429.4125,857.4750,484.0875,902.0250,456.7500,879.7500
22,fish,0.6875,698.2875,278.0156,752.9625,315.9844,725.6250,297.0000
22,fish,0.6841,209.8688,691.3687,261.5063,732.8813,235.6875,712.1250
22,fish,0.6802,482.1750,337.5000,534.8250,378.0000,508.5000,357.7500
22,fish,0.6792,186.1594,1183.2750,228.6844,1219.7250,207.4219,1201.5000
22,fish,0.6655,905.0063,696.2062,954.6187,733.6688,929.8125,714.9375
22,fish,0.6621,369.3938,695.1938,422.0437,734.6812,395.7188,714.9375
22,fish,0.6592,487.7437,1255.2750,539.3813,1291.7250,513.5625,1273.5000
22,fish,0.6577,733.6688,1244.2500,787.3312,1284.7500,760.5000,1264.5000
22,fish,0.6479,191.5031,980.0438,236.5594,1013.4562,214.0312,996.7500
22,fish,0.6460,909.5625,1233.0000,960.1875,1273.5000,934.8750,1253.2500
22,fish,0.6177,970.2000,413.7188,1018.8000,449.1562,994.5000,431.4375
22,fish,0.6167,563.5688,618.3000,623.3062,670.9500,593.4375,644.6250
22,fish,0.6011,628.3125,998.6063,678.9375,1032.0187,653.6250,1015.3125
22,fish,0.5757,982.2375,984.6000,1024.7625,1019.0250,1003.5000,1001.8125
23,fish,0.7593,452.0813,858.6000,504.7312,903.1500,478.4062,880.8750
23,fish,0.6929,214.0594,395.9438,265.1906,435.4312,239.6250,415.6875
23,fish,0.6919,698.8500,278.0156,753.5250,315.9844,726.1875,297.0000
23,fish,0.6768,478.5750,336.4031,532.2375,377.4094,505.4062,356.9062
23,fish,0.6646,903.9375,695.1375,954.5625,733.6125,929.2500,714.3750
23,fish,0.6592,384.2437,698.4000,435.8813,734.8500,410.0625,716.6250
23,fish,0.6514,909.5625,1233.0000,960.1875,1273.5000,934.8750,1253.2500
23,fish,0.6494,214.5938,685.9125,270.2812,730.4625,242.4375,708.1875
23,fish,0.6470,191.7844,982.3500,236.8406,1016.7750,214.3125,999.5625
23,fish,0.6450,733.1625,1244.2500,787.8375,1284.7500,760.5000,1264.5000
23,fish,0.6440,493.0875,1250.7750,539.6625,1287.2250,516.3750,1269.0000
23,fish,0.6387,562.1203,622.1812,621.0984,673.8188,591.6094,648.0000
23,fish,0.6289,971.2687,413.7188,1018.8563,449.1562,995.0625,431.4375
23,fish,0.6226,178.2844,1174.2750,223.3406,1210.7250,200.8125,1192.5000
23,fish,0.5962,628.8188,998.6063,678.4312,1032.0187,653.6250,1015.3125
23,fish,0.5796,981.1125,984.6000,1023.6375,1019.0250,1002.3750,1001.8125
24,fish,0.7373,467.7750,860.8500,519.4125,905.4000,493.5938,883.1250
24,fish,0.7075,496.0688,1232.7750,540.6187,1269.2250,518.3438,1251.0000
24,fish,0.6934,214.8328,407.7000,264.6984,446.1750,239.7656,426.9375
24,fish,0.6929,698.8500,277.8961,753.5250,316.2445,726.1875,297.0703
24,fish,0.6885,560.5312,630.1125,616.2188,682.7625,588.3750,656.4375
24,fish,0.6841,476.7188,336.9937,532.4062,378.5063,504.5625,357.7500
24,fish,0.6621,905.0625,695.6437,955.6875,733.1063,930.3750,714.3750
24,fish,0.6611,173.2500,1165.2750,218.8125,1201.7250,196.0312,1183.5000
24,fish,0.6538,193.9781,983.9813,238.0219,1017.3937,216.0000,1000.6875
24,fish,0.6504,219.4172,683.6625,275.8641,728.2125,247.6406,705.9375
24,fish,0.6450,909.5625,1233.0000,960.1875,1273.5000,934.8750,1253.2500
24,fish,0.6387,733.7250,1244.2500,788.4000,1284.7500,761.0625,1264.5000
24,fish,0.6143,971.8312,413.4375,1019.4188,448.8750,995.6250,431.1562
24,fish,0.6143,395.4656,701.1562,446.5969,736.5938,421.0312,718.8750
24,fish,0.5947,979.9875,982.9125,1022.5125,1017.3375,1001.2500,1000.1250
24,fish,0.5728,629.4375,998.5500,680.0625,1030.9500,654.7500,1014.7500
25,fish,0.7388,473.8219,863.1000,527.9906,907.6500,500.9062,885.3750
25,fish,0.7310,479.8125,345.6000,535.5000,390.1500,507.6562,367.8750
25,fish,0.6929,698.2875,277.9875,752.9625,315.4500,725.6250,296.7188
25,fish,0.6919,491.9062,1222.6500,537.4688,1259.1000,514.6875,1240.8750
25,fish,0.6636,905.5688,695.6437,955.1812,733.1063,930.3750,714.3750
25,fish,0.6567,219.1781,684.2250,276.3844,728.7750,247.7812,706.5000
25,fish,0.6504,909.5625,1233.0000,960.1875,1273.5000,934.8750,1253.2500
25,fish,0.6489,560.3062,637.3687,611.9438,689.0063,586.1250,663.1875
25,fish,0.6440,734.2875,1244.2500,788.9625,1284.7500,761.6250,1264.5000
25,fish,0.6436,166.7812,1158.5250,212.3438,1194.9750,189.5625,1176.7500
25,fish,0.6323,216.0844,417.3188,268.2281,456.8062,242.1562,437.0625
25,fish,0.6206,971.3250,412.8750,1019.9250,448.3125,995.6250,430.5938
25,fish,0.6167,401.6250,700.6500,452.2500,737.1000,426.9375,718.8750
25,fish,0.6060,977.8500,982.4062,1022.4000,1017.8438,1000.1250,1000.1250
25,fish,0.5640,629.3813,998.5500,678.9937,1030.9500,654.1875,1014.7500
25,fish,0.5610,194.3719,988.5375,240.4406,1022.9625,217.4062,1005.7500
26,fish,0.7202,479.6719,863.1562,532.8281,908.7188,506.2500,885.9375
26,fish,0.7124,479.5031,368.1000,534.6844,412.6500,507.0938,390.3750
26,fish,0.6826,216.3797,420.0469,268.7766,458.0156,242.5781,439.0312
26,fish,0.6748,698.2875,278.0156,752.9625,315.9844,725.6250,297.0000
26,fish,0.6665,159.1875,1152.9000,204.7500,1189.3500,181.9688,1171.1250
26,fish,0.6665,905.0625,695.6437,955.6875,733.1063,930.3750,714.3750
26,fish,0.6602,217.4766,684.1688,274.4297,727.7062,245.9531,705.9375
26,fish,0.6577,909.5625,1233.0000,960.1875,1273.5000,934.8750,1253.2500
26,fish,0.6558,491.4000,1217.0250,537.9750,1253.4750,514.6875,1235.2500
26,fish,0.6377,733.1625,1244.2500,787.8375,1284.7500,760.5000,1264.5000
26,fish,0.6309,558.5063,645.0750,608.1187,693.6750,583.3125,669.3750
26,fish,0.6309,203.2875,984.0375,247.8375,1018.4625,225.5625,1001.2500
26,fish,0.6226,403.9031,700.0875,455.0344,736.5375,429.4688,718.3125
26,fish,0.6187,976.1625,982.4062,1020.7125,1017.8438,998.4375,1000.1250
26,fish,0.6104,971.3250,413.1562,1019.9250,448.5938,995.6250,430.8750
26,fish,0.5747,629.9438,998.5500,679.5562,1030.9500,654.7500,1014.7500
27,fish,0.7593,482.1187,861.9750,533.7563,906.5250,507.9375,884.2500
27,fish,0.7153,556.3687,651.8250,608.0063,700.4250,582.1875,676.1250
27,fish,0.7153,150.9750,1148.9906,198.0563,1185.9469,174.5156,1167.4688
27,fish,0.7139,477.2812,393.8625,532.9688,436.3875,505.1250,415.1250
27,fish,0.6680,903.9375,695.1375,954.5625,733.6125,929.2500,714.3750
27,fish,0.6636,221.0906,416.0813,272.2219,453.5437,246.6562,434.8125
27,fish,0.6636,214.1156,686.3625,271.3219,728.8875,242.7188,707.6250
27,fish,0.6548,909.5625,1233.0000,960.1875,1273.5000,934.8750,1253.2500
27,fish,0.6538,698.1750,278.2688,750.8250,315.7312,724.5000,297.0000
27,fish,0.6533,489.9937,1212.5250,536.5688,1248.9750,513.2812,1230.7500
27,fish,0.6533,215.7047,979.5375,261.0141,1013.9625,238.3594,996.7500
27,fish,0.6440,733.1625,1244.2500,787.8375,1284.7500,760.5000,1264.5000
27,fish,0.6167,975.6000,982.4062,1020.1500,1017.8438,997.8750,1000.1250
27,fish,0.6113,971.3250,413.1562,1019.9250,448.5938,995.6250,430.8750
27,fish,0.5869,406.0969,697.3875,456.2156,735.8625,431.1562,716.6250
27,fish,0.5679,630.4500,998.5500,679.0500,1030.9500,654.7500,1014.7500
28,fish,0.7734,553.5562,661.8375,605.1938,708.4125,579.3750,685.1250
28,fish,0.7251,484.3687,857.4750,536.0063,902.0250,510.1875,879.7500
28,fish,0.7124,144.0668,1147.8094,189.5660,1183.7531,166.8164,1165.7812
28,fish,0.6895,213.4266,686.2500,268.3547,726.7500,240.8906,706.5000
28,fish,0.6680,229.1906,973.9125,274.2469,1008.3375,251.7188,991.1250
28,fish,0.6670,904.5000,695.6437,955.1250,733.1063,929.8125,714.3750
28,fish,0.6602,221.9062,414.9563,272.5312,452.4187,247.2188,433.6875
28,fish,0.6567,909.5625,1233.0000,960.1875,1273.5000,934.8750,1253.2500
28,fish,0.6533,698.1750,279.0844,750.8250,316.0406,724.5000,297.5625
28,fish,0.6460,733.1625,1244.2500,787.8375,1284.7500,760.5000,1264.5000
28,fish,0.6387,491.3438,1214.8875,536.9062,1253.3625,514.1250,1234.1250
28,fish,0.6123,971.3250,413.1562,1019.9250,448.5938,995.6250,430.8750
28,fish,0.6074,976.1625,982.9125,1020.7125,1017.3375,998.4375,1000.1250
28,fish,0.5908,479.1094,404.6344,532.2656,448.6781,505.6875,426.6562
28,fish,0.5610,629.3813,998.5500,678.9937,1030.9500,654.1875,1014.7500
28,fish,0.5591,405.1687,698.7375,458.8313,741.2625,432.0000,720.0000
29,fish,0.7534,553.0500,669.7125,605.7000,716.2875,579.3750,693.0000
29,fish,0.7202,494.7469,1228.2750,540.8156,1264.7250,517.7812,1246.5000
29,fish,0.6929,137.2887,1146.7406,182.2816,1183.6969,159.7852,1165.2188
29,fish,0.6646,904.5000,696.2062,955.1250,733.6688,929.8125,714.9375
29,fish,0.6611,697.1625,278.2969,751.8375,316.2656,724.5000,297.2812
29,fish,0.6582,909.5625,1233.0000,960.1875,1273.5000,934.8750,1253.2500
29,fish,0.6577,221.6531,415.8281,272.7844,453.7969,247.2188,434.8125
29,fish,0.6567,733.1625,1244.2500,787.8375,1284.7500,760.5000,1264.5000
29,fish,0.6533,215.5219,685.2938,272.7281,728.8312,244.1250,707.0625
29,fish,0.6450,485.3250,408.0375,533.9250,447.5250,509.6250,427.7812
29,fish,0.6416,489.2625,851.4562,537.8625,899.0438,513.5625,875.2500
29,fish,0.6094,976.7250,982.9125,1021.2750,1017.3375,999.0000,1000.1250
29,fish,0.6074,972.3937,413.7188,1019.9813,449.1562,996.1875,431.4375
29,fish,0.5962,232.8187,970.5375,277.3687,1004.9625,255.0938,987.7500
29,fish,0.5767,398.4469,701.1562,447.5531,736.5938,423.0000,718.8750
29,fish,0.5527,629.3813,998.5500,678.9937,1030.9500,654.1875,1014.7500
30,fish,0.7705,553.7953,676.5750,604.6734,725.1750,579.2344,700.8750
30,fish,0.7124,490.8938,841.2188,538.4813,886.7812,514.6875,864.0000
30,fish,0.7041,133.7344,1150.0594,179.2969,1186.0031,156.5156,1168.0312
30,fish,0.6636,909.5625,1233.0000,960.1875,1273.5000,934.8750,1253.2500
30,fish,0.6611,905.0063,696.1500,954.6187,732.6000,929.8125,714.3750
30,fish,0.6577,220.5000,417.2344,271.1250,455.2031,245.8125,436.2188
30,fish,0.6567,732.6000,1244.2500,787.2750,1284.7500,759.9375,1264.5000
30,fish,0.6567,214.8609,685.8000,270.2953,728.3250,242.5781,707.0625
30,fish,0.6533,495.3094,1247.2875,541.3781,1281.7125,518.3438,1264.5000
30,fish,0.6479,698.2875,278.5500,752.9625,316.0125,725.6250,297.2812
30,fish,0.6162,971.8312,413.1562,1019.4188,448.5938,995.6250,430.8750
30,fish,0.6133,486.3938,403.8750,533.9813,444.3750,510.1875,424.1250
30,fish,0.5972,232.3125,970.5938,277.8750,1006.0312,255.0938,988.3125
30,fish,0.5928,978.4125,982.4062,1022.9625,1017.8438,1000.6875,1000.1250
30,fish,0.5547,378.1125,701.1562,430.7625,736.5938,404.4375,718.8750
30,fish,0.5479,630.4500,998.5500,679.0500,1030.9500,654.7500,1014.7500
31,fish,0.7534,553.9500,681.0187,602.5500,728.6063,578.2500,704.8125
31,fish,0.7124,229.8375,973.8000,273.8813,1006.2000,251.8594,990.0000
31,fish,0.7090,132.9363,1154.0250,178.0559,1190.4750,155.4961,1172.2500
31,fish,0.6909,493.3687,1257.3000,539.9438,1289.7000,516.6562,1273.5000
31,fish,0.6841,218.3203,417.0094,270.2109,455.9906,244.2656,436.5000
31,fish,0.6665,905.5688,695.6437,955.1812,733.1063,930.3750,714.3750
31,fish,0.6592,213.9750,684.2250,268.6500,728.7750,241.3125,706.5000
31,fish,0.6592,493.6219,824.0625,539.6906,874.6875,516.6562,849.3750
31,fish,0.6558,909.5625,1233.0000,960.1875,1273.5000,934.8750,1253.2500
31,fish,0.6523,732.0938,1242.1125,787.7812,1284.6375,759.9375,1263.3750
31,fish,0.6416,699.3563,277.3969,753.0187,314.3531,726.1875,295.8750
31,fish,0.6187,486.4500,401.6250,535.0500,442.1250,510.7500,421.8750
31,fish,0.6133,351.4500,700.6500,405.1125,737.1000,378.2812,718.8750
31,fish,0.6069,971.8312,413.6625,1019.4188,448.0875,995.6250,430.8750
31,fish,0.6011,978.5250,981.9000,1025.1000,1018.3500,1001.8125,1000.1250
31,fish,0.5571,629.3813,998.5500,678.9937,1030.9500,654.1875,1014.7500
32,fish,0.7153,558.1828,681.0750,607.0359,729.6750,582.6094,705.3750
32,fish,0.7007,131.5582,1153.4906,177.1840,1190.4469,154.3711,1171.9688
32,fish,0.6748,214.9875,418.3875,267.6375,456.8625,241.3125,437.6250
32,fish,0.6655,213.7359,680.8500,269.1703,725.4000,241.4531,703.1250
32,fish,0.6646,699.9188,274.0781,753.5812,312.0469,726.7500,293.0625
32,fish,0.6626,906.0750,696.2062,954.6750,733.6688,930.3750,714.9375
32,fish,0.6602,909.5625,1233.0000,960.1875,1273.5000,934.8750,1253.2500
32,fish,0.6602,493.0875,1257.3000,539.6625,1289.7000,516.3750,1273.5000
32,fish,0.6582,732.0938,1242.1125,787.7812,1284.6375,759.9375,1263.3750
32,fish,0.6406,491.4563,825.1875,539.0438,875.8125,515.2500,850.5000
32,fish,0.6377,327.0656,698.5688,382.2469,738.0562,354.6562,718.3125
32,fish,0.6279,231.4406,982.9125,276.4969,1017.3375,253.9688,1000.1250
32,fish,0.6094,977.9625,981.9000,1024.5375,1018.3500,1001.2500,1000.1250
32,fish,0.5962,971.8312,413.1000,1019.4188,447.5250,995.6250,430.3125
32,fish,0.5869,483.6656,399.9375,532.7719,440.4375,508.2188,420.1875
32,fish,0.5815,629.3250,998.5500,677.9250,1030.9500,653.6250,1014.7500
33,fish,0.7388,128.0426,1153.0125,176.1996,1191.4875,152.1211,1172.2500
33,fish,0.7075,559.5750,683.2125,608.1750,729.7875,583.8750,706.5000
33,fish,0.7026,308.4187,699.7500,362.0813,740.2500,335.2500,720.0000
33,fish,0.6816,218.4187,676.3500,274.6125,720.9000,246.5156,698.6250
33,fish,0.6802,211.1766,420.2719,263.5734,457.2281,237.3750,438.7500
33,fish,0.6689,699.9188,272.1094,753.5812,310.0781,726.7500,291.0938
33,fish,0.6626,906.0750,697.2750,954.6750,733.7250,930.3750,715.5000
33,fish,0.6523,732.0938,1242.1125,787.7812,1284.6375,759.9375,1263.3750
33,fish,0.6514,909.5625,1233.0000,960.1875,1273.5000,934.8750,1253.2500
33,fish,0.6387,493.0875,1257.3000,539.6625,1289.7000,516.3750,1273.5000
33,fish,0.6216,233.1281,983.9250,278.1844,1016.3250,255.6562,1000.1250
33,fish,0.6187,489.8250,825.1875,538.4250,875.8125,514.1250,850.5000
33,fish,0.6074,977.9625,981.9000,1024.5375,1018.3500,1001.2500,1000.1250
33,fish,0.6001,477.7594,405.1125,526.8656,447.6375,502.3125,426.3750
33,fish,0.6001,971.3250,413.1000,1019.9250,447.5250,995.6250,430.3125
33,fish,0.5850,629.3813,998.5500,678.9937,1030.9500,654.1875,1014.7500
34,fish,0.7251,560.2500,682.0312,610.8750,727.5938,585.5625,704.8125
34,fish,0.6885,118.7648,1150.7625,168.2508,1189.2375,143.5078,1170.0000
34,fish,0.6738,297.6469,700.2563,349.7906,739.7437,323.7188,720.0000
34,fish,0.6646,207.9563,421.7625,260.6062,460.2375,234.2812,441.0000
34,fish,0.6626,906.0750,696.1500,954.6750,732.6000,930.3750,714.3750
34,fish,0.6494,733.1625,1242.1125,787.8375,1284.6375,760.5000,1263.3750
34,fish,0.6470,488.1938,1253.0250,537.8062,1289.4750,513.0000,1271.2500
34,fish,0.6416,699.4125,270.7875,754.0875,310.2750,726.7500,290.5312
34,fish,0.6406,909.5625,1233.0000,960.1875,1273.5000,934.8750,1253.2500
34,fish,0.6226,219.2203,671.7375,274.6547,714.2625,246.9375,693.0000
34,fish,0.6162,978.5250,981.7875,1025.1000,1016.2125,1001.8125,999.0000
34,fish,0.6143,489.8250,827.3250,538.4250,875.9250,514.1250,851.6250
34,fish,0.6113,971.3250,413.1562,1019.9250,448.5938,995.6250,430.8750
34,fish,0.6021,478.1812,410.0625,524.7563,450.5625,501.4688,430.3125
34,fish,0.5981,228.4031,980.8875,274.4719,1019.3625,251.4375,1000.1250
34,fish,0.5830,629.3250,999.1125,677.9250,1031.5125,653.6250,1015.3125
35,fish,0.7168,112.7883,1148.0344,161.0086,1188.0281,136.8984,1168.0312
35,fish,0.6792,223.2984,977.2875,268.6078,1011.7125,245.9531,994.5000
35,fish,0.6699,205.3125,425.0250,255.9375,461.4750,230.6250,443.2500
35,fish,0.6665,906.0750,696.1500,954.6750,732.6000,930.3750,714.3750
35,fish,0.6489,294.8062,698.6250,346.4438,739.1250,320.6250,718.8750
35,fish,0.6450,700.5375,271.6031,755.2125,310.5844,727.8750,291.0938
35,fish,0.6416,734.2875,1242.1125,788.9625,1284.6375,761.6250,1263.3750
35,fish,0.6416,560.8125,673.4250,611.4375,726.0750,586.1250,699.7500
35,fish,0.6387,909.5625,1233.0000,960.1875,1273.5000,934.8750,1253.2500
35,fish,0.6362,220.2469,668.3625,273.9094,710.8875,247.0781,689.6250
35,fish,0.6279,970.2000,412.9031,1018.8000,448.8469,994.5000,430.8750
35,fish,0.6133,490.3313,1253.0250,537.9188,1289.4750,514.1250,1271.2500
35,fish,0.6094,977.9625,980.7750,1024.5375,1017.2250,1001.2500,999.0000
35,fish,0.6001,487.6313,832.8375,537.2437,879.4125,512.4375,856.1250
35,fish,0.5898,483.6938,403.3969,533.3062,445.4156,508.5000,424.4062
35,fish,0.5850,628.8188,998.6063,678.4312,1032.0187,653.6250,1015.3125
36,fish,0.7124,489.2063,839.5312,536.7938,885.0938,513.0000,862.3125
36,fish,0.7104,107.4305,1149.7500,155.3977,1190.2500,131.4141,1170.0000
36,fish,0.6958,209.4328,970.5375,255.7547,1004.9625,232.5938,987.7500
36,fish,0.6699,219.7969,665.5500,272.9531,708.0750,246.3750,686.8125
36,fish,0.6621,904.5000,696.1500,955.1250,732.6000,929.8125,714.3750
36,fish,0.6523,733.1625,1244.2500,787.8375,1284.7500,760.5000,1264.5000
36,fish,0.6514,909.5625,1233.0000,960.1875,1273.5000,934.8750,1253.2500
36,fish,0.6450,204.0469,422.8313,257.2031,460.2937,230.6250,441.5625
36,fish,0.6406,703.2375,272.9531,755.8875,310.9219,729.5625,291.9375
36,fish,0.6235,970.7625,413.1562,1019.3625,448.5938,995.0625,430.8750
36,fish,0.6167,977.9625,981.8438,1024.5375,1017.2812,1001.2500,999.5625
36,fish,0.6069,558.5203,666.6187,613.4484,718.2563,585.9844,692.4375
36,fish,0.6011,489.2625,1250.7750,537.8625,1287.2250,513.5625,1269.0000
36,fish,0.5850,481.6125,400.8656,534.2625,442.8844,507.9375,421.8750
36,fish,0.5796,628.8188,998.5500,678.4312,1030.9500,653.6250,1014.7500
36,fish,0.5537,294.8062,694.2375,346.4438,736.7625,320.6250,715.5000
37,fish,0.7217,102.8391,1152.5344,149.1609,1192.5281,126.0000,1172.5312
37,fish,0.6851,207.1125,421.7063,259.7625,459.1687,233.4375,440.4375
37,fish,0.6670,559.4625,660.9375,616.1625,711.5625,587.8125,686.2500
37,fish,0.6655,703.2938,274.7602,756.9562,312.3492,730.1250,293.5547
37,fish,0.6646,191.0813,962.6625,238.6687,997.0875,214.8750,979.8750
37,fish,0.6636,905.0063,696.1500,954.6187,732.6000,929.8125,714.3750
37,fish,0.6514,733.1625,1242.2250,787.8375,1286.7750,760.5000,1264.5000
37,fish,0.6514,909.5625,1233.0000,960.1875,1273.5000,934.8750,1253.2500
37,fish,0.6494,220.4578,663.8625,272.8547,706.3875,246.6562,685.1250
37,fish,0.6353,486.8156,852.8062,536.9344,894.3188,511.8750,873.5625
37,fish,0.6279,293.7375,690.9750,346.3875,735.5250,320.0625,713.2500
37,fish,0.6167,972.3375,413.9719,1018.9125,448.9031,995.6250,431.4375
37,fish,0.6167,977.9625,980.7750,1024.5375,1017.2250,1001.2500,999.0000
37,fish,0.6104,491.4000,1251.9000,537.9750,1288.3500,514.6875,1270.1250
37,fish,0.5972,488.9531,390.4594,537.0469,432.4781,513.0000,411.4688
37,fish,0.5898,628.8188,998.5500,678.4312,1030.9500,653.6250,1014.7500
38,fish,0.7339,560.6437,655.3687,618.3563,707.0063,589.5000,681.1875
38,fish,0.7266,483.7781,861.8625,534.9094,904.3875,509.3438,883.1250
38,fish,0.7090,99.6047,1157.6250,145.9266,1198.1250,122.7656,1177.8750
38,fish,0.6978,213.6094,418.9500,266.7656,457.4250,240.1875,438.1875
38,fish,0.6689,905.0063,696.1500,954.6187,732.6000,929.8125,714.3750
38,fish,0.6602,302.2312,689.7938,355.8938,733.3312,329.0625,711.5625
38,fish,0.6582,703.8000,276.5531,756.4500,313.5094,730.1250,295.0312
38,fish,0.6582,175.3594,957.6562,223.4531,993.0938,199.4062,975.3750
38,fish,0.6514,733.1625,1244.2500,787.8375,1284.7500,760.5000,1264.5000
38,fish,0.6460,909.5625,1233.0000,960.1875,1273.5000,934.8750,1253.2500
38,fish,0.6436,220.5000,660.4875,273.6562,703.0125,247.0781,681.7500
38,fish,0.6333,486.5625,377.7188,537.1875,418.2188,511.8750,397.9688
38,fish,0.6177,494.9719,1250.7750,540.0281,1287.2250,517.5000,1269.0000
38,fish,0.6104,977.9625,981.8438,1024.5375,1017.2812,1001.2500,999.5625
38,fish,0.6060,971.8875,413.7469,1020.4875,449.6906,996.1875,431.7188
38,fish,0.5859,629.3250,998.5500,677.9250,1030.9500,653.6250,1014.7500
39,fish,0.7534,99.9352,1167.7500,144.6117,1208.2500,122.2734,1188.0000
39,fish,0.7026,219.9938,416.9812,271.6313,455.4563,245.8125,436.2188
39,fish,0.7007,484.2844,871.4813,534.4031,915.0187,509.3438,893.2500
39,fish,0.6704,905.0063,696.1500,954.6187,732.6000,929.8125,714.3750
39,fish,0.6689,220.1344,658.2375,274.3031,700.7625,247.2188,679.5000
39,fish,0.6611,733.1625,1243.2375,787.8375,1285.7625,760.5000,1264.5000
39,fish,0.6494,909.5625,1233.0000,960.1875,1273.5000,934.8750,1253.2500
39,fish,0.6470,318.9375,690.2437,369.5625,731.7563,344.2500,711.0000
39,fish,0.6436,559.9125,650.9250,614.5875,703.5750,587.2500,677.2500
39,fish,0.6426,485.0437,361.9125,538.7062,406.4625,511.8750,384.1875
39,fish,0.6396,165.1781,959.3438,212.2594,994.7812,188.7188,977.0625
39,fish,0.6343,705.9937,277.7063,757.6313,315.1687,731.8125,296.4375
39,fish,0.6196,492.5250,1245.2625,539.1000,1283.7375,515.8125,1264.5000
39,fish,0.6196,975.6000,982.9688,1020.1500,1018.4062,997.8750,1000.6875
39,fish,0.6050,972.4500,413.7750,1021.0500,450.2250,996.7500,432.0000
39,fish,0.5859,629.3250,999.1125,677.9250,1031.5125,653.6250,1015.3125
40,fish,0.7251,481.8375,874.3500,533.4750,918.9000,507.6562,896.6250
40,fish,0.7075,220.8375,416.0813,272.4750,453.5437,246.6562,434.8125
40,fish,0.6958,93.5297,1183.2750,136.8141,1219.7250,115.1719,1201.5000
40,fish,0.6909,482.8500,348.9750,537.5250,393.5250,510.1875,371.2500
40,fish,0.6909,491.9625,1232.7750,538.5375,1269.2250,515.2500,1251.0000
40,fish,0.6816,703.8563,277.8961,757.5187,316.2445,730.6875,297.0703
40,fish,0.6670,221.2312,653.2875,274.8938,697.8375,248.0625,675.5625
40,fish,0.6626,339.4969,683.8875,390.6281,722.3625,365.0625,703.1250
40,fish,0.6582,905.5688,696.2062,955.1812,733.6688,930.3750,714.9375
40,fish,0.6479,155.1516,969.3000,201.4734,1001.7000,178.3125,985.5000
40,fish,0.6440,732.0938,1242.1125,787.7812,1284.6375,759.9375,1263.3750
40,fish,0.6426,910.1250,1233.0000,960.7500,1273.5000,935.4375,1253.2500
40,fish,0.6416,560.4188,651.9937,614.0812,703.6313,587.2500,677.8125
40,fish,0.6123,972.4500,414.2812,1021.0500,449.7188,996.7500,432.0000
40,fish,0.5981,979.9875,981.7875,1022.5125,1016.2125,1001.2500,999.0000
40,fish,0.5698,629.3813,998.5500,678.9937,1030.9500,654.1875,1014.7500
41,fish,0.7217,88.5938,1199.0250,131.6250,1235.4750,110.1094,1217.2500
41,fish,0.7163,360.4500,678.7125,409.0500,715.1625,384.7500,696.9375
41,fish,0.7090,220.3031,416.7000,272.4469,455.1750,246.3750,435.9375
41,fish,0.7007,480.2063,872.2125,532.8563,918.7875,506.5312,895.5000
41,fish,0.6768,152.1000,977.2875,199.1813,1011.7125,175.6406,994.5000
41,fish,0.6758,492.7500,1227.2625,538.3125,1265.7375,515.5312,1246.5000
41,fish,0.6646,704.4188,278.1352,758.0812,315.7242,731.2500,296.9297
41,fish,0.6626,483.8906,339.8062,537.0469,381.3188,510.4688,360.5625
41,fish,0.6611,732.0938,1242.1125,787.7812,1284.6375,759.9375,1263.3750
41,fish,0.6611,905.5688,696.1500,955.1812,732.6000,930.3750,714.3750
41,fish,0.6538,222.7359,649.3500,275.6391,693.9000,249.1875,671.6250
41,fish,0.6514,909.5625,1233.0000,960.1875,1273.5000,934.8750,1253.2500
41,fish,0.6479,561.6000,652.0500,616.2750,704.7000,588.9375,678.3750
41,fish,0.6162,972.4500,414.0000,1021.0500,449.4375,996.7500,431.7188
41,fish,0.6001,977.8500,982.4062,1022.4000,1017.8438,1000.1250,1000.1250
41,fish,0.5718,629.4375,998.5500,680.0625,1030.9500,654.7500,1014.7500
42,fish,0.7007,220.5703,417.2625,272.4609,455.7375,246.5156,436.5000
42,fish,0.6919,703.8563,278.1352,757.5187,315.7242,730.6875,296.9297
42,fish,0.6782,493.0312,1228.3875,538.5938,1266.8625,515.8125,1247.6250
42,fish,0.6665,483.3000,335.2500,535.9500,375.7500,509.6250,355.5000
42,fish,0.6621,732.0938,1242.1125,787.7812,1284.6375,759.9375,1263.3750
42,fish,0.6602,905.0625,696.1500,955.6875,732.6000,930.3750,714.3750
42,fish,0.6548,381.8813,676.0125,431.4937,714.4875,406.6875,695.2500
42,fish,0.6533,221.7516,650.3625,274.6547,692.8875,248.2031,671.6250
42,fish,0.6523,909.5625,1234.1250,960.1875,1274.6250,934.8750,1254.3750
42,fish,0.6353,83.1797,1212.5250,127.4766,1248.9750,105.3281,1230.7500
42,fish,0.6343,488.1375,868.1625,536.7375,912.7125,512.4375,890.4375
42,fish,0.6206,561.6562,656.4375,617.3438,707.0625,589.5000,681.7500
42,fish,0.6133,973.5187,414.2812,1021.1063,449.7188,997.3125,432.0000
42,fish,0.6021,976.7250,982.4062,1021.2750,1017.8438,999.0000,1000.1250
42,fish,0.5962,150.5531,982.9688,197.6344,1018.4062,174.0938,1000.6875
42,fish,0.5630,629.3813,998.5500,678.9937,1030.9500,654.1875,1014.7500
43,fish,0.7407,401.5688,681.5250,451.1812,717.9750,426.3750,699.7500
43,fish,0.7251,490.3875,855.7875,538.9875,900.3375,514.6875,878.0625
43,fish,0.6958,703.2938,278.2688,756.9562,315.7312,730.1250,297.0000
43,fish,0.6895,496.5750,1230.5250,540.1125,1266.9750,518.3438,1248.7500
43,fish,0.6860,220.0500,417.3188,272.7000,456.8062,246.3750,437.0625
43,fish,0.6802,481.8938,335.1938,534.5438,374.6812,508.2188,354.9375
43,fish,0.6636,910.0688,1234.1250,959.6812,1274.6250,934.8750,1254.3750
43,fish,0.6567,731.0250,1242.1125,787.7250,1284.6375,759.3750,1263.3750
43,fish,0.6567,905.0625,696.2062,955.6875,733.6688,930.3750,714.9375
43,fish,0.6558,563.6672,658.8000,620.1141,711.4500,591.8906,685.1250
43,fish,0.6450,216.3656,654.8625,273.5719,697.3875,244.9688,676.1250
43,fish,0.6372,81.8719,1223.7750,125.4094,1260.2250,103.6406,1242.0000
43,fish,0.6187,972.9562,413.7188,1020.5438,449.1562,996.7500,431.4375
43,fish,0.6001,974.4750,982.9688,1019.0250,1018.4062,996.7500,1000.6875
43,fish,0.5601,629.3813,998.0438,678.9937,1031.4562,654.1875,1014.7500
43,fish,0.5488,152.2125,986.4000,198.7875,1022.8500,175.5000,1004.6250
44,fish,0.7266,701.6625,277.7344,756.3375,315.7031,729.0000,296.7188
44,fish,0.7266,484.3687,342.5063,536.0063,381.9937,510.1875,362.2500
44,fish,0.6992,490.4438,836.2125,540.0562,882.7875,515.2500,859.5000
44,fish,0.6772,220.3031,417.3188,272.4469,456.8062,246.3750,437.0625
44,fish,0.6758,217.0687,662.7375,271.7437,705.2625,244.4062,684.0000
44,fish,0.6738,416.1375,690.6375,464.7375,729.1125,440.4375,709.8750
44,fish,0.6636,563.9625,658.8000,620.6625,711.4500,592.3125,685.1250
44,fish,0.6626,83.5523,1228.2750,126.9633,1264.7250,105.2578,1246.5000
44,fish,0.6592,909.5625,1233.0000,960.1875,1273.5000,934.8750,1253.2500
44,fish,0.6582,906.0750,696.1500,954.6750,732.6000,930.3750,714.3750
44,fish,0.6567,495.1687,1232.7750,538.7062,1269.2250,516.9375,1251.0000
44,fish,0.6558,731.0250,1242.1125,787.7250,1284.6375,759.3750,1263.3750
44,fish,0.6377,162.0281,981.3375,208.0969,1017.7875,185.0625,999.5625
44,fish,0.6196,974.4750,984.0375,1019.0250,1018.4625,996.7500,1001.2500
44,fish,0.6001,972.4500,413.1562,1021.0500,448.5938,996.7500,430.8750
44,fish,0.5649,628.3125,998.0438,678.9375,1031.4562,653.6250,1014.7500
45,fish,0.7705,482.1469,352.4062,534.2906,392.9062,508.2188,372.6562
45,fish,0.7231,701.6625,277.7344,756.3375,315.7031,729.0000,296.7188
45,fish,0.7090,219.0656,672.7500,274.2469,713.2500,246.6562,693.0000
45,fish,0.7056,175.1625,975.0375,219.7125,1009.4625,197.4375,992.2500
45,fish,0.6748,220.0219,417.5719,272.1656,456.5531,246.0938,437.0625
45,fish,0.6602,905.5688,696.1500,955.1812,732.6000,930.3750,714.3750
45,fish,0.6582,909.5625,1233.0000,960.1875,1273.5000,934.8750,1253.2500
45,fish,0.6504,563.9625,658.8000,620.6625,711.4500,592.3125,685.1250
45,fish,0.6494,731.0250,1242.1125,787.7250,1284.6375,759.3750,1263.3750
45,fish,0.6470,491.3719,1237.2750,537.4406,1273.7250,514.4062,1255.5000
45,fish,0.6436,426.3188,698.5125,475.9312,736.9875,451.1250,717.7500
45,fish,0.6333,490.8656,821.8125,537.9469,872.4375,514.4062,847.1250
45,fish,0.6270,972.3375,985.1625,1018.9125,1019.5875,995.6250,1002.3750
45,fish,0.6196,83.5102,1228.2750,127.4273,1264.7250,105.4688,1246.5000
45,fish,0.5991,972.4500,413.1844,1021.0500,449.1281,996.7500,431.1562
45,fish,0.5698,628.3125,998.0438,678.9375,1031.4562,653.6250,1014.7500
46,fish,0.7676,479.9531,361.4062,533.1094,401.9062,506.5312,381.6562
46,fish,0.7124,702.1688,278.5500,755.8312,316.0125,729.0000,297.2812
46,fish,0.6992,220.3875,680.1187,274.0500,721.6313,247.2188,700.8750
46,fish,0.6851,185.5969,968.2875,230.6531,1002.7125,208.1250,985.5000
46,fish,0.6704,220.0219,417.3188,272.1656,456.8062,246.0938,437.0625
46,fish,0.6602,905.0625,695.6437,955.6875,733.1063,930.3750,714.3750
46,fish,0.6514,909.5625,1233.0000,960.1875,1273.5000,934.8750,1253.2500
46,fish,0.6489,731.0250,1242.1125,787.7250,1284.6375,759.3750,1263.3750
46,fish,0.6387,970.6500,984.0938,1017.2250,1019.5312,993.9375,1001.8125
46,fish,0.6377,562.2750,659.9250,618.9750,712.5750,590.6250,686.2500
46,fish,0.6069,487.1250,826.2000,537.7500,874.8000,512.4375,850.5000
46,fish,0.6040,972.9562,413.1562,1020.5438,448.5938,996.7500,430.8750
46,fish,0.6030,433.6313,698.5125,483.2437,736.9875,458.4375,717.7500
46,fish,0.6011,83.5734,1228.2750,127.3641,1264.7250,105.4688,1246.5000
46,fish,0.5869,491.7094,1246.2750,538.7906,1282.7250,515.2500,1264.5000
46,fish,0.5815,629.3813,998.5500,678.9937,1030.9500,654.1875,1014.7500
47,fish,0.7202,479.1375,368.5500,532.8000,411.0750,505.9688,389.8125
47,fish,0.7124,701.6625,277.7625,756.3375,316.2375,729.0000,297.0000
47,fish,0.6714,494.1562,1258.4250,539.7188,1290.8250,516.9375,1274.6250
47,fish,0.6670,219.4594,416.1938,271.6031,455.6812,245.5312,435.9375
47,fish,0.6567,906.1313,696.1500,955.7437,732.6000,930.9375,714.3750
47,fish,0.6533,193.8375,961.0875,240.4125,997.5375,217.1250,979.3125
47,fish,0.6504,909.5625,1233.0000,960.1875,1273.5000,934.8750,1253.2500
47,fish,0.6440,732.0938,1243.2375,787.7812,1285.7625,759.9375,1264.5000
47,fish,0.6436,217.6312,685.2375,272.3062,727.7625,244.9688,706.5000
47,fish,0.6309,968.9625,983.5875,1015.5375,1020.0375,992.2500,1001.8125
47,fish,0.6289,445.6125,699.6375,498.2625,738.1125,471.9375,718.8750
47,fish,0.6177,490.2750,828.3375,536.8500,874.9125,513.5625,851.6250
47,fish,0.6069,972.9562,412.8469,1020.5438,447.7781,996.7500,430.3125
47,fish,0.5938,83.8898,1227.1500,128.3133,1263.6000,106.1016,1245.3750
47,fish,0.5786,629.3813,998.5500,678.9937,1030.9500,654.1875,1014.7500
47,fish,0.5527,563.4562,658.2938,621.1688,711.9562,592.3125,685.1250
48,fish,0.7812,477.1687,379.7437,530.8312,421.2563,504.0000,400.5000
48,fish,0.7217,698.9062,277.8961,754.5938,316.2445,726.7500,297.0703
48,fish,0.6958,221.0906,413.3250,272.2219,451.8000,246.6562,432.5625
48,fish,0.6733,465.2437,699.6375,516.8813,738.1125,491.0625,718.8750
48,fish,0.6567,905.0625,696.1500,955.6875,732.6000,930.3750,714.3750
48,fish,0.6538,489.2063,837.2250,536.7938,881.7750,513.0000,859.5000
48,fish,0.6533,732.0938,1243.2375,787.7812,1285.7625,759.9375,1264.5000
48,fish,0.6494,909.5625,1233.0000,960.1875,1273.5000,934.8750,1253.2500
48,fish,0.6436,559.3500,657.0562,614.0250,708.6938,586.6875,682.8750
48,fish,0.6436,86.5266,1219.2750,130.3172,1255.7250,108.4219,1237.5000
48,fish,0.6426,200.3906,963.3375,248.4844,999.7875,224.4375,981.5625
48,fish,0.6426,214.4812,690.3563,273.2063,733.8937,243.8438,712.1250
48,fish,0.6362,491.6812,1255.2750,538.2563,1291.7250,514.9688,1273.5000
48,fish,0.6318,968.9625,983.0250,1015.5375,1019.4750,992.2500,1001.2500
48,fish,0.6133,971.3250,412.0312,1019.9250,447.4688,995.6250,429.7500
48,fish,0.5830,629.3813,998.5500,678.9937,1030.9500,654.1875,1014.7500
49,fish,0.7505,477.5344,389.3062,532.7156,430.8188,505.1250,410.0625
49,fish,0.7139,698.2875,278.2688,752.9625,315.7312,725.6250,297.0000
49,fish,0.7051,214.4250,972.9000,262.0125,1009.3500,238.2188,991.1250
49,fish,0.6978,491.8781,841.7250,536.9344,886.2750,514.4062,864.0000
49,fish,0.6919,475.7063,699.7500,528.3563,740.2500,502.0312,720.0000
49,fish,0.6816,86.5687,1213.6500,131.1188,1250.1000,108.8438,1231.8750
49,fish,0.6670,226.4062,407.1094,277.0312,445.0781,251.7188,426.0938
49,fish,0.6611,906.1875,695.6437,956.8125,733.1063,931.5000,714.3750
49,fish,0.6558,732.0938,1244.2500,787.7812,1284.7500,759.9375,1264.5000
49,fish,0.6479,909.5625,1233.0000,960.1875,1273.5000,934.8750,1253.2500
49,fish,0.6353,215.2406,694.2375,272.4469,736.7625,243.8438,715.5000
49,fish,0.6270,970.1437,984.1500,1017.7313,1020.6000,993.9375,1002.3750
49,fish,0.6206,490.3313,1253.0250,537.9188,1289.4750,514.1250,1271.2500
49,fish,0.6123,971.3250,411.4688,1019.9250,446.9062,995.6250,429.1875
49,fish,0.6021,559.2375,655.8750,611.8875,706.5000,585.5625,681.1875
49,fish,0.5889,629.3250,999.1125,677.9250,1031.5125,653.6250,1015.3125
50,fish,0.7339,85.1906,1210.2750,130.2469,1246.7250,107.7188,1228.5000
50,fish,0.7202,476.6062,398.2500,530.2687,438.7500,503.4375,418.5000
50,fish,0.6929,698.2875,278.0156,752.9625,315.9844,725.6250,297.0000
50,fish,0.6772,229.7953,984.5438,275.6109,1017.9562,252.7031,1001.2500
50,fish,0.6670,732.0375,1244.2500,786.7125,1284.7500,759.3750,1264.5000
50,fish,0.6621,906.1875,695.6437,956.8125,733.1063,931.5000,714.3750
50,fish,0.6602,486.5063,697.6125,536.1187,740.1375,511.3125,718.8750
50,fish,0.6577,216.0984,694.2375,271.0266,736.7625,243.5625,715.5000
50,fish,0.6523,559.8000,656.4375,612.4500,707.0625,586.1250,681.7500
50,fish,0.6504,230.1469,404.8875,279.7594,443.3625,254.9531,424.1250
50,fish,0.6387,909.5625,1233.0000,960.1875,1273.5000,934.8750,1253.2500
50,fish,0.6309,970.0875,984.6562,1016.6625,1020.0938,993.3750,1002.3750
50,fish,0.6216,971.3250,412.0312,1019.9250,447.4688,995.6250,429.7500
50,fish,0.6196,492.9750,846.6750,537.5250,889.2000,515.2500,867.9375
50,fish,0.5991,629.3250,999.6750,677.9250,1032.0750,653.6250,1015.8750
50,fish,0.5908,492.5250,1248.5250,539.1000,1284.9750,515.8125,1266.7500
51,fish,0.7402,89.1211,1208.0250,131.5195,1244.4750,110.3203,1226.2500
51,fish,0.7266,476.6625,405.6187,531.3375,447.1313,504.0000,426.3750
51,fish,0.7017,496.3500,1235.0250,540.9000,1271.4750,518.6250,1253.2500
51,fish,0.7007,217.0828,697.5000,272.0109,738.0000,244.5469,717.7500
51,fish,0.6899,697.1625,279.2602,751.8375,316.8492,724.5000,298.0547
51,fish,0.6655,906.1875,696.1500,956.8125,732.6000,931.5000,714.3750
51,fish,0.6567,229.5984,405.4500,279.4641,443.9250,254.5312,424.6875
51,fish,0.6548,733.1625,1244.2500,787.8375,1284.7500,760.5000,1264.5000
51,fish,0.6504,488.1938,694.2938,537.8062,737.8312,513.0000,716.0625
51,fish,0.6494,559.0547,664.3125,613.4766,714.9375,586.2656,689.6250
51,fish,0.6416,909.5625,1233.0000,960.1875,1273.5000,934.8750,1253.2500
51,fish,0.6353,970.0875,984.1500,1016.6625,1020.6000,993.3750,1002.3750
51,fish,0.6074,231.4969,989.5500,277.5656,1021.9500,254.5312,1005.7500
51,fish,0.6050,490.5281,849.9937,536.5969,891.5063,513.5625,870.7500
51,fish,0.6040,972.4500,412.5938,1021.0500,448.0312,996.7500,430.3125
51,fish,0.5786,629.3250,999.1125,677.9250,1031.5125,653.6250,1015.3125
52,fish,0.7637,483.1875,843.9750,533.8125,888.5250,508.5000,866.2500
52,fish,0.6958,698.2875,279.3938,752.9625,316.8562,725.6250,298.1250
52,fish,0.6929,227.8688,410.4000,276.9750,446.8500,252.4219,428.6250
52,fish,0.6909,475.5094,408.4312,529.6781,449.9438,502.5938,429.1875
52,fish,0.6841,492.4688,1219.2750,538.0312,1255.7250,515.2500,1237.5000
52,fish,0.6646,905.0625,695.6437,955.6875,733.1063,930.3750,714.3750
52,fish,0.6582,89.9719,1212.5250,135.0281,1248.9750,112.5000,1230.7500
52,fish,0.6523,733.1625,1242.1125,787.8375,1284.6375,760.5000,1263.3750
52,fish,0.6450,909.5625,1233.0000,960.1875,1273.5000,934.8750,1253.2500
52,fish,0.6396,559.7437,675.0562,611.3813,726.6938,585.5625,700.8750
52,fish,0.6387,219.0094,695.2500,273.1781,735.7500,246.0938,715.5000
52,fish,0.6309,970.0875,984.1500,1016.6625,1020.6000,993.3750,1002.3750
52,fish,0.6279,484.9312,691.0875,536.5688,737.6625,510.7500,714.3750
52,fish,0.6187,972.4500,413.4094,1021.0500,448.3406,996.7500,430.8750
52,fish,0.6123,230.9344,988.4813,277.0031,1021.8937,253.9688,1005.1875
52,fish,0.5757,628.8188,998.5500,678.4312,1030.9500,653.6250,1014.7500
53,fish,0.7417,482.1187,843.5812,533.7563,891.1688,507.9375,867.3750
53,fish,0.7056,699.4125,278.8594,754.0875,316.8281,726.7500,297.8438
53,fish,0.6909,474.7219,407.3625,529.9031,449.8875,502.3125,428.6250
53,fish,0.6841,93.6281,1217.0250,138.6844,1253.4750,116.1562,1235.2500
53,fish,0.6670,222.3844,690.8062,276.5531,732.3188,249.4688,711.5625
53,fish,0.6636,905.0625,695.6437,955.6875,733.1063,930.3750,714.3750
53,fish,0.6602,222.9891,414.9000,272.8547,451.3500,247.9219,433.1250
53,fish,0.6514,559.7437,681.1875,611.3813,731.8125,585.5625,706.5000
53,fish,0.6494,909.5625,1233.0000,960.1875,1273.5000,934.8750,1253.2500
53,fish,0.6489,733.7250,1242.1125,788.4000,1284.6375,761.0625,1263.3750
53,fish,0.6377,489.9937,1210.2750,536.5688,1246.7250,513.2812,1228.5000
53,fish,0.6372,970.0875,984.1500,1016.6625,1020.6000,993.3750,1002.3750
53,fish,0.6299,479.3625,686.7000,532.0125,735.3000,505.6875,711.0000
53,fish,0.6094,972.4500,413.1562,1021.0500,448.5938,996.7500,430.8750
53,fish,0.6094,231.1875,986.2875,276.7500,1020.7125,253.9688,1003.5000
53,fish,0.5737,627.1875,998.5500,677.8125,1030.9500,652.5000,1014.7500
54,fish,0.7153,482.0625,849.6000,532.6875,894.1500,507.3750,871.8750
54,fish,0.7007,699.4125,278.2688,754.0875,315.7312,726.7500,297.0000
54,fish,0.6929,558.1125,687.7125,610.7625,734.2875,584.4375,711.0000
54,fish,0.6909,489.1500,1210.2750,535.7250,1246.7250,512.4375,1228.5000
54,fish,0.6699,95.4914,1223.7750,141.1805,1260.2250,118.3359,1242.0000
54,fish,0.6655,475.4531,403.9875,528.6094,446.5125,502.0312,425.2500
54,fish,0.6655,218.3063,688.6125,275.0063,731.1375,246.6562,709.8750
54,fish,0.6636,904.0500,695.6437,956.7000,733.1063,930.3750,714.3750
54,fish,0.6514,733.1625,1244.2500,787.8375,1284.7500,760.5000,1264.5000
54,fish,0.6514,909.5625,1233.0000,960.1875,1273.5000,934.8750,1253.2500
54,fish,0.6436,970.0875,984.1500,1016.6625,1020.6000,993.3750,1002.3750
54,fish,0.6123,220.7531,416.6156,270.8719,453.5719,245.8125,435.0938
54,fish,0.6113,231.5250,986.2875,278.1000,1020.7125,254.8125,1003.5000
54,fish,0.6084,972.3937,413.7188,1019.9813,449.1562,996.1875,431.4375
54,fish,0.5898,472.7812,684.0562,528.4688,735.6938,500.6250,709.8750
54,fish,0.5708,627.1875,998.5500,677.8125,1030.9500,652.5000,1014.7500
55,fish,0.7124,699.4125,277.9594,754.0875,314.9156,726.7500,296.4375
55,fish,0.7056,493.4812,1212.5250,537.0187,1248.9750,515.2500,1230.7500
55,fish,0.6929,481.7812,854.0438,532.4062,897.5812,507.0938,875.8125
55,fish,0.6860,557.6063,685.6313,611.2687,735.2437,584.4375,710.4375
55,fish,0.6699,474.6375,398.3062,528.3000,439.8188,501.4688,419.0625
55,fish,0.6636,905.0625,695.6437,955.6875,733.1063,930.3750,714.3750
55,fish,0.6592,216.6469,687.4875,273.8531,730.0125,245.2500,708.7500
55,fish,0.6514,733.7250,1244.2500,788.4000,1284.7500,761.0625,1264.5000
55,fish,0.6504,909.5625,1233.0000,960.1875,1273.5000,934.8750,1253.2500
55,fish,0.6450,94.5844,1220.4000,139.1344,1256.8500,116.8594,1238.6250
55,fish,0.6426,969.5812,984.1500,1017.1688,1020.6000,993.3750,1002.3750
55,fish,0.6333,217.0969,420.5250,267.2156,456.9750,242.1562,438.7500
55,fish,0.6074,231.8344,986.2875,278.9156,1020.7125,255.3750,1003.5000
55,fish,0.5991,972.4500,413.7750,1021.0500,450.2250,996.7500,432.0000
55,fish,0.5918,467.7750,681.1875,524.4750,731.8125,496.1250,706.5000
55,fish,0.5620,628.8188,998.5500,678.4312,1030.9500,653.6250,1014.7500
56,fish,0.7505,480.9937,859.6125,532.6313,902.1375,506.8125,880.8750
56,fish,0.7041,476.6625,394.9875,531.3375,437.5125,504.0000,416.2500
56,fish,0.6885,698.2875,277.5164,752.9625,314.0930,725.6250,295.8047
56,fish,0.6860,489.1500,1210.2750,535.7250,1246.7250,512.4375,1228.5000
56,fish,0.6836,469.2656,677.4750,522.4219,722.0250,495.8438,699.7500
56,fish,0.6714,561.3047,683.4375,615.7266,734.0625,588.5156,708.7500
56,fish,0.6636,905.0625,695.6437,955.6875,733.1063,930.3750,714.3750
56,fish,0.6567,216.9844,685.8563,275.2031,729.3937,246.0938,707.6250
56,fish,0.6514,733.7250,1244.2500,788.4000,1284.7500,761.0625,1264.5000
56,fish,0.6494,909.5625,1233.0000,960.1875,1273.5000,934.8750,1253.2500
56,fish,0.6426,213.8484,423.3656,266.2453,460.3219,240.0469,441.8438
56,fish,0.6196,92.6859,1217.0250,138.5016,1253.4750,115.5938,1235.2500
56,fish,0.6011,233.7891,984.6562,280.6172,1020.0938,257.2031,1002.3750
56,fish,0.5889,971.9438,414.3938,1021.5562,451.8562,996.7500,433.1250
56,fish,0.5767,628.8188,998.5500,678.4312,1030.9500,653.6250,1014.7500
56,fish,0.5708,971.1000,986.2875,1015.6500,1020.7125,993.3750,1003.5000
57,fish,0.7720,473.7937,660.7125,527.4562,707.2875,500.6250,684.0000
57,fish,0.7432,479.3625,865.2938,532.0125,908.8312,505.6875,887.0625
57,fish,0.7202,489.4312,1210.2750,536.0063,1246.7250,512.7188,1228.5000
57,fish,0.6870,698.2875,276.5531,752.9625,313.5094,725.6250,295.0312
57,fish,0.6851,567.0422,681.5250,623.4891,728.1000,595.2656,704.8125
57,fish,0.6802,478.7719,393.1594,530.9156,433.1531,504.8438,413.1562
57,fish,0.6611,905.0625,695.6437,955.6875,733.1063,930.3750,714.3750
57,fish,0.6592,217.7438,684.6750,274.4438,727.2000,246.0938,705.9375
57,fish,0.6470,733.1625,1244.2500,787.8375,1284.7500,760.5000,1264.5000
57,fish,0.6460,909.5625,1233.0000,960.1875,1273.5000,934.8750,1253.2500
57,fish,0.6333,215.0719,422.7750,264.1781,459.2250,239.6250,441.0000
57,fish,0.6309,88.3266,1214.7750,134.1422,1251.2250,111.2344,1233.0000
57,fish,0.6001,233.5219,983.5875,280.6031,1020.0375,257.0625,1001.8125
57,fish,0.5859,973.0125,414.0562,1021.6125,450.5063,997.3125,432.2812
57,fish,0.5679,969.9750,986.2875,1014.5250,1020.7125,992.2500,1003.5000
57,fish,0.5679,629.3250,998.5500,677.9250,1030.9500,653.6250,1014.7500
58,fish,0.7505,483.9469,635.0625,538.1156,685.6875,511.0312,660.3750
58,fish,0.7041,577.4062,673.0875,633.0938,719.6625,605.2500,696.3750
58,fish,0.7007,482.1750,876.6000,534.8250,921.1500,508.5000,898.8750
58,fish,0.6733,698.7938,276.5531,752.4562,313.5094,725.6250,295.0312
58,fish,0.6689,482.7937,384.3000,536.4562,426.8250,509.6250,405.5625
58,fish,0.6621,218.1516,685.1250,274.5984,725.6250,246.3750,705.3750
58,fish,0.6592,905.0625,695.6437,955.6875,733.1063,930.3750,714.3750
58,fish,0.6514,86.0484,1210.3875,131.3578,1248.8625,108.7031,1229.6250
58,fish,0.6514,489.2063,1217.0250,536.7938,1253.4750,513.0000,1235.2500
58,fish,0.6450,909.5625,1233.0000,960.1875,1273.5000,934.8750,1253.2500
58,fish,0.6436,732.6562,1244.2500,788.3438,1284.7500,760.5000,1264.5000
58,fish,0.6416,228.8812,978.9188,273.4312,1012.3312,251.1562,995.6250
58,fish,0.6094,217.5750,419.4563,266.1750,456.9187,241.8750,438.1875
58,fish,0.5859,971.9438,414.3938,1021.5562,451.8562,996.7500,433.1250
58,fish,0.5679,967.2188,984.6562,1012.7812,1020.0938,990.0000,1002.3750
58,fish,0.5601,628.8188,999.1125,678.4312,1031.5125,653.6250,1015.3125
59,fish,0.7490,486.7875,366.3562,541.4625,409.8938,514.1250,388.1250
59,fish,0.7139,494.2125,610.4250,545.8500,663.0750,520.0312,636.7500
59,fish,0.7090,485.0437,895.7250,538.7062,940.2750,511.8750,918.0000
59,fish,0.7041,85.2328,1208.0250,131.0484,1244.4750,108.1406,1226.2500
59,fish,0.7026,230.7797,960.9188,274.0641,994.3312,252.4219,977.6250
59,fish,0.6807,698.1750,277.3687,750.8250,313.8188,724.5000,295.5938
59,fish,0.6802,214.8469,685.1250,270.0281,725.6250,242.4375,705.3750
59,fish,0.6689,490.3313,1230.5250,537.9188,1266.9750,514.1250,1248.7500
59,fish,0.6602,905.0625,695.6437,955.6875,733.1063,930.3750,714.3750
59,fish,0.6440,732.6562,1244.2500,788.3438,1284.7500,760.5000,1264.5000
59,fish,0.6440,909.5625,1233.0000,960.1875,1273.5000,934.8750,1253.2500
59,fish,0.6406,589.1625,663.5812,643.8375,711.1688,616.5000,687.3750
59,fish,0.5850,972.5063,413.8313,1022.1187,451.2937,997.3125,432.5625
59,fish,0.5776,221.5547,416.8125,268.3828,452.2500,244.9688,434.5312
59,fish,0.5747,964.4625,984.6562,1011.0375,1020.0938,987.7500,1002.3750
59,fish,0.5547,628.8188,998.5500,678.4312,1030.9500,653.6250,1014.7500
60,fish,0.7661,486.7875,348.9187,541.4625,392.4563,514.1250,370.6875
60,fish,0.7622,232.0031,940.2750,277.0594,976.7250,254.5312,958.5000
60,fish,0.6992,87.1383,1205.7750,131.8148,1242.2250,109.4766,1224.0000
60,fish,0.6885,208.1531,684.0000,264.3469,724.5000,236.2500,704.2500
60,fish,0.6836,485.3531,917.2125,539.5219,963.7875,512.4375,940.5000
60,fish,0.6782,600.1875,658.2375,650.8125,700.7625,625.5000,679.5000
60,fish,0.6704,696.0375,277.2773,750.7125,314.6133,723.3750,295.9453
60,fish,0.6646,731.0250,1242.1125,787.7250,1284.6375,759.3750,1263.3750
60,fish,0.6621,497.5875,591.3000,549.2250,643.9500,523.4062,617.6250
60,fish,0.6592,905.0625,695.6437,955.6875,733.1063,930.3750,714.3750
60,fish,0.6548,909.5625,1231.9875,960.1875,1274.5125,934.8750,1253.2500
60,fish,0.6299,487.0406,1244.0250,536.1469,1280.4750,511.5938,1262.2500
60,fish,0.5991,219.9234,416.1375,270.2953,454.6125,245.1094,435.3750
60,fish,0.5786,971.4375,414.3938,1022.0625,451.8562,996.7500,433.1250
60,fish,0.5737,963.3937,984.1500,1010.9813,1020.6000,987.1875,1002.3750
60,fish,0.5391,629.3250,998.5500,677.9250,1030.9500,653.6250,1014.7500
61,fish,0.7534,231.8484,928.9688,276.6516,964.4062,254.2500,946.6875
61,fish,0.7056,609.1875,650.3625,659.8125,692.8875,634.5000,671.6250
61,fish,0.7041,487.2656,340.1719,540.4219,383.2031,513.8438,361.6875
61,fish,0.6929,697.1625,277.4531,751.8375,315.4219,724.5000,296.4375
61,fish,0.6919,487.9688,945.5625,543.6562,996.1875,515.8125,970.8750
61,fish,0.6841,87.0750,1206.9000,131.8781,1243.3500,109.4766,1225.1250
61,fish,0.6621,904.5000,695.1375,955.1250,733.6125,929.8125,714.3750
61,fish,0.6567,731.0250,1242.1125,787.7250,1284.6375,759.3750,1263.3750
61,fish,0.6494,909.5625,1231.9875,960.1875,1274.5125,934.8750,1253.2500
61,fish,0.6436,202.5844,681.9188,254.7281,725.4562,228.6562,703.6875
61,fish,0.6333,222.3844,417.2063,271.4906,454.6687,246.9375,435.9375
61,fish,0.6104,498.4594,579.0375,545.5406,633.7125,522.0000,606.3750
61,fish,0.5786,490.3031,1248.5250,537.3844,1284.9750,513.8438,1266.7500
61,fish,0.5747,971.3813,414.3938,1020.9937,451.8562,996.1875,433.1250
61,fish,0.5747,963.3375,984.1500,1009.9125,1020.6000,986.6250,1002.3750
61,fish,0.5361,629.3250,998.5500,677.9250,1030.9500,653.6250,1014.7500
62,fish,0.7324,232.4109,920.0812,279.7453,957.5438,256.0781,938.8125
62,fish,0.6978,489.3750,976.7250,540.0000,1021.2750,514.6875,999.0000
62,fish,0.6758,495.1687,1243.8000,538.7062,1276.2000,516.9375,1260.0000
62,fish,0.6699,909.5625,1233.0000,960.1875,1273.5000,934.8750,1253.2500
62,fish,0.6636,696.0375,278.8594,750.7125,316.8281,723.3750,297.8438
62,fish,0.6636,731.0250,1242.1125,787.7250,1284.6375,759.3750,1263.3750
62,fish,0.6621,905.0625,695.6437,955.6875,733.1063,930.3750,714.3750
62,fish,0.6489,488.4469,341.3250,537.5531,379.8000,513.0000,360.5625
62,fish,0.6460,88.6219,1212.5250,132.1594,1248.9750,110.3906,1230.7500
62,fish,0.6377,611.6625,642.0375,666.3375,686.5875,639.0000,664.3125
62,fish,0.6372,497.0531,576.2250,544.1344,630.9000,520.5938,603.5625
62,fish,0.6362,198.6328,680.0625,250.5234,720.5625,224.5781,700.3125
62,fish,0.6250,223.4672,418.0219,271.8141,454.9781,247.6406,436.5000
62,fish,0.5659,972.4500,413.7750,1021.0500,450.2250,996.7500,432.0000
62,fish,0.5566,962.2125,985.2188,1008.7875,1020.6562,985.5000,1002.9375
62,fish,0.5439,629.3250,998.5500,677.9250,1030.9500,653.6250,1014.7500
63,fish,0.7231,232.9172,917.7750,279.2391,954.2250,256.0781,936.0000
63,fish,0.6992,478.7437,978.8625,530.3813,1021.3875,504.5625,1000.1250
63,fish,0.6992,494.1000,1232.7750,538.6500,1269.2250,516.3750,1251.0000
63,fish,0.6802,696.0375,280.8281,750.7125,318.7969,723.3750,299.8125
63,fish,0.6802,87.0750,1222.6500,130.6125,1259.1000,108.8438,1240.8750
63,fish,0.6758,909.5063,1233.0000,959.1187,1273.5000,934.3125,1253.2500
63,fish,0.6655,195.6094,677.2500,248.7656,717.7500,222.1875,697.5000
63,fish,0.6602,495.8438,577.0688,541.4062,626.6812,518.6250,601.8750
63,fish,0.6582,731.0250,1242.1125,787.7250,1284.6375,759.3750,1263.3750
63,fish,0.6582,905.0625,695.1375,955.6875,733.6125,930.3750,714.3750
63,fish,0.6069,225.8438,419.0344,271.4062,453.9656,248.6250,436.5000
63,fish,0.5947,619.5375,633.7125,674.2125,680.2875,646.8750,657.0000
63,fish,0.5928,962.6625,987.4125,1007.2125,1021.8375,984.9375,1004.6250
63,fish,0.5737,489.3188,341.2688,538.9312,378.7312,514.1250,360.0000
63,fish,0.5718,628.8188,998.5500,678.4312,1030.9500,653.6250,1014.7500
63,fish,0.5649,972.4500,413.1562,1021.0500,448.5938,996.7500,430.8750
64,fish,0.7153,491.9062,1223.7750,537.4688,1260.2250,514.6875,1242.0000
64,fish,0.6978,696.0375,281.1656,750.7125,320.1469,723.3750,300.6562
64,fish,0.6816,477.0844,981.0000,529.2281,1021.5000,503.1562,1001.2500
64,fish,0.6802,909.4500,1233.0000,958.0500,1273.5000,933.7500,1253.2500
64,fish,0.6772,490.3031,346.5000,542.4469,387.0000,516.3750,366.7500
64,fish,0.6680,731.0250,1242.1125,787.7250,1284.6375,759.3750,1263.3750
64,fish,0.6577,224.2828,416.7000,274.6547,455.1750,249.4688,435.9375
64,fish,0.6567,905.0625,695.6437,955.6875,733.1063,930.3750,714.3750
64,fish,0.6538,88.8047,1222.6500,133.1016,1259.1000,110.9531,1240.8750
64,fish,0.6523,634.1625,624.0938,688.8375,669.6562,661.5000,646.8750
64,fish,0.6436,232.5938,914.9625,280.6875,951.4125,256.6406,933.1875
64,fish,0.6309,490.3875,580.3312,538.9875,627.9188,514.6875,604.1250
64,fish,0.6074,195.1312,671.7375,249.8063,714.2625,222.4688,693.0000
64,fish,0.6040,960.9750,988.5375,1005.5250,1022.9625,983.2500,1005.7500
64,fish,0.5918,972.4500,413.1562,1021.0500,448.5938,996.7500,430.8750
64,fish,0.5708,629.3250,998.5500,677.9250,1030.9500,653.6250,1014.7500
65,fish,0.8066,487.5188,358.4250,540.1688,400.9500,513.8438,379.6875
65,fish,0.7324,698.2875,281.5031,752.9625,321.4969,725.6250,301.5000
65,fish,0.7007,644.4000,617.9625,701.1000,664.5375,672.7500,641.2500
65,fish,0.6860,485.0437,586.6875,538.7062,637.3125,511.8750,612.0000
65,fish,0.6802,476.8031,979.8750,528.9469,1020.3750,502.8750,1000.1250
65,fish,0.6758,908.3813,1233.0000,957.9937,1273.5000,933.1875,1253.2500
65,fish,0.6665,732.0375,1244.2500,786.7125,1284.7500,759.3750,1264.5000
65,fish,0.6558,905.6250,695.6437,956.2500,733.1063,930.9375,714.3750
65,fish,0.6479,491.6531,1214.7750,537.7219,1251.2250,514.6875,1233.0000
65,fish,0.6377,233.4094,911.1375,283.5281,949.6125,258.4688,930.3750
65,fish,0.6226,193.0219,670.3875,245.1656,708.8625,219.0938,689.6250
65,fish,0.6050,960.9750,987.4125,1005.5250,1021.8375,983.2500,1004.6250
65,fish,0.6021,86.0484,1221.5250,131.3578,1257.9750,108.7031,1239.7500
65,fish,0.5859,972.4500,413.1562,1021.0500,448.5938,996.7500,430.8750
65,fish,0.5796,628.8188,998.6063,678.4312,1032.0187,653.6250,1015.3125
65,fish,0.5410,223.2141,415.5188,272.0672,452.9812,247.6406,434.2500
66,fish,0.7637,486.7312,374.6250,540.3937,415.1250,513.5625,394.8750
66,fish,0.7251,699.9750,281.2781,754.6500,322.2844,727.3125,301.7812
66,fish,0.6841,908.3250,1233.0000,956.9250,1273.5000,932.6250,1253.2500
66,fish,0.6836,479.2500,972.0000,529.8750,1012.5000,504.5625,992.2500
66,fish,0.6792,192.9375,668.1375,243.5625,706.6125,218.2500,687.3750
66,fish,0.6724,492.1594,1194.7500,537.2156,1235.2500,514.6875,1215.0000
66,fish,0.6621,732.0375,1244.2500,786.7125,1284.7500,759.3750,1264.5000
66,fish,0.6558,906.1875,696.1500,956.8125,732.6000,931.5000,714.3750
66,fish,0.6470,652.9500,619.0875,711.6750,665.6625,682.3125,642.3750
66,fish,0.6353,233.0437,912.1500,281.6438,948.6000,257.3438,930.3750
66,fish,0.6196,959.8500,989.5500,1004.4000,1021.9500,982.1250,1005.7500
66,fish,0.6104,484.1719,594.5625,537.3281,645.1875,510.7500,619.8750
66,fish,0.6104,86.5547,1221.5250,130.8516,1257.9750,108.7031,1239.7500
66,fish,0.5850,972.4500,413.1562,1021.0500,448.5938,996.7500,430.8750
66,fish,0.5757,629.3250,998.5500,677.9250,1030.9500,653.6250,1014.7500
66,fish,0.5430,222.0750,413.8313,270.6750,451.2937,246.3750,432.5625
67,fish,0.7139,701.6625,280.9969,756.3375,322.0031,729.0000,301.5000
67,fish,0.7075,487.0125,1182.2625,535.6125,1220.7375,511.3125,1201.5000
67,fish,0.6978,192.0656,665.8875,242.1844,704.3625,217.1250,685.1250
67,fish,0.6929,483.4688,604.4625,534.0938,651.0375,508.7812,627.7500
67,fish,0.6860,488.0531,391.1062,540.1969,434.6438,514.1250,412.8750
67,fish,0.6836,482.6531,961.8750,533.7844,1002.3750,508.2188,982.1250
67,fish,0.6782,660.7687,620.3250,718.4813,668.9250,689.6250,644.6250
67,fish,0.6758,217.5609,416.8969,265.9078,453.8531,241.7344,435.3750
67,fish,0.6704,907.2000,1233.0000,955.8000,1273.5000,931.5000,1253.2500
67,fish,0.6567,906.1313,696.1500,955.7437,732.6000,930.9375,714.3750
67,fish,0.6548,733.1625,1242.1125,787.8375,1284.6375,760.5000,1263.3750
67,fish,0.6333,231.5109,910.4625,280.3641,946.9125,255.9375,928.6875
67,fish,0.6167,960.8625,987.9188,1003.3875,1021.3312,982.1250,1004.6250
67,fish,0.6104,87.3563,1222.5375,130.8938,1256.9625,109.1250,1239.7500
67,fish,0.5962,972.4500,413.1562,1021.0500,448.5938,996.7500,430.8750
67,fish,0.5737,629.3250,998.5500,677.9250,1030.9500,653.6250,1014.7500
68,fish,0.7295,192.4031,664.7625,241.0031,703.2375,216.7031,684.0000
68,fish,0.7104,703.2938,280.7648,756.9562,320.1258,730.1250,300.4453
68,fish,0.6958,212.0906,420.8625,263.2219,458.3250,237.6562,439.5938
68,fish,0.6802,489.0656,409.6125,544.2469,452.1375,516.6562,430.8750
68,fish,0.6792,669.2625,620.2687,727.9875,667.8563,698.6250,644.0625
68,fish,0.6772,487.8562,1176.7500,536.4562,1217.2500,512.1562,1197.0000
68,fish,0.6567,473.2312,611.2687,526.8937,658.8563,500.0625,635.0625
68,fish,0.6558,231.3562,906.6375,279.9563,945.1125,255.6562,925.8750
68,fish,0.6548,906.1313,696.1500,955.7437,732.6000,930.9375,714.3750
68,fish,0.6489,733.1625,1244.2500,787.8375,1284.7500,760.5000,1264.5000
68,fish,0.6479,84.4172,1220.4000,128.2078,1256.8500,106.3125,1238.6250
68,fish,0.6450,478.8562,955.1250,532.5187,995.6250,505.6875,975.3750
68,fish,0.6426,905.0063,1233.0000,954.6187,1273.5000,929.8125,1253.2500
68,fish,0.6289,960.9188,987.9188,1004.4562,1021.3312,982.6875,1004.6250
68,fish,0.5869,972.4500,413.1562,1021.0500,448.5938,996.7500,430.8750
68,fish,0.5566,629.3813,998.5500,678.9937,1030.9500,654.1875,1014.7500
69,fish,0.6958,192.0094,667.1250,241.1156,707.6250,216.5625,687.3750
69,fish,0.6958,230.7656,905.5125,278.8594,943.9875,254.8125,924.7500
69,fish,0.6875,208.0266,423.9563,259.4109,461.4187,233.7188,442.6875
69,fish,0.6826,704.9813,280.2656,758.6437,318.2344,731.8125,299.2500
69,fish,0.6826,488.3906,1178.7750,536.4844,1215.2250,512.4375,1197.0000
69,fish,0.6714,82.4484,1220.4000,126.2391,1256.8500,104.3438,1238.6250
69,fish,0.6611,682.0875,620.3250,738.7875,668.9250,710.4375,644.6250
69,fish,0.6592,489.9375,407.4469,540.5625,446.4281,515.2500,426.9375
69,fish,0.6577,475.8469,952.7625,531.0281,991.2375,503.4375,972.0000
69,fish,0.6567,904.4438,1233.0000,954.0562,1273.5000,929.2500,1253.2500
69,fish,0.6567,906.1313,696.1500,955.7437,732.6000,930.9375,714.3750
69,fish,0.6494,456.9187,621.9000,510.5813,668.4750,483.7500,645.1875
69,fish,0.6387,732.6562,1244.2500,788.3438,1284.7500,760.5000,1264.5000
69,fish,0.6323,959.7938,988.4250,1003.3312,1020.8250,981.5625,1004.6250
69,fish,0.5879,972.9562,412.8469,1020.5438,447.7781,996.7500,430.3125
69,fish,0.5430,630.4500,998.5500,679.0500,1030.9500,654.7500,1014.7500
70,fish,0.7188,438.8062,634.3875,490.4438,682.9875,464.6250,658.6875
70,fish,0.7056,230.4563,905.5125,278.0437,943.9875,254.2500,924.7500
70,fish,0.7007,488.1375,1181.2500,536.7375,1221.7500,512.4375,1201.5000
70,fish,0.6992,208.4062,422.8313,259.0312,460.2937,233.7188,441.5625
70,fish,0.6943,83.6156,1221.5250,128.1656,1257.9750,105.8906,1239.7500
70,fish,0.6870,693.9000,627.0187,750.6000,674.6063,722.2500,650.8125
70,fish,0.6851,192.4875,667.0125,240.0750,705.4875,216.2812,686.2500
70,fish,0.6826,480.3750,949.5000,531.0000,990.0000,505.6875,969.7500
70,fish,0.6621,906.0750,696.1500,954.6750,732.6000,930.3750,714.3750
70,fish,0.6602,489.8250,402.5813,538.4250,440.0437,514.1250,421.3125
70,fish,0.6523,732.6562,1242.1125,788.3438,1284.6375,760.5000,1263.3750
70,fish,0.6479,706.0500,279.2602,758.7000,316.8492,732.3750,298.0547
70,fish,0.6406,903.8250,1233.0000,952.4250,1273.5000,928.1250,1253.2500
70,fish,0.6250,959.8500,987.9188,1004.4000,1021.3312,982.1250,1004.6250
70,fish,0.6084,972.9562,412.5938,1020.5438,448.0312,996.7500,430.3125
70,fish,0.5410,628.3125,996.4125,678.9375,1030.8375,653.6250,1013.6250
71,fish,0.7490,488.6719,1201.5000,536.7656,1242.0000,512.7188,1221.7500
71,fish,0.7188,482.0063,951.1313,531.6187,990.6187,506.8125,970.8750
71,fish,0.7139,229.8656,906.0750,276.9469,944.5500,253.4062,925.3125
71,fish,0.7026,85.7250,1217.0250,130.2750,1253.4750,108.0000,1235.2500
71,fish,0.6895,702.3375,635.6812,759.0375,687.3188,730.6875,661.5000
71,fish,0.6836,423.6469,644.0625,475.7906,694.6875,449.7188,669.3750
71,fish,0.6621,205.4953,421.9875,256.8797,459.4500,231.1875,440.7188
71,fish,0.6558,732.0938,1242.1125,787.7812,1284.6375,759.9375,1263.3750
71,fish,0.6523,906.6375,696.1500,955.2375,732.6000,930.9375,714.3750
71,fish,0.6479,707.7375,279.1687,760.3875,317.6438,734.0625,298.4062
71,fish,0.6460,489.7969,396.3375,537.8906,432.7875,513.8438,414.5625
71,fish,0.6299,902.7563,1233.0000,952.3687,1273.5000,927.5625,1253.2500
71,fish,0.6226,189.2953,665.9438,240.1734,705.4312,214.7344,685.6875
71,fish,0.6104,958.7250,987.9750,1003.2750,1022.4000,981.0000,1005.1875
71,fish,0.6084,972.9562,412.0312,1020.5438,447.4688,996.7500,429.7500
71,fish,0.5566,628.3125,996.4125,678.9375,1030.8375,653.6250,1013.6250
72,fish,0.7202,228.7266,906.1313,275.5547,945.6187,252.1406,925.8750
72,fish,0.7007,487.7437,388.6313,539.3813,428.1187,513.5625,408.3750
72,fish,0.6943,479.8125,960.7500,530.4375,1001.2500,505.1250,981.0000
72,fish,0.6738,488.0813,1212.5250,535.6688,1248.9750,511.8750,1230.7500
72,fish,0.6733,85.4156,1211.4000,130.7250,1247.8500,108.0703,1229.6250
72,fish,0.6646,708.6375,641.8687,767.3625,693.5063,738.0000,667.6875
72,fish,0.6577,708.3000,279.4219,760.9500,317.3906,734.6250,298.4062
72,fish,0.6514,732.0938,1242.1125,787.7812,1284.6375,759.9375,1263.3750
72,fish,0.6504,906.0750,696.1500,954.6750,732.6000,930.3750,714.3750
72,fish,0.6289,190.0266,668.2500,243.9422,708.7500,216.9844,688.5000
72,fish,0.6235,898.4250,1234.1250,951.0750,1274.6250,924.7500,1254.3750
72,fish,0.6226,407.9812,661.7250,461.6438,706.2750,434.8125,684.0000
72,fish,0.6060,199.4062,421.1438,250.0312,458.6062,224.7188,439.8750
72,fish,0.5962,957.0375,987.4125,1001.5875,1021.8375,979.3125,1004.6250
72,fish,0.5928,972.4500,412.3406,1021.0500,448.2844,996.7500,430.3125
72,fish,0.5620,628.3125,997.4813,678.9375,1030.8937,653.6250,1014.1875
73,fish,0.7476,83.0109,1208.0250,126.8016,1244.4750,104.9062,1226.2500
73,fish,0.7153,487.6031,382.8656,536.7094,419.8219,512.1562,401.3438
73,fish,0.7129,394.5938,676.2375,450.2812,718.7625,422.4375,697.5000
73,fish,0.7026,713.1375,644.9062,771.8625,700.5938,742.5000,672.7500
73,fish,0.6958,232.0875,902.7000,278.6625,941.1750,255.3750,921.9375
73,fish,0.6836,477.0562,968.0063,528.6938,1007.4937,502.8750,987.7500
73,fish,0.6582,195.6094,669.9375,248.7656,710.4375,222.1875,690.1875
73,fish,0.6567,193.5000,419.2031,244.1250,457.1719,218.8125,438.1875
73,fish,0.6548,485.9156,1217.0250,535.0219,1253.4750,510.4688,1235.2500
73,fish,0.6523,732.0938,1242.1125,787.7812,1284.6375,759.9375,1263.3750
73,fish,0.6489,906.0750,696.1500,954.6750,732.6000,930.3750,714.3750
73,fish,0.6479,708.3000,280.5469,760.9500,318.5156,734.6250,299.5312
73,fish,0.6235,955.3500,987.4125,999.9000,1021.8375,977.6250,1004.6250
73,fish,0.6162,897.2437,1234.1250,948.8813,1274.6250,923.0625,1254.3750
73,fish,0.5918,972.4500,412.3125,1021.0500,447.7500,996.7500,430.0312
73,fish,0.5610,629.3250,998.5500,677.9250,1030.9500,653.6250,1014.7500
74,fish,0.7124,82.9828,1206.9000,126.2672,1243.3500,104.6250,1225.1250
74,fish,0.7041,384.1875,692.9438,434.8125,732.4312,409.5000,712.6875
74,fish,0.6870,187.3406,419.4844,238.4719,457.4531,212.9062,438.4688
74,fish,0.6807,472.9781,977.5125,522.0844,1015.9875,497.5312,996.7500
74,fish,0.6577,708.2437,279.9563,759.8813,317.4187,734.0625,298.6875
74,fish,0.6538,906.0750,696.6562,954.6750,732.0938,930.3750,714.3750
74,fish,0.6470,233.4094,886.3875,278.4656,924.8625,255.9375,905.6250
74,fish,0.6460,733.1625,1242.1125,787.8375,1284.6375,760.5000,1263.3750
74,fish,0.6387,482.3156,377.6906,532.4344,417.6844,507.3750,397.6875
74,fish,0.6387,953.1562,987.4125,998.7188,1021.8375,975.9375,1004.6250
74,fish,0.6353,485.3813,1219.2750,534.9937,1255.7250,510.1875,1237.5000
74,fish,0.6260,200.1094,672.7500,253.2656,713.2500,226.6875,693.0000
74,fish,0.6167,720.5625,644.8500,781.3125,699.5250,750.9375,672.1875
74,fish,0.6094,897.3000,1235.2500,949.9500,1275.7500,923.6250,1255.5000
74,fish,0.5850,972.4500,412.0594,1021.0500,448.0031,996.7500,430.0312
74,fish,0.5737,629.3813,998.5500,678.9937,1030.9500,654.1875,1014.7500
75,fish,0.7090,228.9375,880.8750,274.5000,921.3750,251.7188,901.1250
75,fish,0.7090,469.7437,985.3875,521.3813,1023.8625,495.5625,1004.6250
75,fish,0.6953,181.3500,422.2125,230.9625,458.6625,206.1562,440.4375
75,fish,0.6885,379.7437,695.8125,431.3813,736.3125,405.5625,716.0625
75,fish,0.6816,706.1063,281.3625,759.7687,318.8250,732.9375,300.0938
75,fish,0.6782,203.7375,675.5625,256.3875,716.0625,230.0625,695.8125
75,fish,0.6748,486.4500,1221.7500,535.0500,1262.2500,510.7500,1242.0000
75,fish,0.6621,474.1594,372.9375,524.2781,413.4375,499.2188,393.1875
75,fish,0.6514,906.0750,696.1500,954.6750,732.6000,930.3750,714.3750
75,fish,0.6470,732.0938,1244.2500,787.7812,1284.7500,759.9375,1264.5000
75,fish,0.6440,733.3875,648.2812,792.1125,703.9688,762.7500,676.1250
75,fish,0.6299,952.5938,987.4125,998.1562,1021.8375,975.3750,1004.6250
75,fish,0.6279,83.1305,1212.5250,126.5414,1248.9750,104.8359,1230.7500
75,fish,0.6001,897.2437,1235.2500,948.8813,1275.7500,923.0625,1255.5000
75,fish,0.5850,972.4500,412.5938,1021.0500,448.0312,996.7500,430.3125
75,fish,0.5566,629.9438,998.5500,679.5562,1030.9500,654.7500,1014.7500
76,fish,0.7202,465.9187,372.4875,519.5812,415.0125,492.7500,393.7500
76,fish,0.7090,208.0125,679.4438,261.6750,718.9312,234.8438,699.1875
76,fish,0.7056,469.7156,987.1313,520.8469,1026.6188,495.2812,1006.8750
76,fish,0.6978,705.5438,281.3906,759.2062,319.3594,732.3750,300.3750
76,fish,0.6899,226.7438,883.0125,273.3188,921.4875,250.0312,902.2500
76,fish,0.6738,175.8094,423.9000,226.9406,460.3500,201.3750,442.1250
76,fish,0.6714,378.1125,694.7437,430.7625,736.2563,404.4375,715.5000
76,fish,0.6602,82.8984,1220.4000,127.1953,1256.8500,105.0469,1238.6250
76,fish,0.6567,493.5375,1229.4000,538.0875,1265.8500,515.8125,1247.6250
76,fish,0.6548,731.0250,1244.2500,787.7250,1284.7500,759.3750,1264.5000
76,fish,0.6523,906.0750,696.1500,954.6750,732.6000,930.3750,714.3750
76,fish,0.6318,740.0812,649.9125,797.7938,704.5875,768.9375,677.2500
76,fish,0.6104,950.9625,987.9188,997.5375,1021.3312,974.2500,1004.6250
76,fish,0.5957,896.7375,1235.2500,949.3875,1275.7500,923.0625,1255.5000
76,fish,0.5938,972.4500,412.0312,1021.0500,447.4688,996.7500,429.7500
76,fish,0.5679,629.4375,998.5500,680.0625,1030.9500,654.7500,1014.7500
77,fish,0.7461,455.4844,378.6187,508.6406,420.1313,482.0625,399.3750
77,fish,0.7251,84.7266,1226.0250,129.0234,1262.4750,106.8750,1244.2500
77,fish,0.7231,467.4375,987.0750,518.0625,1025.5500,492.7500,1006.3125
77,fish,0.7124,210.5719,682.3125,264.7406,722.8125,237.6562,702.5625
77,fish,0.7104,705.5438,281.1375,759.2062,319.6125,732.3750,300.3750
77,fish,0.6919,227.9531,890.8875,276.0469,929.3625,252.0000,910.1250
77,fish,0.6602,731.5312,1242.1125,787.2188,1284.6375,759.3750,1263.3750
77,fish,0.6577,375.2719,696.3750,427.4156,736.8750,401.3438,716.6250
77,fish,0.6479,493.0312,1228.5000,538.5938,1269.0000,515.8125,1248.7500
77,fish,0.6436,907.1437,696.6562,954.7313,732.0938,930.9375,714.3750
77,fish,0.6309,167.3156,424.7719,217.4344,461.7281,192.3750,443.2500
77,fish,0.6177,947.5875,989.5500,994.1625,1021.9500,970.8750,1005.7500
77,fish,0.6001,896.7375,1235.2500,949.3875,1275.7500,923.0625,1255.5000
77,fish,0.5928,740.1375,651.0375,798.8625,705.7125,769.5000,678.3750
77,fish,0.5850,972.4500,412.5938,1021.0500,448.0312,996.7500,430.3125
77,fish,0.5776,629.4375,998.5500,680.0625,1030.9500,654.7500,1014.7500
78,fish,0.7969,461.7563,982.0125,511.3687,1020.4875,486.5625,1001.2500
78,fish,0.7373,84.2062,1226.0250,129.2625,1262.4750,106.7344,1244.2500
78,fish,0.7139,705.0375,281.0039,759.7125,319.6055,732.3750,300.3047
78,fish,0.7026,217.0125,681.8625,270.6750,724.3875,243.8438,703.1250
78,fish,0.7026,228.5156,901.6875,276.6094,942.1875,252.5625,921.9375
78,fish,0.6929,743.3438,646.5375,799.0312,701.2125,771.1875,673.8750
78,fish,0.6689,441.7875,388.2094,496.4625,430.2281,469.1250,409.2188
78,fish,0.6636,946.3500,989.5500,990.9000,1021.9500,968.6250,1005.7500
78,fish,0.6577,492.7500,1224.0000,538.3125,1264.5000,515.5312,1244.2500
78,fish,0.6533,731.5312,1242.1125,787.2188,1284.6375,759.3750,1263.3750
78,fish,0.6514,906.0750,696.1500,954.6750,732.6000,930.3750,714.3750
78,fish,0.6440,374.1750,696.3750,426.8250,736.8750,400.5000,716.6250
78,fish,0.6299,157.8656,423.9563,210.0094,461.4187,183.9375,442.6875
78,fish,0.6021,896.1750,1235.2500,948.8250,1275.7500,922.5000,1255.5000
78,fish,0.5747,972.4500,412.6781,1021.0500,449.6344,996.7500,431.1562
78,fish,0.5728,629.4375,998.5500,680.0625,1030.9500,654.7500,1014.7500
79,fish,0.7266,83.8125,1227.1500,129.3750,1263.6000,106.5938,1245.3750
79,fish,0.7075,748.8000,637.4250,801.4500,690.0750,775.1250,663.7500
79,fish,0.7041,704.9813,280.4414,758.6437,319.0430,731.8125,299.7422
79,fish,0.6851,428.0625,396.7312,483.7500,440.2688,455.9062,418.5000
79,fish,0.6826,218.4187,682.9875,272.0813,725.5125,245.2500,704.2500
79,fish,0.6772,150.5531,422.2688,202.6969,459.7312,176.6250,441.0000
79,fish,0.6714,225.1125,914.4562,272.7000,951.9188,248.9062,933.1875
79,fish,0.6582,945.1125,991.6875,987.6375,1022.0625,966.3750,1006.8750
79,fish,0.6567,907.1437,696.1500,954.7313,732.6000,930.9375,714.3750
79,fish,0.6548,491.9062,1220.5125,537.4688,1258.9875,514.6875,1239.7500
79,fish,0.6460,731.5312,1242.1125,787.2188,1284.6375,759.3750,1263.3750
79,fish,0.6440,454.3875,977.6250,502.9875,1018.1250,478.6875,997.8750
79,fish,0.6270,376.9031,694.1812,428.0344,735.6938,402.4688,714.9375
79,fish,0.6084,896.6812,1235.2500,948.3188,1275.7500,922.5000,1255.5000
79,fish,0.5918,972.4500,413.1562,1021.0500,448.5938,996.7500,430.8750
79,fish,0.5718,629.3813,998.0438,678.9937,1031.4562,654.1875,1014.7500
80,fish,0.7661,225.0563,926.8875,274.1625,965.3625,249.6094,946.1250
80,fish,0.7075,145.0547,422.2688,196.9453,459.7312,171.0000,441.0000
80,fish,0.6841,412.5375,405.8156,467.2125,450.8719,439.8750,428.3438
80,fish,0.6748,217.4062,682.9875,273.0938,725.5125,245.2500,704.2500
80,fish,0.6738,705.0375,280.8281,759.7125,318.7969,732.3750,299.8125
80,fish,0.6714,748.9125,621.6750,803.5875,674.3250,776.2500,648.0000
80,fish,0.6665,945.7313,990.6187,989.2687,1022.0063,967.5000,1006.3125
80,fish,0.6626,442.9969,977.7375,494.1281,1020.2625,468.5625,999.0000
80,fish,0.6567,907.2000,696.1500,955.8000,732.6000,931.5000,714.3750
80,fish,0.6460,85.0781,1228.2750,130.6406,1264.7250,107.8594,1246.5000
80,fish,0.6416,488.6438,1220.5125,536.2313,1258.9875,512.4375,1239.7500
80,fish,0.6387,733.1625,1242.1125,787.8375,1284.6375,760.5000,1263.3750
80,fish,0.6040,896.1750,1235.2500,948.8250,1275.7500,922.5000,1255.5000
80,fish,0.5830,973.5750,413.2125,1022.1750,449.6625,997.8750,431.4375
80,fish,0.5640,379.0125,695.3625,432.6750,737.8875,405.8438,716.6250
80,fish,0.5332,628.3125,998.5500,678.9375,1030.9500,653.6250,1014.7500
81,fish,0.7759,224.5641,939.2062,272.4047,976.6688,248.4844,957.9375
81,fish,0.7007,747.7313,606.5438,801.3937,660.2062,774.5625,633.3750
81,fish,0.6958,488.0813,1223.7750,535.6688,1260.2250,511.8750,1242.0000
81,fish,0.6836,140.4422,422.8594,192.8391,460.8281,166.6406,441.8438
81,fish,0.6733,218.8125,680.8500,274.5000,725.4000,246.6562,703.1250
81,fish,0.6655,706.1063,281.0813,759.7687,318.5437,732.9375,299.8125
81,fish,0.6655,943.4813,990.6187,987.0187,1022.0063,965.2500,1006.3125
81,fish,0.6558,906.6375,696.1500,955.2375,732.6000,930.9375,714.3750
81,fish,0.6538,389.9250,696.4875,442.5750,739.0125,416.2500,717.7500
81,fish,0.6533,439.0031,979.3125,489.1219,1019.8125,464.0625,999.5625
81,fish,0.6504,401.8500,413.2688,456.5250,455.7937,429.1875,434.5312
81,fish,0.6426,732.6562,1239.9750,788.3438,1284.5250,760.5000,1262.2500
81,fish,0.6030,896.2313,1235.2500,949.8937,1275.7500,923.0625,1255.5000
81,fish,0.5889,972.4500,412.7063,1021.0500,450.1687,996.7500,431.4375
81,fish,0.5620,86.9344,1229.2875,133.0031,1263.7125,109.9688,1246.5000
81,fish,0.5537,629.3813,998.5500,678.9937,1030.9500,654.1875,1014.7500
82,fish,0.7041,226.4062,951.5250,274.5000,987.9750,250.4531,969.7500
82,fish,0.6919,942.3563,990.6750,985.8937,1023.0750,964.1250,1006.8750
82,fish,0.6826,487.0125,1227.2625,535.6125,1265.7375,511.3125,1246.5000
82,fish,0.6782,436.5562,978.7500,488.1938,1019.2500,462.3750,999.0000
82,fish,0.6680,139.0078,423.9563,190.8984,461.4187,164.9531,442.6875
82,fish,0.6680,402.8062,698.6812,454.4438,740.1938,428.6250,719.4375
82,fish,0.6636,743.7938,599.0625,797.4562,649.6875,770.6250,624.3750
82,fish,0.6533,906.6375,696.1500,955.2375,732.6000,930.9375,714.3750
82,fish,0.6470,732.1500,1242.1125,788.8500,1284.6375,760.5000,1263.3750
82,fish,0.6450,222.1453,679.6125,274.5422,722.1375,248.3438,700.8750
82,fish,0.6426,708.8625,279.1687,761.5125,317.6438,735.1875,298.4062
82,fish,0.6362,397.0688,414.1125,451.7437,456.6375,424.4062,435.3750
82,fish,0.6216,84.5930,1228.1625,129.0164,1262.5875,106.8047,1245.3750
82,fish,0.6152,896.1750,1233.1125,948.8250,1275.6375,922.5000,1254.3750
82,fish,0.5820,972.4500,412.6500,1021.0500,449.1000,996.7500,430.8750
82,fish,0.5601,629.3250,998.5500,677.9250,1030.9500,653.6250,1014.7500
83,fish,0.7705,224.4797,961.6500,273.3328,998.1000,248.9062,979.8750
83,fish,0.6958,941.7375,991.1812,984.2625,1022.5688,963.0000,1006.8750
83,fish,0.6953,430.0594,977.6250,481.1906,1018.1250,455.6250,997.8750
83,fish,0.6899,738.9000,598.1063,795.6000,651.7687,767.2500,624.9375
83,fish,0.6836,389.5594,415.4906,445.7531,457.5094,417.6562,436.5000
83,fish,0.6733,488.4187,1232.7750,537.0187,1269.2250,512.7188,1251.0000
83,fish,0.6655,84.7336,1226.0250,129.1570,1262.4750,106.9453,1244.2500
83,fish,0.6577,222.2719,679.5000,274.4156,720.0000,248.3438,699.7500
83,fish,0.6548,135.6609,423.9563,188.0578,461.4187,161.8594,442.6875
83,fish,0.6514,907.2000,696.1500,955.8000,732.6000,931.5000,714.3750
83,fish,0.6494,732.0938,1242.1125,787.7812,1284.6375,759.9375,1263.3750
83,fish,0.6396,414.6469,698.6250,466.7906,739.1250,440.7188,718.8750
83,fish,0.6333,708.9188,279.4781,762.5812,318.4594,735.7500,298.9688
83,fish,0.6177,896.1750,1233.1125,948.8250,1275.6375,922.5000,1254.3750
83,fish,0.5898,972.4500,412.3687,1021.0500,448.8188,996.7500,430.5938
83,fish,0.5591,629.3813,998.5500,678.9937,1030.9500,654.1875,1014.7500
84,fish,0.7759,224.5781,971.1562,272.6719,1006.5938,248.6250,988.8750
84,fish,0.7188,426.6844,977.4000,472.7531,1013.8500,449.7188,995.6250
84,fish,0.6875,940.6125,991.6875,983.1375,1022.0625,961.8750,1006.8750
84,fish,0.6748,737.7750,602.4375,794.4750,653.0625,766.1250,627.7500
84,fish,0.6567,378.2531,415.7437,433.4344,457.2563,405.8438,436.5000
84,fish,0.6567,488.1375,1244.0250,536.7375,1280.4750,512.4375,1262.2500
84,fish,0.6523,426.6000,698.6250,481.2750,739.1250,453.9375,718.8750
84,fish,0.6494,732.6562,1242.1125,788.3438,1284.6375,760.5000,1263.3750
84,fish,0.6494,907.2000,696.1500,955.8000,732.6000,931.5000,714.3750
84,fish,0.6460,133.0488,424.5750,185.2559,463.0500,159.1523,443.8125
84,fish,0.6396,709.4250,278.3531,762.0750,317.3344,735.7500,297.8438
84,fish,0.6309,220.9500,679.5000,274.6125,720.0000,247.7812,699.7500
84,fish,0.6309,80.6766,1222.7625,125.4797,1261.2375,103.0781,1242.0000
84,fish,0.6226,895.6125,1233.1125,948.2625,1275.6375,921.9375,1254.3750
84,fish,0.5898,972.4500,412.6500,1021.0500,449.1000,996.7500,430.8750
84,fish,0.5610,629.3813,998.5500,678.9937,1030.9500,654.1875,1014.7500
85,fish,0.7280,224.9016,977.4000,273.7547,1013.8500,249.3281,995.6250
85,fish,0.7104,940.6688,991.1812,984.2062,1022.5688,962.4375,1006.8750
85,fish,0.6733,221.4422,680.1187,273.8391,721.6313,247.6406,700.8750
85,fish,0.6704,418.9781,973.0125,468.0844,1011.4875,443.5312,992.2500
85,fish,0.6670,737.7750,609.8062,794.4750,661.4438,766.1250,635.6250
85,fish,0.6494,79.8469,1223.7750,124.9031,1260.2250,102.3750,1242.0000
85,fish,0.6470,709.4250,277.6289,762.0750,316.2305,735.7500,296.9297
85,fish,0.6470,361.9688,415.1812,417.6562,456.6938,389.8125,435.9375
85,fish,0.6440,907.2000,696.1500,955.8000,732.6000,931.5000,714.3750
85,fish,0.6436,488.1375,1250.7750,536.7375,1287.2250,512.4375,1269.0000
85,fish,0.6426,732.1500,1242.2250,788.8500,1286.7750,760.5000,1264.5000
85,fish,0.6289,439.5375,698.0625,494.2125,738.5625,466.8750,718.3125
85,fish,0.6235,130.1520,424.2937,180.8402,462.7688,155.4961,443.5312
85,fish,0.6235,895.0500,1233.0000,947.7000,1273.5000,921.3750,1253.2500
85,fish,0.5698,973.5750,412.6500,1022.1750,449.1000,997.8750,430.8750
85,fish,0.5332,629.9438,997.9875,679.5562,1030.3875,654.7500,1014.1875
86,fish,0.7124,223.7063,981.2812,271.2937,1016.7188,247.5000,999.0000
86,fish,0.6919,408.3188,971.7750,457.9312,1008.2250,433.1250,990.0000
86,fish,0.6807,347.3438,414.8438,403.0312,455.3438,375.1875,435.0938
86,fish,0.6772,940.6125,991.7437,983.1375,1023.1313,961.8750,1007.4375
86,fish,0.6680,219.9234,683.1000,275.3578,727.6500,247.6406,705.3750
86,fish,0.6582,119.1199,425.0813,171.2004,462.5437,145.1602,443.8125
86,fish,0.6577,741.0375,622.1812,795.7125,673.8188,768.3750,648.0000
86,fish,0.6548,81.1898,1219.2750,125.1070,1255.7250,103.1484,1237.5000
86,fish,0.6514,486.5063,1254.0375,536.1187,1288.4625,511.3125,1271.2500
86,fish,0.6426,709.4250,276.9750,762.0750,316.4625,735.7500,296.7188
86,fish,0.6426,450.1125,698.6250,502.7625,739.1250,476.4375,718.8750
86,fish,0.6396,907.2000,697.2188,955.8000,732.6562,931.5000,714.9375
86,fish,0.6372,732.1500,1242.2250,788.8500,1286.7750,760.5000,1264.5000
86,fish,0.6143,895.6125,1233.1125,948.2625,1275.6375,921.9375,1254.3750
86,fish,0.5869,973.5187,412.5938,1021.1063,448.0312,997.3125,430.3125
86,fish,0.5669,629.9438,998.5500,679.5562,1030.9500,654.7500,1014.7500
87,fish,0.7168,743.8500,636.8062,798.5250,688.4438,771.1875,662.6250
87,fish,0.7163,110.1164,425.6156,160.8680,462.5719,135.4922,444.0938
87,fish,0.6943,396.0562,978.5812,447.6938,1016.0438,421.8750,997.3125
87,fish,0.6738,939.6000,991.6875,984.1500,1022.0625,961.8750,1006.8750
87,fish,0.6689,221.4563,980.7188,269.0437,1016.1562,245.2500,998.4375
87,fish,0.6680,454.6125,698.6250,507.2625,739.1250,480.9375,718.8750
87,fish,0.6636,219.4313,689.7375,273.6000,732.2625,246.5156,711.0000
87,fish,0.6567,732.0938,1242.2250,787.7812,1286.7750,759.9375,1264.5000
87,fish,0.6548,906.6375,696.1500,955.2375,732.6000,930.9375,714.3750
87,fish,0.6533,333.7875,414.5625,388.4625,455.0625,361.1250,434.8125
87,fish,0.6494,490.8938,1250.7750,538.4813,1287.2250,514.6875,1269.0000
87,fish,0.6323,709.4250,276.9469,762.0750,315.9281,735.7500,296.4375
87,fish,0.6318,78.8625,1219.2750,123.9188,1255.7250,101.3906,1237.5000
87,fish,0.6162,895.6125,1233.1125,948.2625,1275.6375,921.9375,1254.3750
87,fish,0.5938,629.9438,999.1125,679.5562,1031.5125,654.7500,1015.3125
87,fish,0.5806,973.5187,412.0312,1021.1063,447.4688,997.3125,429.7500
88,fish,0.6929,939.6000,991.6875,984.1500,1022.0625,961.8750,1006.8750
88,fish,0.6885,221.8781,979.0312,269.4656,1014.4688,245.6719,996.7500
88,fish,0.6841,493.3687,1247.2875,539.9438,1281.7125,516.6562,1264.5000
88,fish,0.6841,385.2563,983.6437,434.8687,1021.1063,410.0625,1002.3750
88,fish,0.6670,460.2375,698.6812,512.8875,740.1938,486.5625,719.4375
88,fish,0.6655,101.2078,426.7688,151.0734,464.2312,126.1406,445.5000
88,fish,0.6592,320.9625,414.0562,377.6625,455.5688,349.3125,434.8125
88,fish,0.6592,731.0250,1242.2250,787.7250,1286.7750,759.3750,1264.5000
88,fish,0.6494,906.0750,696.1500,954.6750,732.6000,930.3750,714.3750
88,fish,0.6353,215.5359,693.1125,272.9953,735.6375,244.2656,714.3750
88,fish,0.6323,75.1852,1217.2500,121.1273,1257.7500,98.1562,1237.5000
88,fish,0.6289,707.7938,276.6938,761.4562,316.1812,734.6250,296.4375
88,fish,0.6226,743.4000,649.9125,800.1000,704.5875,771.7500,677.2500
88,fish,0.6216,895.0500,1235.2500,947.7000,1275.7500,921.3750,1255.5000
88,fish,0.5918,972.9562,411.9750,1020.5438,446.4000,996.7500,429.1875
88,fish,0.5859,630.5625,999.1125,681.1875,1031.5125,655.8750,1015.3125
89,fish,0.7212,497.1938,1236.0375,541.7437,1270.4625,519.4688,1253.2500
89,fish,0.7100,222.8344,978.4688,269.9156,1013.9062,246.3750,996.1875
89,fish,0.6895,939.6000,991.6875,984.1500,1022.0625,961.8750,1006.8750
89,fish,0.6782,370.2375,993.1500,422.8875,1029.6000,396.5625,1011.3750
89,fish,0.6558,732.1500,1241.1000,788.8500,1285.6500,760.5000,1263.3750
89,fish,0.6504,215.6203,694.2938,269.5359,737.8312,242.5781,716.0625
89,fish,0.6416,709.9875,276.9187,762.6375,315.3938,736.3125,296.1562
89,fish,0.6387,906.6375,696.1500,955.2375,732.6000,930.9375,714.3750
89,fish,0.6343,463.0500,696.5438,515.7000,740.0812,489.3750,718.3125
89,fish,0.6318,311.7937,416.3344,365.4563,458.3531,338.6250,437.3438
89,fish,0.6299,895.0500,1233.0000,947.7000,1273.5000,921.3750,1253.2500
89,fish,0.6245,77.2875,1217.1375,121.8375,1255.6125,99.5625,1236.3750
89,fish,0.6226,94.0008,428.4844,143.2336,466.4531,118.6172,447.4688
89,fish,0.6123,971.2125,410.3156,1017.7875,445.2469,994.5000,427.7812
89,fish,0.6074,743.2875,661.0500,797.9625,713.7000,770.6250,687.3750
89,fish,0.5859,630.5625,998.5500,681.1875,1030.9500,655.8750,1014.7500
90,fish,0.7461,494.9156,1228.2750,538.9594,1264.7250,516.9375,1246.5000
90,fish,0.7075,222.5391,979.5375,269.3672,1013.9625,245.9531,996.7500
90,fish,0.6758,360.1687,992.6437,413.8313,1030.1063,387.0000,1011.3750
90,fish,0.6636,213.8906,693.1125,267.0469,735.6375,240.4688,714.3750
90,fish,0.6621,87.9891,428.4563,140.3859,465.9187,114.1875,447.1875
90,fish,0.6592,733.1625,1242.1125,787.8375,1284.6375,760.5000,1263.3750
90,fish,0.6538,938.4750,990.6187,983.0250,1022.0063,960.7500,1006.3125
90,fish,0.6450,744.1875,672.1875,794.8125,722.8125,769.5000,697.5000
90,fish,0.6440,907.2000,696.1500,955.8000,732.6000,931.5000,714.3750
90,fish,0.6372,711.6750,277.7625,764.3250,316.2375,738.0000,297.0000
90,fish,0.6362,970.7062,409.5000,1018.2938,444.9375,994.5000,427.2188
90,fish,0.6299,311.2312,414.0000,364.8938,454.5000,338.0625,434.2500
90,fish,0.6177,895.0500,1235.2500,947.7000,1275.7500,921.3750,1255.5000
90,fish,0.5879,78.8625,1213.7625,123.9188,1252.2375,101.3906,1233.0000
90,fish,0.5859,463.5562,694.3500,515.1938,738.9000,489.3750,716.6250
90,fish,0.5796,630.5625,998.0438,681.1875,1031.4562,655.8750,1014.7500
91,fish,0.7622,82.9969,1207.0125,126.5344,1245.4875,104.7656,1226.2500
91,fish,0.7446,492.7219,1223.7750,537.7781,1260.2250,515.2500,1242.0000
91,fish,0.7090,354.6000,992.0812,409.2750,1029.5438,381.9375,1010.8125
91,fish,0.6895,223.8609,978.4688,269.1703,1013.9062,246.5156,996.1875
91,fish,0.6665,217.0125,691.9875,270.6750,734.5125,243.8438,713.2500
91,fish,0.6602,87.6797,424.5469,139.5703,462.5156,113.6250,443.5312
91,fish,0.6602,733.1625,1244.2500,787.8375,1284.7500,760.5000,1264.5000
91,fish,0.6548,309.8813,402.8062,364.5562,444.3188,337.2188,423.5625
91,fish,0.6440,907.7062,696.1500,955.2938,732.6000,931.5000,714.3750
91,fish,0.6387,970.2000,409.7812,1018.8000,445.2188,994.5000,427.5000
91,fish,0.6377,711.6750,278.8594,764.3250,316.8281,738.0000,297.8438
91,fish,0.6333,743.7938,677.3625,797.4562,730.0125,770.6250,703.6875
91,fish,0.6318,453.3469,694.8563,503.4656,738.3937,478.4062,716.6250
91,fish,0.6216,895.0500,1233.1125,947.7000,1275.6375,921.3750,1254.3750
91,fish,0.6133,939.6000,988.9875,984.1500,1021.3875,961.8750,1005.1875
91,fish,0.5776,630.5625,998.5500,681.1875,1030.9500,655.8750,1014.7500
92,fish,0.7920,84.9797,1205.7750,128.7703,1242.2250,106.8750,1224.0000
92,fish,0.6992,343.9125,991.0125,398.5875,1029.4875,371.2500,1010.2500
92,fish,0.6782,493.8188,1220.5125,538.3687,1258.9875,516.0938,1239.7500
92,fish,0.6670,218.5172,690.9188,273.9516,734.4562,246.2344,712.6875
92,fish,0.6646,309.5437,393.2156,363.2063,434.2219,336.3750,413.7188
92,fish,0.6602,733.7250,1242.1125,788.4000,1284.6375,761.0625,1263.3750
92,fish,0.6592,87.0187,424.2094,137.1375,461.1656,112.0781,442.6875
92,fish,0.6450,229.2891,972.9000,273.5859,1009.3500,251.4375,991.1250
92,fish,0.6450,971.2125,409.5000,1017.7875,444.9375,994.5000,427.2188
92,fish,0.6450,907.2000,696.1500,955.8000,732.6000,931.5000,714.3750
92,fish,0.6362,710.6063,279.4500,764.2687,317.9250,737.4375,298.6875
92,fish,0.6353,436.6125,698.6250,489.2625,739.1250,462.9375,718.8750
92,fish,0.6289,895.0500,1233.1125,947.7000,1275.6375,921.3750,1254.3750
92,fish,0.6245,743.2875,682.4813,797.9625,736.1437,770.6250,709.3125
92,fish,0.6030,938.5312,987.9188,984.0938,1021.3312,961.3125,1004.6250
92,fish,0.5786,630.5625,998.5500,681.1875,1030.9500,655.8750,1014.7500
93,fish,0.7461,307.2937,380.6719,360.9563,423.7031,334.1250,402.1875
93,fish,0.7139,83.6578,1214.7750,127.7016,1251.2250,105.6797,1233.0000
93,fish,0.6885,418.7812,701.3250,474.4688,739.8000,446.6250,720.5625
93,fish,0.6792,324.2250,983.2500,378.9000,1023.7500,351.5625,1003.5000
93,fish,0.6689,218.7984,689.7938,274.2328,733.3312,246.5156,711.5625
93,fish,0.6582,732.1500,1242.1125,788.8500,1284.6375,760.5000,1263.3750
93,fish,0.6470,234.2953,956.6437,280.1109,994.1063,257.2031,975.3750
93,fish,0.6377,710.6063,279.4781,764.2687,318.4594,737.4375,298.9688
93,fish,0.6377,895.0500,1233.0000,947.7000,1273.5000,921.3750,1253.2500
93,fish,0.6333,907.2000,696.1500,955.8000,732.6000,931.5000,714.3750
93,fish,0.6318,971.7750,409.7531,1018.3500,444.6844,995.0625,427.2188
93,fish,0.6245,492.4688,1212.5250,538.0312,1248.9750,515.2500,1230.7500
93,fish,0.6206,939.0938,988.4813,984.6562,1021.8937,961.8750,1005.1875
93,fish,0.6030,85.7039,423.0000,134.9367,458.4375,110.3203,440.7188
93,fish,0.5830,743.7938,681.3563,797.4562,735.0187,770.6250,708.1875
93,fish,0.5796,629.4375,998.0438,680.0625,1031.4562,654.7500,1014.7500
94,fish,0.7578,306.1125,368.8875,358.7625,412.4250,332.4375,390.6562
94,fish,0.7461,85.0500,1216.0125,130.1062,1254.4875,107.5781,1235.2500
94,fish,0.7339,308.9812,972.0000,362.6438,1012.5000,335.8125,992.2500
94,fish,0.7153,81.2180,414.2531,130.7039,449.1844,105.9609,431.7188
94,fish,0.6870,232.7766,936.0000,279.0984,976.5000,255.9375,956.2500
94,fish,0.6816,393.3000,701.3250,451.0125,739.8000,422.1562,720.5625
94,fish,0.6738,492.9750,1192.5000,537.5250,1233.0000,515.2500,1212.7500
94,fish,0.6655,219.6703,686.9813,275.6109,730.5187,247.6406,708.7500
94,fish,0.6577,732.0938,1242.1125,787.7812,1284.6375,759.9375,1263.3750
94,fish,0.6416,895.5562,1234.1250,947.1938,1274.6250,921.3750,1254.3750
94,fish,0.6406,906.6375,696.1500,955.2375,732.6000,930.9375,714.3750
94,fish,0.6396,709.5375,281.3906,764.2125,319.3594,736.8750,300.3750
94,fish,0.6343,971.7750,409.7250,1018.3500,444.1500,995.0625,426.9375
94,fish,0.6216,939.0938,988.4813,984.6562,1021.8937,961.8750,1005.1875
94,fish,0.5776,743.1750,682.3687,795.8250,734.0063,769.5000,708.1875
94,fish,0.5728,629.9438,998.5500,679.5562,1030.9500,654.7500,1014.7500
95,fish,0.7759,302.3719,352.7437,358.5656,394.2563,330.4688,373.5000
95,fish,0.7417,487.0406,1179.0000,536.1469,1219.5000,511.5938,1199.2500
95,fish,0.7026,303.4125,966.3750,358.0875,1006.8750,330.7500,986.6250
95,fish,0.7007,230.9062,927.0000,276.4688,967.5000,253.6875,947.2500
95,fish,0.6978,86.4281,1214.7750,130.9781,1251.2250,108.7031,1233.0000
95,fish,0.6782,707.2875,281.6719,761.9625,319.6406,734.6250,300.6562
95,fish,0.6621,220.1062,685.2938,273.7688,728.8312,246.9375,707.0625
95,fish,0.6567,731.0250,1242.1125,787.7250,1284.6375,759.3750,1263.3750
95,fish,0.6533,79.7625,404.1844,128.3625,440.1281,104.0625,422.1562
95,fish,0.6494,372.1219,701.7750,428.3156,738.2250,400.2188,720.0000
95,fish,0.6494,971.2125,409.4719,1017.7875,444.4031,994.5000,426.9375
95,fish,0.6387,906.0750,696.1500,954.6750,732.6000,930.3750,714.3750
95,fish,0.6343,895.0500,1233.0000,947.7000,1273.5000,921.3750,1253.2500
95,fish,0.6216,939.7125,988.4813,986.2875,1021.8937,963.0000,1005.1875
95,fish,0.5898,743.0625,680.0625,793.6875,730.6875,768.3750,705.3750
95,fish,0.5879,629.4375,998.5500,680.0625,1030.9500,654.7500,1014.7500
96,fish,0.7593,301.3594,337.5562,354.5156,379.0688,327.9375,358.3125
96,fish,0.7056,706.1625,280.8844,760.8375,319.8656,733.5000,300.3750
96,fish,0.7056,483.9750,1170.0000,533.5875,1210.5000,508.7812,1190.2500
96,fish,0.6943,76.3875,397.4906,124.9875,434.4469,100.6875,415.9688
96,fish,0.6895,85.3031,1214.7750,129.8531,1251.2250,107.5781,1233.0000
96,fish,0.6772,227.5453,921.2625,273.3609,959.7375,250.4531,940.5000
96,fish,0.6636,302.7937,962.5500,356.4563,1005.0750,329.6250,983.8125
96,fish,0.6582,221.2875,680.8500,275.9625,725.4000,248.6250,703.1250
96,fish,0.6577,748.1250,674.3250,798.7500,722.9250,773.4375,698.6250
96,fish,0.6577,971.7750,409.1906,1018.3500,444.1219,995.0625,426.6562
96,fish,0.6548,731.0250,1242.1125,787.7250,1284.6375,759.3750,1263.3750
96,fish,0.6426,906.0750,696.1500,954.6750,732.6000,930.3750,714.3750
96,fish,0.6333,354.0938,696.3188,409.7812,735.8062,381.9375,716.0625
96,fish,0.6309,896.1750,1233.0000,948.8250,1273.5000,922.5000,1253.2500
96,fish,0.6299,939.0938,988.4813,984.6562,1021.8937,961.8750,1005.1875
96,fish,0.5898,629.9438,999.1125,679.5562,1031.5125,654.7500,1015.3125
97,fish,0.7358,703.9125,281.1938,758.5875,320.6812,731.2500,300.9375
97,fish,0.6978,301.7250,324.2531,356.4000,364.2469,329.0625,344.2500
97,fish,0.6943,302.7375,960.8625,355.3875,1003.3875,329.0625,982.1250
97,fish,0.6919,488.0813,1171.0125,535.6688,1209.4875,511.8750,1190.2500
97,fish,0.6899,229.8516,915.0750,276.6797,953.5500,253.2656,934.3125
97,fish,0.6768,78.4055,392.6812,127.8914,429.1313,103.1484,410.9062
97,fish,0.6768,221.2312,680.7938,274.8938,724.3312,248.0625,702.5625
97,fish,0.6665,748.2938,656.0438,801.9562,709.7062,775.1250,682.8750
97,fish,0.6611,971.2125,409.4719,1017.7875,444.4031,994.5000,426.9375
97,fish,0.6582,732.0938,1242.1125,787.7812,1284.6375,759.9375,1263.3750
97,fish,0.6514,86.4141,1213.5375,130.7109,1247.9625,108.5625,1230.7500
97,fish,0.6479,344.4187,694.6875,398.0813,735.1875,371.2500,714.9375
97,fish,0.6440,906.0750,696.1500,954.6750,732.6000,930.3750,714.3750
97,fish,0.6333,895.5562,1235.2500,947.1938,1275.7500,921.3750,1255.5000
97,fish,0.6084,939.1500,987.4125,985.7250,1021.8375,962.4375,1004.6250
97,fish,0.5879,630.0000,999.1125,680.6250,1031.5125,655.3125,1015.3125
98,fish,0.7578,225.9563,922.3875,273.5437,960.8625,249.7500,941.6250
98,fish,0.7168,703.9125,281.6227,758.5875,321.2367,731.2500,301.4297
98,fish,0.6909,492.3562,1185.5250,535.8937,1221.9750,514.1250,1203.7500
98,fish,0.6899,305.0156,963.0000,358.1719,1003.5000,331.5938,983.2500
98,fish,0.6841,302.2312,309.8531,355.8938,348.8344,329.0625,329.3438
98,fish,0.6782,216.7312,680.2875,270.3938,724.8375,243.5625,702.5625
98,fish,0.6738,748.8000,649.8000,801.4500,702.4500,775.1250,676.1250
98,fish,0.6724,971.7750,408.6562,1018.3500,444.0938,995.0625,426.3750
98,fish,0.6636,88.8047,1210.1625,133.1016,1244.5875,110.9531,1227.3750
98,fish,0.6602,732.0375,1244.2500,786.7125,1284.7500,759.3750,1264.5000
98,fish,0.6533,333.6750,694.6875,386.3250,735.1875,360.0000,714.9375
98,fish,0.6533,906.0750,696.1500,954.6750,732.6000,930.3750,714.3750
98,fish,0.6494,77.0906,384.8625,126.9562,422.3250,102.0234,403.5938
98,fish,0.6362,895.5562,1233.0000,947.1938,1273.5000,921.3750,1253.2500
98,fish,0.5957,939.6000,988.4813,984.1500,1021.8937,961.8750,1005.1875
98,fish,0.5928,629.4375,998.5500,680.0625,1030.9500,654.7500,1014.7500
99,fish,0.7852,226.2375,939.1500,273.8250,975.6000,250.0312,957.3750
99,fish,0.7534,87.6094,1205.7750,133.1719,1242.2250,110.3906,1224.0000
99,fish,0.7358,304.3125,300.1500,354.9375,336.6000,329.6250,318.3750
99,fish,0.7266,307.0125,965.2500,360.6750,1005.7500,333.8438,985.5000
99,fish,0.7217,702.7875,280.3500,757.4625,319.8375,730.1250,300.0938
99,fish,0.6978,748.8000,646.4250,801.4500,699.0750,775.1250,672.7500
99,fish,0.6807,970.7062,408.6562,1018.2938,444.0938,994.5000,426.3750
99,fish,0.6724,212.2031,680.7938,265.3594,724.3312,238.7812,702.5625
99,fish,0.6592,77.3156,378.0562,127.4344,414.5063,102.3750,396.2812
99,fish,0.6582,326.4187,693.1125,380.0813,735.6375,353.2500,714.3750
99,fish,0.6567,906.0750,696.1500,954.6750,732.6000,930.3750,714.3750
99,fish,0.6533,731.5312,1242.1125,787.2188,1284.6375,759.3750,1263.3750
99,fish,0.6426,492.9750,1194.6375,537.5250,1233.1125,515.2500,1213.8750
99,fish,0.6353,895.5562,1234.1250,947.1938,1274.6250,921.3750,1254.3750
99,fish,0.6040,939.0375,988.4813,983.5875,1021.8937,961.3125,1005.1875
99,fish,0.6001,629.4375,999.1125,680.0625,1031.5125,654.7500,1015.3125
100,fish,0.7930,82.7438,1194.7500,129.3187,1235.2500,106.0312,1215.0000
100,fish,0.7231,304.3406,294.8906,355.4719,332.8594,329.9062,313.8750
100,fish,0.7124,701.6625,278.9438,756.3375,318.4312,729.0000,298.6875
100,fish,0.7090,225.3938,953.8312,272.9812,991.2938,249.1875,972.5625
100,fish,0.7041,310.0781,970.7625,363.2344,1009.2375,336.6562,990.0000
100,fish,0.6841,748.1812,648.5625,799.8188,699.1875,774.0000,673.8750
100,fish,0.6826,494.8313,1202.4000,537.3563,1238.8500,516.0938,1220.6250
100,fish,0.6782,971.2125,408.6562,1017.7875,444.0938,994.5000,426.3750
100,fish,0.6714,208.8000,677.3625,261.4500,719.8875,235.1250,698.6250
100,fish,0.6548,77.6391,371.0813,128.5172,408.5437,103.0781,389.8125
100,fish,0.6533,731.0250,1242.1125,787.7250,1284.6375,759.3750,1263.3750
100,fish,0.6504,907.2000,696.7125,955.8000,733.1625,931.5000,714.9375
100,fish,0.6260,895.0500,1235.2500,947.7000,1275.7500,921.3750,1255.5000
100,fish,0.6162,938.5312,988.5375,984.0938,1022.9625,961.3125,1005.7500
100,fish,0.6143,326.3906,693.7313,379.5469,737.2687,352.9688,715.5000
100,fish,0.5957,629.3250,999.6750,677.9250,1032.0750,653.6250,1015.8750
101,fish,0.7993,80.2687,1190.0250,125.3250,1226.4750,102.7969,1208.2500
101,fish,0.7720,225.6469,970.5375,272.7281,1004.9625,249.1875,987.7500
101,fish,0.7358,303.8625,291.5437,356.5125,330.0188,330.1875,310.7812
101,fish,0.7324,78.8766,366.5813,129.2484,404.0437,104.0625,385.3125
101,fish,0.7056,312.3000,975.2625,364.9500,1013.7375,338.6250,994.5000
101,fish,0.6992,492.9750,1208.0250,537.5250,1244.4750,515.2500,1226.2500
101,fish,0.6899,700.5375,279.3164,755.2125,317.9180,727.8750,298.6172
101,fish,0.6758,971.2125,408.6562,1017.7875,444.0938,994.5000,426.3750
101,fish,0.6680,209.2922,673.4813,260.6766,717.0187,234.9844,695.2500
101,fish,0.6558,732.0938,1242.1125,787.7812,1284.6375,759.9375,1263.3750
101,fish,0.6416,907.2000,696.7125,955.8000,733.1625,931.5000,714.9375
101,fish,0.6235,895.0500,1235.2500,947.7000,1275.7500,921.3750,1255.5000
101,fish,0.6133,937.4625,988.5375,984.0375,1022.9625,960.7500,1005.7500
101,fish,0.6050,744.3563,653.6250,798.0187,704.2500,771.1875,678.9375
101,fish,0.6011,320.7937,692.1562,374.4563,737.7188,347.6250,714.9375
101,fish,0.5869,629.3813,998.6063,678.9937,1032.0187,654.1875,1015.3125
102,fish,0.7798,79.9313,1178.8875,123.9750,1217.3625,101.9531,1198.1250
102,fish,0.7280,313.9875,978.1313,366.6375,1017.6187,340.3125,997.8750
102,fish,0.7202,303.8625,291.2625,356.5125,329.7375,330.1875,310.5000
102,fish,0.7139,700.5375,278.6977,755.2125,316.2867,727.8750,297.4922
102,fish,0.7104,222.6375,981.2812,271.2375,1016.7188,246.9375,999.0000
102,fish,0.6768,77.5195,363.7125,126.2461,400.1625,101.8828,381.9375
102,fish,0.6704,971.2125,408.6562,1017.7875,444.0938,994.5000,426.3750
102,fish,0.6523,732.6562,1244.2500,788.3438,1284.7500,760.5000,1264.5000
102,fish,0.6372,907.2000,696.7125,955.8000,733.1625,931.5000,714.9375
102,fish,0.6226,896.0625,1235.2500,946.6875,1275.7500,921.3750,1255.5000
102,fish,0.6162,209.3484,671.7375,261.7453,714.2625,235.5469,693.0000
102,fish,0.6123,490.7812,1213.7625,536.3438,1252.2375,513.5625,1233.0000
102,fish,0.6094,938.5312,988.5375,984.0938,1022.9625,961.3125,1005.7500
102,fish,0.5898,741.0375,656.6625,795.7125,711.3375,768.3750,684.0000
102,fish,0.5806,628.3125,998.6063,678.9375,1032.0187,653.6250,1015.3125
102,fish,0.5322,324.3938,680.0625,382.1062,730.6875,353.2500,705.3750
103,fish,0.7339,304.3687,291.8250,356.0063,330.3000,330.1875,311.0625
103,fish,0.7251,80.8031,1174.2750,125.3531,1210.7250,103.0781,1192.5000
103,fish,0.7031,315.4219,981.0000,368.5781,1021.5000,342.0000,1001.2500
103,fish,0.6860,702.1688,277.1719,755.8312,315.1406,729.0000,296.1562
103,fish,0.6714,227.2500,987.3563,272.8125,1020.7687,250.0312,1004.0625
103,fish,0.6592,971.2125,409.4438,1017.7875,443.8687,994.5000,426.6562
103,fish,0.6548,337.9219,678.4875,386.0156,721.0125,361.9688,699.7500
103,fish,0.6548,487.8000,1219.5000,535.3875,1260.0000,511.5938,1239.7500
103,fish,0.6440,906.6375,696.7125,955.2375,733.1625,930.9375,714.9375
103,fish,0.6387,733.1625,1244.2500,787.8375,1284.7500,760.5000,1264.5000
103,fish,0.6377,74.3432,356.5125,122.2154,394.9875,98.2793,375.7500
103,fish,0.6323,209.4469,669.4875,263.6156,712.0125,236.5312,690.7500
103,fish,0.6250,894.9375,1235.2500,945.5625,1275.7500,920.2500,1255.5000
103,fish,0.5981,938.5312,988.5375,984.0938,1022.9625,961.3125,1005.7500
103,fish,0.5908,739.8000,671.0625,792.4500,721.6875,766.1250,696.3750
103,fish,0.5737,629.4375,998.5500,680.0625,1030.9500,654.7500,1014.7500
104,fish,0.7402,738.6750,683.3250,791.3250,731.9250,765.0000,707.6250
104,fish,0.7026,305.4937,295.1438,357.1313,332.6062,331.3125,313.8750
104,fish,0.7007,75.4945,353.7563,125.7398,393.2437,100.6172,373.5000
104,fish,0.6899,315.9844,982.7437,369.1406,1024.2562,342.5625,1003.5000
104,fish,0.6802,356.1750,665.1000,408.8250,709.6500,382.5000,687.3750
104,fish,0.6768,702.1688,276.4477,755.8312,314.0367,729.0000,295.2422
104,fish,0.6626,489.4312,1227.2625,536.0063,1265.7375,512.7188,1246.5000
104,fish,0.6567,972.3375,409.7250,1018.9125,444.1500,995.6250,426.9375
104,fish,0.6523,211.2609,668.3625,265.1766,710.8875,238.2188,689.6250
104,fish,0.6494,906.6375,696.7125,955.2375,733.1625,930.9375,714.9375
104,fish,0.6450,733.1625,1244.2500,787.8375,1284.7500,760.5000,1264.5000
104,fish,0.6226,894.9375,1235.2500,945.5625,1275.7500,920.2500,1255.5000
104,fish,0.6162,230.2031,988.9875,273.2344,1021.3875,251.7188,1005.1875
104,fish,0.6123,80.2125,1174.0500,121.7250,1206.4500,100.9688,1190.2500
104,fish,0.5928,938.5875,987.9750,985.1625,1022.4000,961.8750,1005.1875
104,fish,0.5708,629.9438,998.5500,679.5562,1030.9500,654.7500,1014.7500
105,fish,0.7251,737.5500,687.7125,790.2000,734.2875,763.8750,711.0000
105,fish,0.6836,491.9062,1225.0125,537.4688,1263.4875,514.6875,1244.2500
105,fish,0.6826,304.7625,301.7812,353.3625,337.2188,329.0625,319.5000
105,fish,0.6738,701.6625,276.7711,756.3375,315.1195,729.0000,295.9453
105,fish,0.6733,76.5000,340.8750,124.5938,381.3750,100.5469,361.1250
105,fish,0.6567,80.2266,1173.0375,121.9922,1207.4625,101.1094,1190.2500
105,fish,0.6558,316.2937,986.5125,369.9563,1024.9875,343.1250,1005.7500
105,fish,0.6548,212.4984,667.8000,265.9078,710.3250,239.2031,689.0625
105,fish,0.6494,907.2000,696.7125,955.8000,733.1625,931.5000,714.9375
105,fish,0.6479,971.2125,409.7250,1017.7875,444.1500,994.5000,426.9375
105,fish,0.6470,733.1625,1244.2500,787.8375,1284.7500,760.5000,1264.5000
105,fish,0.6377,374.7937,653.9625,428.4563,700.5375,401.6250,677.2500
105,fish,0.6245,894.9937,1235.2500,946.6313,1275.7500,920.8125,1255.5000
105,fish,0.6167,232.6078,977.9625,278.4234,1014.4125,255.5156,996.1875
105,fish,0.6001,939.6000,988.5375,984.1500,1022.9625,961.8750,1005.7500
105,fish,0.5688,629.4375,998.5500,680.0625,1030.9500,654.7500,1014.7500
106,fish,0.7266,76.1625,327.9937,125.7750,369.5063,100.9688,348.7500
106,fish,0.7153,490.2750,1218.1500,536.8500,1254.6000,513.5625,1236.3750
106,fish,0.6978,738.6750,688.2750,791.3250,734.8500,765.0000,711.5625
106,fish,0.6919,300.3469,312.7500,355.5281,353.2500,327.9375,333.0000
106,fish,0.6909,701.6625,277.2281,756.3375,316.2094,729.0000,296.7188
106,fish,0.6816,80.8875,1172.0250,121.8937,1208.4750,101.3906,1190.2500
106,fish,0.6748,315.7312,987.7500,369.3938,1028.2500,342.5625,1008.0000
106,fish,0.6582,212.2312,667.2375,265.8938,709.7625,239.0625,688.5000
106,fish,0.6523,732.6562,1244.2500,788.3438,1284.7500,760.5000,1264.5000
106,fish,0.6494,971.7750,409.4719,1018.3500,444.4031,995.0625,426.9375
106,fish,0.6460,906.6375,696.7125,955.2375,733.1625,930.9375,714.9375
106,fish,0.6450,394.6500,640.5750,451.3500,689.1750,423.0000,664.8750
106,fish,0.6206,240.8063,968.3438,282.3188,1003.7812,261.5625,986.0625
106,fish,0.6152,893.9250,1233.1125,946.5750,1275.6375,920.2500,1254.3750
106,fish,0.5938,938.5312,988.4813,984.0938,1021.8937,961.3125,1005.1875
106,fish,0.5796,630.0000,998.6063,680.6250,1032.0187,655.3125,1015.3125
107,fish,0.7505,298.4625,331.4812,355.1625,375.0188,326.8125,353.2500
107,fish,0.7104,77.5406,315.8438,126.6469,356.3438,102.0938,336.0938
107,fish,0.7056,701.6625,277.9523,756.3375,317.3133,729.0000,297.6328
107,fish,0.7007,313.9875,987.6938,366.6375,1027.1813,340.3125,1007.4375
107,fish,0.6836,420.3000,628.2000,472.9500,676.8000,446.6250,652.5000
107,fish,0.6689,244.2094,954.7875,286.2281,989.2125,265.2188,972.0000
107,fish,0.6523,213.0609,666.6750,266.4703,709.2000,239.7656,687.9375
107,fish,0.6514,733.1625,1242.1125,787.8375,1284.6375,760.5000,1263.3750
107,fish,0.6426,906.6938,696.1500,956.3062,732.6000,931.5000,714.3750
107,fish,0.6377,971.7750,409.7531,1018.3500,444.6844,995.0625,427.2188
107,fish,0.6343,80.6063,1173.1500,121.6125,1209.6000,101.1094,1191.3750
107,fish,0.6196,741.6562,686.7000,797.3438,735.3000,769.5000,711.0000
107,fish,0.6162,892.8000,1233.1125,945.4500,1275.6375,919.1250,1254.3750
107,fish,0.6040,488.5875,1211.5125,535.1625,1249.9875,511.8750,1230.7500
107,fish,0.5962,938.4750,988.5375,983.0250,1022.9625,960.7500,1005.7500
107,fish,0.5776,630.5625,998.5500,681.1875,1030.9500,655.8750,1014.7500
108,fish,0.7720,301.1625,353.3906,355.8375,396.4219,328.5000,374.9062
108,fish,0.7231,311.7375,986.0625,364.3875,1026.5625,338.0625,1006.3125
108,fish,0.7104,79.4391,303.6938,127.2797,343.1812,103.3594,323.4375
108,fish,0.7075,699.5250,278.1281,756.2250,318.1219,727.8750,298.1250
108,fish,0.6826,239.9062,943.6500,285.4688,980.1000,262.6875,961.8750
108,fish,0.6514,733.1625,1242.1125,787.8375,1284.6375,760.5000,1263.3750
108,fish,0.6426,441.1125,615.8250,493.7625,664.4250,467.4375,640.1250
108,fish,0.6416,907.2000,696.7125,955.8000,733.1625,931.5000,714.9375
108,fish,0.6406,80.2406,1174.2750,122.2594,1210.7250,101.2500,1192.5000
108,fish,0.6353,488.6438,1217.0250,536.2313,1253.4750,512.4375,1235.2500
108,fish,0.6318,970.7062,409.7812,1018.2938,445.2188,994.5000,427.5000
108,fish,0.6196,214.9031,666.0000,268.5656,706.5000,241.7344,686.2500
108,fish,0.6162,743.4000,684.5625,800.1000,735.1875,771.7500,709.8750
108,fish,0.6133,892.8000,1235.2500,945.4500,1275.7500,919.1250,1255.5000
108,fish,0.5947,938.4750,989.0438,983.0250,1022.4562,960.7500,1005.7500
108,fish,0.5806,630.5625,998.5500,681.1875,1030.9500,655.8750,1014.7500
109,fish,0.7310,300.0375,368.5781,354.7125,411.6094,327.3750,390.0938
109,fish,0.7090,311.1187,984.3750,362.7563,1024.8750,336.9375,1004.6250
109,fish,0.6958,82.5398,1181.0250,124.1789,1217.4750,103.3594,1199.2500
109,fish,0.6953,79.8328,290.1656,128.4328,329.1469,104.1328,309.6562
109,fish,0.6909,217.9125,662.7375,272.5875,705.2625,245.2500,684.0000
109,fish,0.6899,701.1562,278.4094,756.8438,318.4031,729.0000,298.4062
109,fish,0.6895,491.9062,1228.2750,537.4688,1264.7250,514.6875,1246.5000
109,fish,0.6670,462.2625,606.9375,515.9250,657.5625,489.0938,632.2500
109,fish,0.6523,733.1625,1242.1125,787.8375,1284.6375,760.5000,1263.3750
109,fish,0.6396,907.2000,696.7125,955.8000,733.1625,931.5000,714.9375
109,fish,0.6333,740.6437,682.7625,798.3563,731.3625,769.5000,707.0625
109,fish,0.6318,233.4516,939.2062,281.7984,976.6688,257.6250,957.9375
109,fish,0.6196,970.7062,410.0625,1018.2938,445.5000,994.5000,427.7812
109,fish,0.6177,892.7437,1235.2500,944.3813,1275.7500,918.5625,1255.5000
109,fish,0.6040,938.4750,989.0438,983.0250,1022.4562,960.7500,1005.7500
109,fish,0.5859,630.5625,999.1125,681.1875,1031.5125,655.8750,1015.3125
110,fish,0.8032,85.5703,1189.9125,129.8672,1224.3375,107.7188,1207.1250
110,fish,0.7324,479.9250,605.5875,532.5750,652.1625,506.2500,628.8750
110,fish,0.7153,702.7875,278.8875,757.4625,317.3625,730.1250,298.1250
110,fish,0.7124,301.0500,383.6250,353.7000,424.1250,327.3750,403.8750
110,fish,0.6899,217.9125,660.6000,272.5875,705.1500,245.2500,682.8750
110,fish,0.6768,82.6945,279.8719,130.9148,315.8156,106.8047,297.8438
110,fish,0.6567,731.5875,1242.1125,788.2875,1284.6375,759.9375,1263.3750
110,fish,0.6440,311.0625,983.2500,361.6875,1023.7500,336.3750,1003.5000
110,fish,0.6436,907.2000,696.7125,955.8000,733.1625,931.5000,714.9375
110,fish,0.6245,892.1812,1233.1125,943.8188,1275.6375,918.0000,1254.3750
110,fish,0.6226,492.4969,1238.2875,538.5656,1272.7125,515.5312,1255.5000
110,fish,0.6177,741.2625,680.6812,799.9875,732.3188,770.6250,706.5000
110,fish,0.6060,230.6250,936.4500,278.7188,974.9250,254.6719,955.6875
110,fish,0.6040,971.2125,410.3438,1017.7875,445.7812,994.5000,428.0625
110,fish,0.5840,938.4750,989.0438,983.0250,1022.4562,960.7500,1005.7500
110,fish,0.5688,630.5625,998.5500,681.1875,1030.9500,655.8750,1014.7500
111,fish,0.7231,87.3703,1196.7750,132.4266,1233.2250,109.8984,1215.0000
111,fish,0.7104,702.7875,279.4219,757.4625,317.3906,730.1250,298.4062
111,fish,0.6943,218.1937,661.6688,272.8687,705.2062,245.5312,683.4375
111,fish,0.6826,485.2125,607.9500,536.8500,656.5500,511.0312,632.2500
111,fish,0.6626,731.0250,1242.1125,787.7250,1284.6375,759.3750,1263.3750
111,fish,0.6558,739.0125,677.8125,797.7375,728.4375,768.3750,703.1250
111,fish,0.6538,489.7688,1244.0250,537.3563,1280.4750,513.5625,1262.2500
111,fish,0.6533,82.5047,275.9062,129.8391,311.3438,106.1719,293.6250
111,fish,0.6514,297.5625,392.0063,348.1875,431.4937,322.8750,411.7500
111,fish,0.6440,907.2000,697.2750,955.8000,733.7250,931.5000,715.5000
111,fish,0.6250,310.5000,982.0125,361.1250,1020.4875,335.8125,1001.2500
111,fish,0.6226,892.1812,1233.1125,943.8188,1275.6375,918.0000,1254.3750
111,fish,0.6196,228.7828,934.8750,276.6234,975.3750,252.7031,955.1250
111,fish,0.6187,970.1437,410.3438,1017.7313,445.7812,993.9375,428.0625
111,fish,0.5850,938.4750,989.5500,983.0250,1021.9500,960.7500,1005.7500
111,fish,0.5698,630.5625,998.5500,681.1875,1030.9500,655.8750,1014.7500
112,fish,0.7920,87.1734,1207.9125,129.9516,1242.3375,108.5625,1225.1250
112,fish,0.7026,702.7875,279.4219,757.4625,317.3906,730.1250,298.4062
112,fish,0.6724,217.6594,662.7375,272.8406,705.2625,245.2500,684.0000
112,fish,0.6665,744.5250,670.9500,801.2250,719.5500,772.8750,695.2500
112,fish,0.6655,731.0250,1242.1125,787.7250,1284.6375,759.3750,1263.3750
112,fish,0.6494,229.3031,932.1187,276.3844,973.6313,252.8438,952.8750
112,fish,0.6479,299.3344,390.2625,351.4781,428.7375,325.4062,409.5000
112,fish,0.6406,84.1922,277.6148,130.2609,310.9008,107.2266,294.2578
112,fish,0.6377,310.9219,982.0125,359.0156,1020.4875,334.9688,1001.2500
112,fish,0.6343,907.2000,696.7125,955.8000,733.1625,931.5000,714.9375
112,fish,0.6250,892.1812,1235.2500,943.8188,1275.7500,918.0000,1255.5000
112,fish,0.6216,485.5500,611.4375,538.2000,662.0625,511.8750,636.7500
112,fish,0.6143,488.7563,1248.5250,538.3687,1284.9750,513.5625,1266.7500
112,fish,0.6011,970.1437,410.3438,1017.7313,445.7812,993.9375,428.0625
112,fish,0.5757,630.5063,999.1125,680.1187,1031.5125,655.3125,1015.3125
112,fish,0.5688,939.0375,989.0438,983.5875,1022.4562,961.3125,1005.7500
113,fish,0.7432,302.9062,387.1969,353.5312,426.1781,328.2188,406.6875
113,fish,0.7188,228.2344,925.8750,276.3281,966.3750,252.2812,946.1250
113,fish,0.6909,701.7188,278.6062,757.4062,317.0813,729.5625,297.8438
113,fish,0.6807,83.0812,1214.7750,128.1375,1251.2250,105.6094,1233.0000
113,fish,0.6636,484.9312,618.6375,536.5688,667.2375,510.7500,642.9375
113,fish,0.6626,731.5875,1242.1125,788.2875,1284.6375,759.9375,1263.3750
113,fish,0.6621,746.6625,652.6688,801.3375,706.3312,774.0000,679.5000
113,fish,0.6479,214.6219,666.1125,270.8156,708.6375,242.7188,687.3750
113,fish,0.6440,310.9500,982.5750,359.5500,1021.0500,335.2500,1001.8125
113,fish,0.6387,907.2000,696.7125,955.8000,733.1625,931.5000,714.9375
113,fish,0.6353,84.6984,277.1719,131.0203,310.0781,107.8594,293.6250
113,fish,0.6235,892.1812,1235.2500,943.8188,1275.7500,918.0000,1255.5000
113,fish,0.5981,970.2000,410.3438,1018.8000,445.7812,994.5000,428.0625
113,fish,0.5928,493.0875,1250.7750,539.6625,1287.2250,516.3750,1269.0000
113,fish,0.5806,939.6000,989.5500,984.1500,1021.9500,961.8750,1005.7500
113,fish,0.5776,629.9438,998.5500,679.5562,1030.9500,654.7500,1014.7500
114,fish,0.7153,747.1688,638.6063,800.8312,692.2687,774.0000,665.4375
114,fish,0.7124,309.1500,383.5688,360.7875,423.0562,334.9688,403.3125
114,fish,0.7026,230.9062,914.4562,279.0000,951.9188,254.9531,933.1875
114,fish,0.6929,702.7875,278.4586,757.4625,316.8070,730.1250,297.6328
114,fish,0.6655,218.2922,669.3750,274.7391,709.8750,246.5156,689.6250
114,fish,0.6548,732.1500,1242.1125,788.8500,1284.6375,760.5000,1263.3750
114,fish,0.6504,82.6312,1226.0250,127.1813,1262.4750,104.9062,1244.2500
114,fish,0.6470,487.7156,633.7125,538.8469,680.2875,513.2812,657.0000
114,fish,0.6416,907.2000,696.7125,955.8000,733.1625,931.5000,714.9375
114,fish,0.6406,311.7375,986.4000,359.3250,1022.8500,335.5312,1004.6250
114,fish,0.6250,892.6875,1235.2500,943.3125,1275.7500,918.0000,1255.5000
114,fish,0.6226,88.7484,279.4852,134.5641,310.9992,111.6562,295.2422
114,fish,0.6206,495.3094,1246.2750,541.3781,1282.7250,518.3438,1264.5000
114,fish,0.6030,971.8875,411.7500,1020.4875,447.1875,996.1875,429.4688
114,fish,0.6011,938.4750,989.0438,983.0250,1022.4562,960.7500,1005.7500
114,fish,0.5679,629.9438,998.0438,679.5562,1031.4562,654.7500,1014.7500
115,fish,0.7759,483.8625,651.6562,536.5125,697.2188,510.1875,674.4375
115,fish,0.7490,229.6125,907.8750,277.2000,948.3750,253.4062,928.1250
115,fish,0.6929,701.6625,278.0437,756.3375,316.5188,729.0000,297.2812
115,fish,0.6885,317.9812,376.4250,371.6438,418.9500,344.8125,397.6875
115,fish,0.6875,83.0812,1226.0250,128.1375,1262.4750,105.6094,1244.2500
115,fish,0.6704,745.0312,626.1750,800.7188,678.8250,772.8750,652.5000
115,fish,0.6592,95.3508,285.2437,137.2430,316.6313,116.2969,300.9375
115,fish,0.6582,220.6266,675.0000,276.0609,715.5000,248.3438,695.2500
115,fish,0.6538,731.0250,1242.1125,787.7250,1284.6375,759.3750,1263.3750
115,fish,0.6440,494.7188,1241.7750,540.2812,1278.2250,517.5000,1260.0000
115,fish,0.6406,310.8938,988.7062,358.4812,1026.1688,334.6875,1007.4375
115,fish,0.6372,907.2000,696.1500,955.8000,732.6000,931.5000,714.3750
115,fish,0.6250,891.6750,1233.1125,944.3250,1275.6375,918.0000,1254.3750
115,fish,0.6040,938.4750,989.0438,983.0250,1022.4562,960.7500,1005.7500
115,fish,0.5947,972.4500,412.5938,1021.0500,448.0312,996.7500,430.3125
115,fish,0.5708,628.3687,997.4813,680.0063,1030.8937,654.1875,1014.1875
116,fish,0.7461,483.4406,668.4750,533.5594,713.0250,508.5000,690.7500
116,fish,0.7324,227.6438,910.6313,275.2312,950.1187,251.4375,930.3750
116,fish,0.6885,702.2250,277.4812,756.9000,315.9563,729.5625,296.7188
116,fish,0.6738,220.8938,678.3750,273.5437,718.8750,247.2188,698.6250
116,fish,0.6626,333.6187,365.6812,385.2563,407.1938,359.4375,386.4375
116,fish,0.6602,494.7188,1237.2750,540.2812,1273.7250,517.5000,1255.5000
116,fish,0.6592,309.8250,990.9000,358.4250,1027.3500,334.1250,1009.1250
116,fish,0.6577,731.5875,1242.1125,788.2875,1284.6375,759.9375,1263.3750
116,fish,0.6416,907.2000,696.1500,955.8000,732.6000,931.5000,714.3750
116,fish,0.6299,746.5500,614.8687,799.2000,666.5063,772.8750,640.6875
116,fish,0.6279,891.5625,1235.2500,942.1875,1275.7500,916.8750,1255.5000
116,fish,0.6060,938.4750,989.0438,983.0250,1022.4562,960.7500,1005.7500
116,fish,0.5908,94.0922,287.1562,139.9078,322.5938,117.0000,304.8750
116,fish,0.5850,972.4500,412.3125,1021.0500,447.7500,996.7500,430.0312
116,fish,0.5850,84.4172,1229.2875,128.2078,1263.7125,106.3125,1246.5000
116,fish,0.5649,629.3813,998.0438,678.9937,1031.4562,654.1875,1014.7500
117,fish,0.7075,219.7969,681.8625,275.4844,724.3875,247.6406,703.1250
117,fish,0.6992,351.2250,353.9250,405.9000,396.4500,378.5625,375.1875
117,fish,0.6958,478.8562,682.7625,532.5187,731.3625,505.6875,707.0625
117,fish,0.6841,224.8734,916.8750,273.2203,957.3750,249.0469,937.1250
117,fish,0.6836,702.7875,277.7625,757.4625,316.2375,730.1250,297.0000
117,fish,0.6758,745.4813,612.0562,799.1437,663.6938,772.3125,637.8750
117,fish,0.6689,99.6961,289.2937,145.1320,322.7063,122.4141,306.0000
117,fish,0.6602,495.7875,1237.2750,540.3375,1273.7250,518.0625,1255.5000
117,fish,0.6533,732.1500,1242.1125,788.8500,1284.6375,760.5000,1263.3750
117,fish,0.6416,907.2563,696.1500,956.8687,732.6000,932.0625,714.3750
117,fish,0.6323,309.8813,989.8875,359.4937,1028.3625,334.6875,1009.1250
117,fish,0.6318,890.4937,1235.2500,942.1313,1275.7500,916.3125,1255.5000
117,fish,0.6084,938.4750,989.0438,983.0250,1022.4562,960.7500,1005.7500
117,fish,0.6021,83.4750,1228.2750,128.0250,1264.7250,105.7500,1246.5000
117,fish,0.5938,972.4500,412.0312,1021.0500,447.4688,996.7500,429.7500
117,fish,0.5630,629.4375,998.0438,680.0625,1031.4562,654.7500,1014.7500
118,fish,0.7056,366.1031,343.7437,420.2719,385.2563,393.1875,364.5000
118,fish,0.6958,703.3500,278.1914,758.0250,316.7930,730.6875,297.4922
118,fish,0.6943,225.0844,929.7563,272.1656,969.2437,248.6250,949.5000
118,fish,0.6860,218.7984,687.4875,274.2328,730.0125,246.5156,708.7500
118,fish,0.6558,84.6281,1223.7750,129.6844,1260.2250,107.1562,1242.0000
118,fish,0.6460,732.1500,1242.1125,788.8500,1284.6375,760.5000,1263.3750
118,fish,0.6426,742.1625,614.1938,796.8375,663.8062,769.5000,639.0000
118,fish,0.6387,907.2563,696.1500,956.8687,732.6000,932.0625,714.3750
118,fish,0.6309,890.4937,1233.1125,942.1313,1275.6375,916.3125,1254.3750
118,fish,0.6187,491.9625,1242.9000,538.5375,1279.3500,515.2500,1261.1250
118,fish,0.6152,106.8469,292.8375,154.4344,329.2875,130.6406,311.0625
118,fish,0.6143,309.0094,983.2500,358.1156,1023.7500,333.5625,1003.5000
118,fish,0.6094,938.4750,989.0438,983.0250,1022.4562,960.7500,1005.7500
118,fish,0.6074,477.2250,694.8563,531.9000,738.3937,504.5625,716.6250
118,fish,0.5928,972.4500,412.0312,1021.0500,447.4688,996.7500,429.7500
118,fish,0.5591,629.4375,998.0438,680.0625,1031.4562,654.7500,1014.7500
119,fish,0.7280,225.4500,941.5688,274.0500,981.0562,249.7500,961.3125
119,fish,0.7266,737.8312,618.7500,795.5438,669.3750,766.6875,644.0625
119,fish,0.6943,386.0719,338.7094,440.2406,380.7281,413.1562,359.7188
119,fish,0.6895,704.4750,279.1969,759.1500,318.1781,731.8125,298.6875
119,fish,0.6582,216.8156,691.9875,271.9969,734.5125,244.4062,713.2500
119,fish,0.6558,83.5734,1219.2750,128.6297,1255.7250,106.1016,1237.5000
119,fish,0.6450,732.6562,1242.1125,788.3438,1284.6375,760.5000,1263.3750
119,fish,0.6396,907.7625,696.1500,956.3625,732.6000,932.0625,714.3750
119,fish,0.6299,890.4375,1234.1250,941.0625,1274.6250,915.7500,1254.3750
119,fish,0.6270,480.9375,697.6125,531.5625,740.1375,506.2500,718.8750
119,fish,0.6162,938.4750,989.0438,983.0250,1022.4562,960.7500,1005.7500
119,fish,0.6030,488.5031,1248.5250,538.6219,1284.9750,513.5625,1266.7500
119,fish,0.5889,307.2375,977.6250,354.8250,1018.1250,331.0312,997.8750
119,fish,0.5879,972.4500,412.0312,1021.0500,447.4688,996.7500,429.7500
119,fish,0.5786,629.4375,998.5500,680.0625,1030.9500,654.7500,1014.7500
119,fish,0.5786,116.6625,295.5938,163.7438,331.0312,140.2031,313.3125
120,fish,0.7075,406.4062,337.5562,462.0938,379.0688,434.2500,358.3125
120,fish,0.7041,224.2406,953.1562,271.3219,988.5938,247.7812,970.8750
120,fish,0.6714,706.1625,281.1094,760.8375,319.0781,733.5000,300.0938
120,fish,0.6602,737.7750,624.3750,794.4750,675.0000,766.1250,649.6875
120,fish,0.6533,732.6562,1242.1125,788.3438,1284.6375,760.5000,1263.3750
120,fish,0.6396,126.8719,295.0312,172.9406,330.4688,149.9062,312.7500
120,fish,0.6372,214.2844,692.1000,269.4656,736.6500,241.8750,714.3750
120,fish,0.6372,306.8438,970.6500,352.4062,1007.1000,329.6250,988.8750
120,fish,0.6309,84.8391,1220.5125,128.6297,1258.9875,106.7344,1239.7500
120,fish,0.6309,907.2000,697.2188,955.8000,732.6562,931.5000,714.9375
120,fish,0.6299,890.4937,1233.1125,942.1313,1275.6375,916.3125,1254.3750
120,fish,0.6069,494.1000,1252.9125,538.6500,1287.3375,516.3750,1270.1250
120,fish,0.6021,938.5312,989.0438,984.0938,1022.4562,961.3125,1005.7500
120,fish,0.5991,488.8687,690.1313,540.5063,739.7437,514.6875,714.9375
120,fish,0.5869,972.4500,412.5375,1021.0500,446.9625,996.7500,429.7500
120,fish,0.5688,629.3813,998.0438,678.9937,1031.4562,654.1875,1014.7500
121,fish,0.7231,224.8594,959.4000,272.9531,995.8500,248.9062,977.6250
121,fish,0.7188,707.2875,281.7000,761.9625,320.1750,734.6250,300.9375
121,fish,0.7188,741.1500,637.3125,797.8500,687.9375,769.5000,662.6250
121,fish,0.7168,425.7563,338.1187,480.4312,379.6313,453.0938,358.8750
121,fish,0.6772,86.2172,1224.9000,129.5016,1261.3500,107.8594,1243.1250
121,fish,0.6670,732.1500,1242.2250,788.8500,1286.7750,760.5000,1264.5000
121,fish,0.6548,212.2312,691.9875,265.8938,734.5125,239.0625,713.2500
121,fish,0.6460,138.3469,300.1500,188.4656,336.6000,163.4062,318.3750
121,fish,0.6416,907.2000,696.7125,955.8000,733.1625,931.5000,714.9375
121,fish,0.6387,307.0969,957.0375,352.1531,991.4625,329.6250,974.2500
121,fish,0.6372,494.0437,1256.1750,537.5812,1288.5750,515.8125,1272.3750
121,fish,0.6353,889.9312,1233.1125,941.5688,1275.6375,915.7500,1254.3750
121,fish,0.6040,972.4500,412.0312,1021.0500,447.4688,996.7500,429.7500
121,fish,0.6021,939.6000,989.0438,984.1500,1022.4562,961.8750,1005.7500
121,fish,0.5767,491.5688,685.6875,541.1812,736.3125,516.3750,711.0000
121,fish,0.5679,629.4375,997.5375,680.0625,1031.9625,654.7500,1014.7500
122,fish,0.7295,706.7250,281.7563,761.4000,321.2437,734.0625,301.5000
122,fish,0.7114,316.0125,942.0187,359.5500,979.4813,337.7812,960.7500
122,fish,0.6978,438.9750,336.6562,493.6500,377.1562,466.3125,356.9062
122,fish,0.6826,745.6500,652.0500,802.3500,704.7000,774.0000,678.3750
122,fish,0.6733,146.5875,307.4625,198.2250,343.9125,172.4062,325.6875
122,fish,0.6567,208.6875,692.3813,259.3125,731.8687,234.0000,712.1250
122,fish,0.6548,229.7953,961.6500,275.6109,998.1000,252.7031,979.8750
122,fish,0.6538,731.0250,1242.2250,787.7250,1286.7750,759.3750,1264.5000
122,fish,0.6406,907.7062,697.2750,955.2938,733.7250,931.5000,715.5000
122,fish,0.6323,887.7375,1233.1125,940.3875,1275.6375,914.0625,1254.3750
122,fish,0.6279,90.2109,1215.9000,134.5078,1252.3500,112.3594,1234.1250
122,fish,0.6162,490.8375,1253.0250,537.4125,1289.4750,514.1250,1271.2500
122,fish,0.6011,938.4750,989.0438,983.0250,1022.4562,960.7500,1005.7500
122,fish,0.5957,490.9781,680.1750,540.0844,732.8250,515.5312,706.5000
122,fish,0.5947,972.9562,412.0031,1020.5438,446.9344,996.7500,429.4688
122,fish,0.5820,630.4500,999.1125,679.0500,1031.5125,654.7500,1015.3125
123,fish,0.7490,705.0375,281.7844,759.7125,321.7781,732.3750,301.7812
123,fish,0.7334,319.7250,929.0812,364.2750,966.5438,342.0000,947.8125
123,fish,0.7124,232.3406,945.9000,278.4094,982.3500,255.3750,964.1250
123,fish,0.6758,453.8250,331.8750,507.4875,372.3750,480.6562,352.1250
123,fish,0.6704,153.2250,313.6500,202.8375,350.1000,178.0312,331.8750
123,fish,0.6689,491.0063,679.9500,540.6187,728.5500,515.8125,704.2500
123,fish,0.6602,93.0797,1211.4000,138.3891,1247.8500,115.7344,1229.6250
123,fish,0.6489,732.1500,1242.1125,788.8500,1284.6375,760.5000,1263.3750
123,fish,0.6450,746.7750,666.6750,803.4750,719.3250,775.1250,693.0000
123,fish,0.6416,487.6313,1250.7750,537.2437,1287.2250,512.4375,1269.0000
123,fish,0.6333,205.4391,690.6375,253.2797,729.1125,229.3594,709.8750
123,fish,0.6318,907.2000,696.1500,955.8000,732.6000,931.5000,714.3750
123,fish,0.6250,887.1750,1235.2500,939.8250,1275.7500,913.5000,1255.5000
123,fish,0.6177,973.4625,411.4125,1020.0375,445.8375,996.7500,428.6250
123,fish,0.6143,939.0375,989.0438,983.5875,1022.4562,961.3125,1005.7500
123,fish,0.5820,629.3813,999.6750,678.9937,1032.0750,654.1875,1015.8750
124,fish,0.7476,702.7875,282.0938,757.4625,322.5938,730.1250,302.3438
124,fish,0.7075,463.2188,325.1812,518.9062,366.6938,491.0625,345.9375
124,fish,0.6816,745.1437,678.0375,802.8563,732.7125,774.0000,705.3750
124,fish,0.6768,232.6781,924.5250,279.7594,960.9750,256.2188,942.7500
124,fish,0.6733,327.3750,915.7500,378.0000,956.2500,352.6875,936.0000
124,fish,0.6621,91.0547,1212.5250,134.0859,1248.9750,112.5703,1230.7500
124,fish,0.6567,494.4937,657.0562,546.1313,708.6938,520.3125,682.8750
124,fish,0.6548,733.1625,1242.1125,787.8375,1284.6375,760.5000,1263.3750
124,fish,0.6523,160.8328,322.0594,210.6984,358.0031,185.7656,340.0312
124,fish,0.6318,908.3250,696.1500,956.9250,732.6000,932.6250,714.3750
124,fish,0.6309,971.7750,410.2875,1018.3500,444.7125,995.0625,427.5000
124,fish,0.6206,887.1750,1235.2500,939.8250,1275.7500,913.5000,1255.5000
124,fish,0.6113,938.4750,989.5500,983.0250,1021.9500,960.7500,1005.7500
124,fish,0.5962,201.3469,689.4000,246.4031,725.8500,223.8750,707.6250
124,fish,0.5850,629.3813,999.1125,678.9937,1031.5125,654.1875,1015.3125
124,fish,0.5830,491.1469,1250.7750,538.2281,1287.2250,514.6875,1269.0000
125,fish,0.7402,702.6750,282.7477,755.3250,322.3617,729.0000,302.5547
125,fish,0.7295,498.3750,633.8813,549.0000,683.4937,523.6875,658.6875
125,fish,0.7168,232.3406,911.0250,278.4094,947.4750,255.3750,929.2500
125,fish,0.6909,471.6000,320.6250,526.2750,361.1250,498.9375,340.8750
125,fish,0.6748,344.3625,909.0000,397.0125,949.5000,370.6875,929.2500
125,fish,0.6626,164.6719,330.9187,215.2969,369.3938,189.9844,350.1562
125,fish,0.6611,733.1625,1242.1125,787.8375,1284.6375,760.5000,1263.3750
125,fish,0.6426,972.3375,410.0063,1018.9125,444.4312,995.6250,427.2188
125,fish,0.6206,938.4750,990.1125,983.0250,1022.5125,960.7500,1006.3125
125,fish,0.6187,886.6125,1235.2500,939.2625,1275.7500,912.9375,1255.5000
125,fish,0.6152,909.4500,696.1500,958.0500,732.6000,933.7500,714.3750
125,fish,0.6143,743.4000,680.2875,800.1000,734.9625,771.7500,707.6250
125,fish,0.6084,88.2773,1217.0250,131.9414,1253.4750,110.1094,1235.2500
125,fish,0.5908,493.5938,1247.4000,539.1562,1283.8500,516.3750,1265.6250
125,fish,0.5669,629.3813,998.5500,678.9937,1030.9500,654.1875,1014.7500
125,fish,0.5601,191.7844,686.0812,241.9031,723.5438,216.8438,704.8125
126,fish,0.7295,698.2875,281.8125,752.9625,322.3125,725.6250,302.0625
126,fish,0.7231,367.5375,903.3750,422.2125,943.8750,394.8750,923.6250
126,fish,0.7090,498.8813,609.0750,548.4937,657.6750,523.6875,633.3750
126,fish,0.6958,169.0453,344.0813,219.9234,381.5437,194.4844,362.8125
126,fish,0.6875,478.9688,317.8687,534.6562,359.3813,506.8125,338.6250
126,fish,0.6782,229.3594,904.2750,277.4531,940.7250,253.4062,922.5000
126,fish,0.6768,185.2875,680.5125,234.9000,718.9875,210.0938,699.7500
126,fish,0.6626,972.8438,409.1625,1018.4062,443.5875,995.6250,426.3750
126,fish,0.6548,732.6562,1244.2500,788.3438,1284.7500,760.5000,1264.5000
126,fish,0.6460,85.9078,1221.5250,129.9516,1257.9750,107.9297,1239.7500
126,fish,0.6299,887.1750,1235.2500,939.8250,1275.7500,913.5000,1255.5000
126,fish,0.6279,743.4000,678.5438,800.1000,732.2062,771.7500,705.3750
126,fish,0.6084,938.4750,989.5500,983.0250,1021.9500,960.7500,1005.7500
126,fish,0.6030,910.5750,696.1500,959.1750,732.6000,934.8750,714.3750
126,fish,0.5869,494.4375,1249.6500,540.0000,1286.1000,517.2188,1267.8750
126,fish,0.5830,629.3813,998.5500,678.9937,1030.9500,654.1875,1014.7500
127,fish,0.7324,391.7250,901.1250,446.4000,941.6250,419.0625,921.3750
127,fish,0.7168,699.9188,281.9461,753.5812,322.3195,726.7500,302.1328
127,fish,0.6978,85.8656,1226.0250,130.4156,1262.4750,108.1406,1244.2500
127,fish,0.6929,175.1625,355.3875,224.7750,393.8625,199.9688,374.6250
127,fish,0.6929,175.1906,680.5125,225.3094,718.9875,200.2500,699.7500
127,fish,0.6816,497.2500,591.8062,547.8750,643.4438,522.5625,617.6250
127,fish,0.6768,972.3375,408.3469,1018.9125,443.2781,995.6250,425.8125
127,fish,0.6714,227.1656,898.7625,276.2719,937.2375,251.7188,918.0000
127,fish,0.6611,478.3500,317.8125,533.0250,358.3125,505.6875,338.0625
127,fish,0.6582,732.0938,1242.1125,787.7812,1284.6375,759.9375,1263.3750
127,fish,0.6309,886.6125,1235.2500,939.2625,1275.7500,912.9375,1255.5000
127,fish,0.6245,741.2625,680.6250,799.9875,731.2500,770.6250,705.9375
127,fish,0.6104,938.9813,990.1125,982.5187,1022.5125,960.7500,1006.3125
127,fish,0.6021,911.7000,697.2750,960.3000,733.7250,936.0000,715.5000
127,fish,0.5908,497.0250,1248.6375,543.6000,1287.1125,520.3125,1267.8750
127,fish,0.5859,629.3813,998.5500,678.9937,1030.9500,654.1875,1014.7500
128,fish,0.7402,479.4750,322.0875,534.1500,363.6000,506.8125,342.8438
128,fish,0.7139,699.3563,281.3836,753.0187,321.7570,726.1875,301.5703
128,fish,0.7104,179.4375,368.2688,230.0625,405.7312,204.7500,387.0000
128,fish,0.7041,227.0250,902.1375,276.1313,940.6125,251.5781,921.3750
128,fish,0.6929,85.7531,1226.0250,130.8094,1262.4750,108.2812,1244.2500
128,fish,0.6919,416.4750,894.4875,471.1500,937.0125,443.8125,915.7500
128,fish,0.6826,972.3375,408.0938,1018.9125,443.5312,995.6250,425.8125
128,fish,0.6602,733.1625,1242.1125,787.8375,1284.6375,760.5000,1263.3750
128,fish,0.6582,167.4281,680.5125,219.5719,718.9875,193.5000,699.7500
128,fish,0.6323,886.6125,1233.1125,939.2625,1275.6375,912.9375,1254.3750
128,fish,0.6260,497.0531,576.1688,544.1344,629.8312,520.5938,603.0000
128,fish,0.6235,740.7000,679.0500,799.4250,731.7000,770.0625,705.3750
128,fish,0.6094,938.4750,989.5500,983.0250,1021.9500,960.7500,1005.7500
128,fish,0.6094,493.7063,1244.2500,541.2938,1284.7500,517.5000,1264.5000
128,fish,0.6060,911.1375,697.2750,959.7375,733.7250,935.4375,715.5000
128,fish,0.5757,630.4500,998.5500,679.0500,1030.9500,654.7500,1014.7500
129,fish,0.7090,494.1281,1239.5250,539.1844,1275.9750,516.6562,1257.7500
129,fish,0.7075,478.4062,330.2437,534.0938,371.7563,506.2500,351.0000
129,fish,0.7041,697.1625,280.9125,751.8375,320.4000,724.5000,300.6562
129,fish,0.7041,180.5625,385.0875,231.1875,421.5375,205.8750,403.3125
129,fish,0.6807,972.3375,407.8125,1018.9125,443.2500,995.6250,425.5312
129,fish,0.6792,440.1000,888.9750,494.7750,933.5250,467.4375,911.2500
129,fish,0.6748,85.8656,1226.0250,130.4156,1262.4750,108.1406,1244.2500
129,fish,0.6738,153.6750,679.3875,208.8562,717.8625,181.2656,698.6250
129,fish,0.6689,227.4469,913.3312,276.5531,950.7938,252.0000,932.0625
129,fish,0.6621,494.7750,575.0438,541.3500,628.7062,518.0625,601.8750
129,fish,0.6538,733.1625,1242.1125,787.8375,1284.6375,760.5000,1263.3750
129,fish,0.6470,744.5250,672.4125,801.2250,727.0875,772.8750,699.7500
129,fish,0.6260,886.0500,1235.2500,938.7000,1275.7500,912.3750,1255.5000
129,fish,0.6113,938.9813,990.1125,982.5187,1022.5125,960.7500,1006.3125
129,fish,0.5991,911.7000,697.2750,960.3000,733.7250,936.0000,715.5000
129,fish,0.5776,629.3813,998.5500,678.9937,1030.9500,654.1875,1014.7500
130,fish,0.7402,228.4594,923.9625,275.5406,960.4125,252.0000,942.1875
130,fish,0.6992,479.9812,334.6875,533.6437,375.1875,506.8125,354.9375
130,fish,0.6958,698.7938,280.5469,752.4562,318.5156,725.6250,299.5312
130,fish,0.6929,746.7750,666.5625,803.4750,717.1875,775.1250,691.8750
130,fish,0.6841,973.4062,406.9688,1018.9688,442.4062,996.1875,424.6875
130,fish,0.6807,494.6625,1228.3875,539.2125,1266.8625,516.9375,1247.6250
130,fish,0.6714,139.3137,679.5562,195.4441,721.0688,167.3789,700.3125
130,fish,0.6592,86.2875,1226.0250,130.8375,1262.4750,108.5625,1244.2500
130,fish,0.6558,181.0406,398.3625,230.1469,435.8250,205.5938,417.0938
130,fish,0.6523,733.1625,1244.2500,787.8375,1284.7500,760.5000,1264.5000
130,fish,0.6514,458.6062,886.6688,512.2687,930.2062,485.4375,908.4375
130,fish,0.6318,490.7812,578.7000,536.3438,627.3000,513.5625,603.0000
130,fish,0.6216,886.0500,1233.1125,938.7000,1275.6375,912.3750,1254.3750
130,fish,0.6123,911.7000,697.2750,960.3000,733.7250,936.0000,715.5000
130,fish,0.6084,938.9813,990.6750,982.5187,1023.0750,960.7500,1006.8750
130,fish,0.5796,629.3813,998.5500,678.9937,1030.9500,654.1875,1014.7500
131,fish,0.7417,225.9703,934.7062,273.8109,972.1688,249.8906,953.4375
131,fish,0.7358,493.0312,1222.6500,538.5938,1259.1000,515.8125,1240.8750
131,fish,0.6958,701.5500,280.2094,754.2000,317.1656,727.8750,298.6875
131,fish,0.6929,748.9125,653.7375,803.5875,706.3875,776.2500,680.0625
131,fish,0.6841,129.8812,686.2500,182.0250,726.7500,155.9531,706.5000
131,fish,0.6826,471.9375,886.6125,527.6250,929.1375,499.7812,907.8750
131,fish,0.6802,972.3375,406.4062,1018.9125,441.8438,995.6250,424.1250
131,fish,0.6772,483.1875,584.4375,533.8125,635.0625,508.5000,609.7500
131,fish,0.6758,483.6656,344.8125,537.8344,385.3125,510.7500,365.0625
131,fish,0.6548,731.0250,1242.1125,787.7250,1284.6375,759.3750,1263.3750
131,fish,0.6440,86.9625,1221.5250,131.0062,1257.9750,108.9844,1239.7500
131,fish,0.6299,183.7969,409.0219,231.8906,445.9781,207.8438,427.5000
131,fish,0.6279,886.0500,1233.1125,938.7000,1275.6375,912.3750,1254.3750
131,fish,0.6177,938.4750,990.6750,983.0250,1023.0750,960.7500,1006.8750
131,fish,0.6104,911.1375,697.2750,959.7375,733.7250,935.4375,715.5000
131,fish,0.5591,629.9438,998.5500,679.5562,1030.9500,654.7500,1014.7500
132,fish,0.7637,480.0375,349.9875,534.7125,392.5125,507.3750,371.2500
132,fish,0.7461,226.0266,940.2750,274.8797,976.7250,250.4531,958.5000
132,fish,0.7202,494.6062,1221.5250,538.1437,1257.9750,516.3750,1239.7500
132,fish,0.7104,748.9688,643.6125,804.6562,696.2625,776.8125,669.9375
132,fish,0.6992,702.7313,278.8313,756.3937,316.2937,729.5625,297.5625
132,fish,0.6851,972.3375,406.4062,1018.9125,441.8438,995.6250,424.1250
132,fish,0.6567,733.1625,1242.1125,787.8375,1284.6375,760.5000,1263.3750
132,fish,0.6567,114.0680,693.5063,167.6039,732.9937,140.8359,713.2500
132,fish,0.6377,477.8438,886.7250,533.5312,931.2750,505.6875,909.0000
132,fish,0.6333,86.5687,1220.4000,131.1188,1256.8500,108.8438,1238.6250
132,fish,0.6309,910.5750,697.2750,959.1750,733.7250,934.8750,715.5000
132,fish,0.6299,886.5562,1235.2500,938.1938,1275.7500,912.3750,1255.5000
132,fish,0.6226,187.4531,419.4563,235.5469,456.9187,211.5000,438.1875
132,fish,0.6074,939.5438,990.1125,983.0812,1022.5125,961.3125,1006.3125
132,fish,0.5728,481.7812,594.5625,532.4062,645.1875,507.0938,619.8750
132,fish,0.5640,630.4500,998.5500,679.0500,1030.9500,654.7500,1014.7500
133,fish,0.7578,484.5938,606.5438,530.1562,650.0812,507.3750,628.3125
133,fish,0.7534,479.4187,353.9812,533.0812,397.5188,506.2500,375.7500
133,fish,0.7373,228.3047,945.9000,275.1328,982.3500,251.7188,964.1250
133,fish,0.6919,703.2375,278.2406,755.8875,315.1969,729.5625,296.7188
133,fish,0.6909,84.3187,1216.0125,128.8688,1254.4875,106.5938,1235.2500
133,fish,0.6826,972.3375,406.4062,1018.9125,441.8438,995.6250,424.1250
133,fish,0.6807,746.6625,636.8062,801.3375,688.4438,774.0000,662.6250
133,fish,0.6680,479.4469,887.8500,533.6156,932.4000,506.5312,910.1250
133,fish,0.6611,496.7719,1219.2750,538.7906,1255.7250,517.7812,1237.5000
133,fish,0.6470,733.1625,1242.1125,787.8375,1284.6375,760.5000,1263.3750
133,fish,0.6333,886.6125,1233.1125,939.2625,1275.6375,912.9375,1254.3750
133,fish,0.6309,190.4906,423.6750,240.1031,461.1375,215.2969,442.4062
133,fish,0.6299,101.8266,699.1313,155.2359,738.6187,128.5312,718.8750
133,fish,0.6245,910.5750,697.2188,959.1750,732.6562,934.8750,714.9375
133,fish,0.5962,938.9813,990.1125,982.5187,1022.5125,960.7500,1006.3125
133,fish,0.5649,629.3813,998.5500,678.9937,1030.9500,654.1875,1014.7500
134,fish,0.7622,479.1656,357.3000,533.3344,399.8250,506.2500,378.5625
134,fish,0.7139,82.4344,1209.2625,128.5031,1247.7375,105.4688,1228.5000
134,fish,0.6978,744.4125,630.6750,799.0875,683.3250,771.7500,657.0000
134,fish,0.6978,231.3000,930.2625,278.8875,968.7375,255.0938,949.5000
134,fish,0.6836,973.5187,406.4062,1021.1063,441.8438,997.3125,424.1250
134,fish,0.6816,702.6750,277.3687,755.3250,313.8188,729.0000,295.5938
134,fish,0.6758,480.0094,887.8500,534.1781,932.4000,507.0938,910.1250
134,fish,0.6655,95.4844,699.0750,148.6406,737.5500,122.0625,718.3125
134,fish,0.6548,733.1625,1242.1125,787.8375,1284.6375,760.5000,1263.3750
134,fish,0.6372,493.4812,1219.2750,537.0187,1255.7250,515.2500,1237.5000
134,fish,0.6289,886.0500,1235.2500,938.7000,1275.7500,912.3750,1255.5000
134,fish,0.6279,195.6094,423.3375,243.7031,459.7875,219.6562,441.5625
134,fish,0.6226,910.5750,696.7125,959.1750,733.1625,934.8750,714.9375
134,fish,0.6133,938.9813,990.6750,982.5187,1023.0750,960.7500,1006.8750
134,fish,0.5898,480.9375,611.3813,531.5625,660.9937,506.2500,636.1875
134,fish,0.5718,629.3813,998.5500,678.9937,1030.9500,654.1875,1014.7500
135,fish,0.7842,80.1492,1203.5250,126.8508,1239.9750,103.5000,1221.7500
135,fish,0.7505,492.9750,1226.0250,537.5250,1262.4750,515.2500,1244.2500
135,fish,0.7202,479.8687,359.9438,531.5063,399.4312,505.6875,379.6875
135,fish,0.7041,230.7094,917.7750,277.7906,954.2250,254.2500,936.0000
135,fish,0.6899,488.1938,883.3500,537.8062,927.9000,513.0000,905.6250
135,fish,0.6826,972.9562,406.4062,1020.5438,441.8438,996.7500,424.1250
135,fish,0.6816,700.5375,275.9906,755.2125,312.9469,727.8750,294.4688
135,fish,0.6704,89.8734,699.6375,143.2828,738.1125,116.5781,718.8750
135,fish,0.6699,742.1625,629.4375,796.8375,680.0625,769.5000,654.7500
135,fish,0.6538,732.6562,1242.1125,788.3438,1284.6375,760.5000,1263.3750
135,fish,0.6289,886.6125,1235.2500,939.2625,1275.7500,912.9375,1255.5000
135,fish,0.6162,938.9813,990.6750,982.5187,1023.0750,960.7500,1006.8750
135,fish,0.6123,911.7000,697.2750,960.3000,733.7250,936.0000,715.5000
135,fish,0.6050,203.0344,422.2688,253.1531,459.7312,228.0938,441.0000
135,fish,0.5620,629.3813,998.5500,678.9937,1030.9500,654.1875,1014.7500
135,fish,0.5610,480.3750,618.6375,531.0000,667.2375,505.6875,642.9375
136,fish,0.7280,79.1086,1194.5250,123.5320,1230.9750,101.3203,1212.7500
136,fish,0.7266,489.9094,870.3000,540.0281,912.8250,514.9688,891.5625
136,fish,0.7104,228.9938,913.2750,275.5688,949.7250,252.2812,931.5000
136,fish,0.6929,483.3281,350.7188,536.4844,391.2188,509.9062,370.9688
136,fish,0.6802,971.8312,405.9000,1019.4188,442.3500,995.6250,424.1250
136,fish,0.6792,494.1000,1232.7750,538.6500,1269.2250,516.3750,1251.0000
136,fish,0.6714,217.1250,420.0188,267.7500,457.4812,242.4375,438.7500
136,fish,0.6626,702.6750,275.3227,755.3250,312.9117,729.0000,294.1172
136,fish,0.6533,740.4750,627.1875,795.1500,677.8125,767.8125,652.5000
136,fish,0.6514,732.1500,1242.1125,788.8500,1284.6375,760.5000,1263.3750
136,fish,0.6494,86.5125,697.9500,140.1750,736.4250,113.3438,717.1875
136,fish,0.6250,886.0500,1234.2375,938.7000,1276.7625,912.3750,1255.5000
136,fish,0.6245,938.9813,990.1125,982.5187,1022.5125,960.7500,1006.3125
136,fish,0.6152,911.7000,696.7125,960.3000,733.1625,936.0000,714.9375
136,fish,0.5962,476.4937,626.0625,528.1313,676.6875,502.3125,651.3750
136,fish,0.5649,629.4375,998.5500,680.0625,1030.9500,654.7500,1014.7500
137,fish,0.7788,76.5422,1181.2500,122.8641,1221.7500,99.7031,1201.5000
137,fish,0.7090,224.7188,414.9563,275.3438,452.4187,250.0312,433.6875
137,fish,0.7090,491.0063,855.2250,540.6187,899.7750,515.8125,877.5000
137,fish,0.6978,482.6812,346.5000,534.3188,387.0000,508.5000,366.7500
137,fish,0.6802,972.3375,406.4344,1018.9125,442.3781,995.6250,424.4062
137,fish,0.6670,704.3625,277.1156,757.0125,314.0719,730.6875,295.5938
137,fish,0.6670,489.7688,1241.7750,537.3563,1278.2250,513.5625,1260.0000
137,fish,0.6665,80.7961,694.1250,135.3445,734.6250,108.0703,714.3750
137,fish,0.6592,733.1625,1242.1125,787.8375,1284.6375,760.5000,1263.3750
137,fish,0.6582,224.9156,913.2750,274.0219,949.7250,249.4688,931.5000
137,fish,0.6548,472.5562,636.1875,524.1938,686.8125,498.3750,661.5000
137,fish,0.6270,744.4125,624.9375,799.0875,675.5625,771.7500,650.2500
137,fish,0.6270,938.4750,990.1125,983.0250,1022.5125,960.7500,1006.3125
137,fish,0.6250,886.1063,1233.2250,939.7687,1277.7750,912.9375,1255.5000
137,fish,0.5991,911.7000,697.2750,960.3000,733.7250,936.0000,715.5000
137,fish,0.5747,630.5625,998.5500,681.1875,1030.9500,655.8750,1014.7500
138,fish,0.7295,481.9219,347.1187,535.0781,388.6313,508.5000,367.8750
138,fish,0.7266,225.3094,412.4531,276.4406,450.4219,250.8750,431.4375
138,fish,0.7251,224.0297,919.9688,272.3766,955.4062,248.2031,937.6875
138,fish,0.6792,972.3375,406.7156,1018.9125,442.6594,995.6250,424.6875
138,fish,0.6699,703.8000,277.7063,756.4500,315.1687,730.1250,296.4375
138,fish,0.6636,78.3703,684.1125,132.2859,726.6375,105.3281,705.3750
138,fish,0.6592,488.1938,845.2125,537.8062,891.7875,513.0000,868.5000
138,fish,0.6514,733.7250,1242.1125,788.4000,1284.6375,761.0625,1263.3750
138,fish,0.6245,938.4750,989.5500,983.0250,1021.9500,960.7500,1005.7500
138,fish,0.6226,76.9430,1167.7500,121.6195,1208.2500,99.2812,1188.0000
138,fish,0.6206,886.0500,1233.1125,938.7000,1275.6375,912.3750,1254.3750
138,fish,0.6162,746.4937,631.5750,798.1313,680.1750,772.3125,655.8750
138,fish,0.6162,911.7000,697.2750,960.3000,733.7250,936.0000,715.5000
138,fish,0.6094,465.0188,646.3687,517.6688,698.0063,491.3438,672.1875
138,fish,0.6069,489.0094,1245.2625,538.1156,1283.7375,513.5625,1264.5000
138,fish,0.5547,630.5625,998.5500,681.1875,1030.9500,655.8750,1014.7500
139,fish,0.7842,484.3687,357.2156,536.0063,398.2219,510.1875,377.7188
139,fish,0.7593,223.7625,931.2750,272.3625,967.7250,248.0625,949.5000
139,fish,0.7358,226.9125,411.2437,276.5250,447.6938,251.7188,429.4688
139,fish,0.7168,745.4250,640.5750,798.0750,689.1750,771.7500,664.8750
139,fish,0.7090,73.9969,1148.2594,117.5344,1192.3031,95.7656,1170.2812
139,fish,0.6768,485.1844,841.7812,536.3156,887.3438,510.7500,864.5625
139,fish,0.6768,972.3375,406.7156,1018.9125,442.6594,995.6250,424.6875
139,fish,0.6738,73.5047,676.2375,130.9641,718.7625,102.2344,697.5000
139,fish,0.6733,703.8000,278.8031,756.4500,315.7594,730.1250,297.2812
139,fish,0.6602,496.3500,1237.2750,540.9000,1273.7250,518.6250,1255.5000
139,fish,0.6558,733.1625,1242.1125,787.8375,1284.6375,760.5000,1263.3750
139,fish,0.6416,453.5156,662.9625,506.6719,709.5375,480.0938,686.2500
139,fish,0.6250,886.0500,1233.1125,938.7000,1275.6375,912.3750,1254.3750
139,fish,0.6226,911.1375,697.2750,959.7375,733.7250,935.4375,715.5000
139,fish,0.6094,938.9813,990.1125,982.5187,1022.5125,960.7500,1006.3125
139,fish,0.5630,631.6875,998.0438,682.3125,1031.4562,657.0000,1014.7500
140,fish,0.7534,483.7219,363.8813,533.8406,403.3687,508.7812,383.6250
140,fish,0.7266,224.0297,945.9000,272.3766,982.3500,248.2031,964.1250
140,fish,0.7168,227.4609,410.9625,276.8203,447.4125,252.1406,429.1875
140,fish,0.7168,493.8469,1221.5250,538.9031,1257.9750,516.3750,1239.7500
140,fish,0.7007,483.8062,845.7750,535.4438,892.3500,509.6250,869.0625
140,fish,0.6802,73.9969,669.3750,127.6594,709.8750,100.8281,689.6250
140,fish,0.6772,974.5875,406.6875,1021.1625,442.1250,997.8750,424.4062
140,fish,0.6704,704.9250,278.8313,757.5750,316.2937,731.2500,297.5625
140,fish,0.6636,438.3000,674.0438,490.9500,717.5812,464.6250,695.8125
140,fish,0.6533,733.1625,1242.1125,787.8375,1284.6375,760.5000,1263.3750
140,fish,0.6396,744.9750,650.9250,799.6500,703.5750,772.3125,677.2500
140,fish,0.6279,74.9813,1135.7156,121.0500,1176.7219,98.0156,1156.2188
140,fish,0.6245,911.7000,697.2750,960.3000,733.7250,936.0000,715.5000
140,fish,0.6196,884.9813,1233.2250,938.6437,1277.7750,911.8125,1255.5000
140,fish,0.6011,939.4875,989.5500,982.0125,1021.9500,960.7500,1005.7500
140,fish,0.5820,632.8125,996.9750,683.4375,1031.4000,658.1250,1014.1875
141,fish,0.7676,224.3250,959.9062,272.9250,995.3438,248.6250,977.6250
141,fish,0.7310,484.2844,861.9750,534.4031,906.5250,509.3438,884.2500
141,fish,0.7266,225.5203,411.4688,275.3859,446.9062,250.4531,429.1875
141,fish,0.7007,73.5469,1127.1375,117.8438,1165.6125,95.6953,1146.3750
141,fish,0.6978,482.6250,369.6750,533.2500,407.1375,507.9375,388.4062
141,fish,0.6885,975.7125,406.4062,1022.2875,441.8438,999.0000,424.1250
141,fish,0.6807,704.9250,278.8594,757.5750,316.8281,731.2500,297.8438
141,fish,0.6807,428.5688,683.6625,478.1812,728.2125,453.3750,705.9375
141,fish,0.6567,733.1625,1244.2500,787.8375,1284.7500,760.5000,1264.5000
141,fish,0.6460,71.9104,658.2375,126.6170,700.7625,99.2637,679.5000
141,fish,0.6289,491.3719,1214.7750,537.4406,1251.2250,514.4062,1233.0000
141,fish,0.6187,740.5312,658.8000,796.2188,711.4500,768.3750,685.1250
141,fish,0.6133,910.6313,697.2750,960.2437,733.7250,935.4375,715.5000
141,fish,0.6084,938.9813,990.1125,982.5187,1022.5125,960.7500,1006.3125
141,fish,0.5962,883.6875,1235.2500,934.3125,1275.7500,909.0000,1255.5000
141,fish,0.5566,631.7437,996.4125,683.3813,1030.8375,657.5625,1013.6250
142,fish,0.7549,225.3656,968.3438,272.4469,1003.7812,248.9062,986.0625
142,fish,0.7520,74.0021,1123.7625,119.5330,1162.2375,96.7676,1143.0000
142,fish,0.7402,483.7500,373.3313,534.3750,410.7937,509.0625,392.0625
142,fish,0.7026,488.1375,886.0500,536.7375,928.5750,512.4375,907.3125
142,fish,0.6870,224.1000,413.1281,273.7125,448.0594,248.9062,430.5938
142,fish,0.6860,704.9250,280.9477,757.5750,318.5367,731.2500,299.7422
142,fish,0.6699,975.7125,406.9688,1022.2875,442.4062,999.0000,424.6875
142,fish,0.6646,71.5166,649.8000,126.7295,692.3250,99.1230,671.0625
142,fish,0.6548,733.1625,1242.1125,787.8375,1284.6375,760.5000,1263.3750
142,fish,0.6523,417.0938,693.1125,467.7188,735.6375,442.4062,714.3750
142,fish,0.6450,737.7750,669.4875,794.4750,722.1375,766.1250,695.8125
142,fish,0.6289,911.7000,697.2750,960.3000,733.7250,936.0000,715.5000
142,fish,0.6245,491.6250,1214.7750,537.1875,1251.2250,514.4062,1233.0000
142,fish,0.6084,939.4875,990.6750,982.0125,1023.0750,960.7500,1006.8750
142,fish,0.6001,883.6875,1235.2500,934.3125,1275.7500,909.0000,1255.5000
142,fish,0.5747,632.8125,996.4125,683.4375,1030.8375,658.1250,1013.6250
143,fish,0.7402,483.1875,373.9500,533.8125,412.4250,508.5000,393.1875
143,fish,0.7373,483.8062,911.3625,535.4438,953.8875,509.6250,932.6250
143,fish,0.7104,703.8000,279.8789,756.4500,318.4805,730.1250,299.1797
143,fish,0.7026,229.1906,977.2875,274.2469,1011.7125,251.7188,994.5000
143,fish,0.7017,75.0656,1121.5125,120.1219,1159.9875,97.5938,1140.7500
143,fish,0.6943,487.0125,1221.7500,535.6125,1262.2500,511.3125,1242.0000
143,fish,0.6836,69.9750,642.4875,127.1813,685.0125,98.5781,663.7500
143,fish,0.6733,975.7125,406.4344,1022.2875,442.3781,999.0000,424.4062
143,fish,0.6558,733.1625,1242.1125,787.8375,1284.6375,760.5000,1263.3750
143,fish,0.6323,221.9062,414.4500,272.5312,452.9250,247.2188,433.6875
143,fish,0.6270,408.7125,698.6250,460.3500,739.1250,434.5312,718.8750
143,fish,0.6270,911.1375,697.2750,959.7375,733.7250,935.4375,715.5000
143,fish,0.6196,736.5938,678.0375,792.2812,732.7125,764.4375,705.3750
143,fish,0.6152,938.9813,990.1125,982.5187,1022.5125,960.7500,1006.3125
143,fish,0.6040,883.6875,1235.2500,934.3125,1275.7500,909.0000,1255.5000
143,fish,0.5640,633.3750,996.4125,684.0000,1030.8375,658.6875,1013.6250
144,fish,0.7188,703.2938,280.3500,756.9562,319.8375,730.1250,300.0938
144,fish,0.7056,482.0625,374.5125,532.6875,412.9875,507.3750,393.7500
144,fish,0.6943,479.9812,932.7375,533.6437,975.2625,506.8125,954.0000
144,fish,0.6943,76.2258,1121.5125,121.9148,1159.9875,99.0703,1140.7500
144,fish,0.6919,736.1437,681.8625,793.8563,734.5125,765.0000,708.1875
144,fish,0.6807,227.4047,981.7875,273.2203,1016.2125,250.3125,999.0000
144,fish,0.6772,71.7697,637.3125,126.4764,677.8125,99.1230,657.5625
144,fish,0.6772,490.5844,1239.4125,537.6656,1273.8375,514.1250,1256.6250
144,fish,0.6748,974.6437,406.4344,1022.2313,442.3781,998.4375,424.4062
144,fish,0.6602,732.0938,1242.1125,787.7812,1284.6375,759.9375,1263.3750
144,fish,0.6353,910.5750,697.2750,959.1750,733.7250,934.8750,715.5000
144,fish,0.6187,396.7875,698.6250,451.4625,739.1250,424.1250,718.8750
144,fish,0.6133,939.4875,990.1125,982.0125,1022.5125,960.7500,1006.3125
144,fish,0.6011,883.6875,1235.2500,934.3125,1275.7500,909.0000,1255.5000
144,fish,0.5981,223.8187,416.6438,273.4312,454.1062,248.6250,435.3750
144,fish,0.5688,632.8125,996.4125,683.4375,1030.8375,658.1250,1013.6250
145,fish,0.7373,77.8078,1123.8187,124.1297,1163.3063,100.9688,1143.5625
145,fish,0.7202,484.7063,377.0437,532.2938,415.5188,508.5000,396.2812
145,fish,0.7090,703.8563,280.6313,757.5187,320.1187,730.6875,300.3750
145,fish,0.6782,476.3813,945.1125,531.0562,987.6375,503.7188,966.3750
145,fish,0.6768,227.7141,980.1000,274.0359,1014.5250,250.8750,997.3125
145,fish,0.6680,975.7125,406.9688,1022.2875,442.4062,999.0000,424.6875
145,fish,0.6533,71.2758,633.2625,125.3180,671.7375,98.2969,652.5000
145,fish,0.6479,226.6312,420.1594,273.7125,455.0906,250.1719,437.6250
145,fish,0.6470,733.1625,1242.1125,787.8375,1284.6375,760.5000,1263.3750
145,fish,0.6309,911.1375,697.2750,959.7375,733.7250,935.4375,715.5000
145,fish,0.6235,488.7563,1255.0500,538.3687,1287.4500,513.5625,1271.2500
145,fish,0.6226,739.0125,678.9375,797.7375,729.5625,768.3750,704.2500
145,fish,0.6162,939.4875,990.1125,982.0125,1022.5125,960.7500,1006.3125
145,fish,0.6050,382.7250,700.7625,437.4000,739.2375,410.0625,720.0000
145,fish,0.6001,882.5625,1235.2500,933.1875,1275.7500,907.8750,1255.5000
145,fish,0.5581,633.3750,996.4125,684.0000,1030.8375,658.6875,1013.6250
146,fish,0.7744,482.0625,378.6750,532.6875,421.2000,507.3750,399.9375
146,fish,0.7251,225.7875,976.7250,272.8687,1011.1500,249.3281,993.9375
146,fish,0.7168,702.7313,280.5750,756.3937,319.0500,729.5625,299.8125
146,fish,0.7139,78.1312,1129.3875,125.2125,1167.8625,101.6719,1148.6250
146,fish,0.6714,483.2437,945.1125,534.8813,987.6375,509.0625,966.3750
146,fish,0.6714,973.4625,407.2500,1020.0375,442.6875,996.7500,424.9688
146,fish,0.6514,732.0938,1242.1125,787.7812,1284.6375,759.9375,1263.3750
146,fish,0.6450,747.7875,673.4250,802.4625,726.0750,775.1250,699.7500
146,fish,0.6396,368.2969,699.6375,421.4531,738.1125,394.8750,718.8750
146,fish,0.6309,489.5437,1255.2750,538.1437,1291.7250,513.8438,1273.5000
146,fish,0.6279,227.8688,422.6062,274.4438,456.0188,251.1562,439.3125
146,fish,0.6226,69.2771,630.0000,123.4143,670.5000,96.3457,650.2500
146,fish,0.6074,939.4875,990.1125,982.0125,1022.5125,960.7500,1006.3125
146,fish,0.6069,911.1375,697.2750,959.7375,733.7250,935.4375,715.5000
146,fish,0.5737,881.4375,1235.2500,932.0625,1275.7500,906.7500,1255.5000
146,fish,0.5029,633.3750,997.4813,684.0000,1030.8937,658.6875,1014.1875
147,fish,0.7461,482.9062,389.8687,533.5312,431.3813,508.2188,410.6250
147,fish,0.7153,701.6063,280.0125,755.2687,318.4875,728.4375,299.2500
147,fish,0.6875,489.0375,921.4875,538.6500,964.0125,513.8438,942.7500
147,fish,0.6826,225.4219,979.5375,273.5156,1013.9625,249.4688,996.7500
147,fish,0.6758,973.4625,406.9688,1020.0375,442.4062,996.7500,424.6875
147,fish,0.6670,750.4875,669.9375,803.1375,720.5625,776.8125,695.2500
147,fish,0.6621,731.5312,1242.1125,787.2188,1284.6375,759.3750,1263.3750
147,fish,0.6567,228.9797,422.0437,275.3016,455.4563,252.1406,438.7500
147,fish,0.6504,488.1938,1256.2875,537.8062,1290.7125,513.0000,1273.5000
147,fish,0.6504,364.4438,694.2375,419.1187,736.7625,391.7812,715.5000
147,fish,0.6333,78.8414,1139.9906,123.5180,1176.9469,101.1797,1158.4688
147,fish,0.6113,911.1375,696.7125,959.7375,733.1625,935.4375,714.9375
147,fish,0.5991,65.7352,632.2500,117.4992,672.7500,91.6172,652.5000
147,fish,0.5938,938.4750,989.5500,983.0250,1021.9500,960.7500,1005.7500
147,fish,0.5659,877.0500,1235.4750,929.7000,1280.0250,903.3750,1257.7500
147,fish,0.5088,632.8125,997.4813,683.4375,1030.8937,658.1250,1014.1875
148,fish,0.7578,489.4312,888.4125,541.0688,932.9625,515.2500,910.6875
148,fish,0.7168,749.9250,654.1875,802.5750,704.8125,776.2500,679.5000
148,fish,0.6802,701.6063,278.8313,755.2687,316.2937,728.4375,297.5625
148,fish,0.6733,225.4219,982.3500,273.5156,1016.7750,249.4688,999.5625
148,fish,0.6680,973.4625,406.9688,1020.0375,442.4062,996.7500,424.6875
148,fish,0.6665,232.7906,424.2094,276.8344,456.1031,254.8125,440.1562
148,fish,0.6646,79.3406,1159.6500,120.3469,1196.1000,99.8438,1177.8750
148,fish,0.6577,64.4062,634.3312,115.0312,671.7938,89.7188,653.0625
148,fish,0.6558,731.5312,1242.1125,787.2188,1284.6375,759.3750,1263.3750
148,fish,0.6479,481.3594,399.6000,529.4531,439.0875,505.4062,419.3438
148,fish,0.6416,488.7281,1255.1625,537.8344,1289.5875,513.2812,1272.3750
148,fish,0.6309,910.5750,696.1500,959.1750,732.6000,934.8750,714.3750
148,fish,0.5991,939.0375,989.5500,983.5875,1021.9500,961.3125,1005.7500
148,fish,0.5820,876.9937,1235.4750,928.6313,1280.0250,902.8125,1257.7500
148,fish,0.5537,361.5750,691.0875,420.3000,737.6625,390.9375,714.3750
148,fish,0.5156,632.8125,998.5500,683.4375,1030.9500,658.1250,1014.7500
149,fish,0.7563,752.1750,635.0625,804.8250,685.6875,778.5000,660.3750
149,fish,0.7153,62.4727,634.8937,112.4648,672.3563,87.4688,653.6250
149,fish,0.6841,490.9500,862.0312,539.5500,907.5938,515.2500,884.8125
149,fish,0.6807,223.4672,982.3500,271.8141,1016.7750,247.6406,999.5625
149,fish,0.6724,229.3031,419.4000,276.3844,455.8500,252.8438,437.6250
149,fish,0.6704,973.4625,406.9688,1020.0375,442.4062,996.7500,424.6875
149,fish,0.6621,483.0750,397.0125,531.6750,435.4875,507.3750,416.2500
149,fish,0.6592,700.4250,277.0594,753.0750,313.0031,726.7500,295.0312
149,fish,0.6523,732.0375,1242.1125,786.7125,1284.6375,759.3750,1263.3750
149,fish,0.6514,76.0570,1183.3875,118.7086,1221.8625,97.3828,1202.6250
149,fish,0.6416,489.8250,1254.0375,538.4250,1288.4625,514.1250,1271.2500
149,fish,0.6299,911.1375,696.7125,959.7375,733.1625,935.4375,714.9375
149,fish,0.6021,938.4750,989.5500,983.0250,1021.9500,960.7500,1005.7500
149,fish,0.5981,876.9375,1236.4875,927.5625,1279.0125,902.2500,1257.7500
149,fish,0.5796,366.4125,695.3625,421.0875,737.8875,393.7500,716.6250
149,fish,0.5303,633.8813,998.5500,683.4937,1030.9500,658.6875,1014.7500
150,fish,0.7637,61.0805,634.3875,111.3258,672.8625,86.2031,653.6250
150,fish,0.7266,77.0484,1204.7625,122.3578,1243.2375,99.7031,1224.0000
150,fish,0.6792,222.3844,982.4062,271.4906,1017.8438,246.9375,1000.1250
150,fish,0.6782,974.5875,406.4344,1021.1625,442.3781,997.8750,424.4062
150,fish,0.6768,696.6000,272.5664,751.2750,311.1680,723.9375,291.8672
150,fish,0.6626,733.1625,1242.1125,787.8375,1284.6375,760.5000,1263.3750
150,fish,0.6577,752.4000,613.8000,809.1000,666.4500,780.7500,640.1250
150,fish,0.6479,375.8344,693.1125,427.9781,735.6375,401.9062,714.3750
150,fish,0.6416,487.3500,846.3375,536.9625,892.9125,512.1562,869.6250
150,fish,0.6323,483.8062,389.2500,535.4438,429.7500,509.6250,409.5000
150,fish,0.6299,910.6313,697.2750,960.2437,733.7250,935.4375,715.5000
150,fish,0.6245,490.3875,1253.0250,538.9875,1289.4750,514.6875,1271.2500
150,fish,0.6187,229.4156,417.4875,278.5219,454.9500,253.9688,436.2188
150,fish,0.6104,939.0375,990.6750,983.5875,1023.0750,961.3125,1006.8750
150,fish,0.5859,874.7437,1236.4875,926.3813,1279.0125,900.5625,1257.7500
150,fish,0.5430,633.8813,997.4250,683.4937,1029.8250,658.6875,1013.6250
151,fish,0.7295,754.4250,601.3125,807.0750,651.9375,780.7500,626.6250
151,fish,0.7007,222.9187,978.5250,271.5188,1014.9750,247.2188,996.7500
151,fish,0.6792,59.3508,638.3250,107.5711,676.8000,83.4609,657.5625
151,fish,0.6782,974.0812,406.9688,1021.6688,442.4062,997.8750,424.6875
151,fish,0.6768,694.8563,272.6438,748.5187,310.1062,721.6875,291.3750
151,fish,0.6748,485.4375,842.9625,536.0625,889.5375,510.7500,866.2500
151,fish,0.6704,733.1625,1242.0000,787.8375,1282.5000,760.5000,1262.2500
151,fish,0.6479,910.6313,697.2750,960.2437,733.7250,935.4375,715.5000
151,fish,0.6470,386.8031,696.3750,438.9469,736.8750,412.8750,716.6250
151,fish,0.6279,79.7836,1223.7750,123.7008,1260.2250,101.7422,1242.0000
151,fish,0.6260,491.4563,1250.7750,539.0438,1287.2250,515.2500,1269.0000
151,fish,0.6060,939.6000,990.6750,984.1500,1023.0750,961.8750,1006.8750
151,fish,0.5972,487.6313,378.0000,537.2437,418.5000,512.4375,398.2500
151,fish,0.5957,229.7531,414.7312,279.8719,453.2063,254.8125,433.9688
151,fish,0.5737,871.4250,1235.4750,924.0750,1280.0250,897.7500,1257.7500
151,fish,0.5332,634.9500,996.8625,683.5500,1029.2625,659.2500,1013.0625
152,fish,0.7373,754.3687,590.0625,806.0063,640.6875,780.1875,615.3750
152,fish,0.7178,495.8438,1235.0250,541.4062,1271.4750,518.6250,1253.2500
152,fish,0.7104,487.7437,360.7312,539.3813,404.2688,513.5625,382.5000
152,fish,0.6943,694.8000,271.5469,747.4500,309.5156,721.1250,290.5312
152,fish,0.6943,223.7484,980.7750,272.0953,1017.2250,247.9219,999.0000
152,fish,0.6860,484.3125,847.3500,534.9375,891.9000,509.6250,869.6250
152,fish,0.6738,974.5875,406.9688,1021.1625,442.4062,997.8750,424.6875
152,fish,0.6548,83.7141,1226.0250,127.5047,1262.4750,105.6094,1244.2500
152,fish,0.6514,733.1625,1242.0000,787.8375,1282.5000,760.5000,1262.2500
152,fish,0.6494,911.7000,697.2750,960.3000,733.7250,936.0000,715.5000
152,fish,0.6440,60.8994,637.9875,114.8467,680.5125,87.8730,659.2500
152,fish,0.6279,939.6000,989.5500,984.1500,1021.9500,961.8750,1005.7500
152,fish,0.6143,226.9688,412.2563,277.5938,451.7437,252.2812,432.0000
152,fish,0.5879,397.9125,697.6125,452.5875,740.1375,425.2500,718.8750
152,fish,0.5879,871.8750,1236.4875,922.5000,1279.0125,897.1875,1257.7500
152,fish,0.5107,634.9500,997.4250,683.5500,1029.8250,659.2500,1013.6250
153,fish,0.7388,487.2937,341.6906,540.9562,386.7469,514.1250,364.2188
153,fish,0.7324,486.4219,864.1125,534.5156,906.6375,510.4688,885.3750
153,fish,0.7280,753.1875,587.8687,803.8125,639.5063,778.5000,613.6875
153,fish,0.6978,493.0312,1217.0250,538.5938,1253.4750,515.8125,1235.2500
153,fish,0.6792,225.6750,985.7250,273.2625,1020.1500,249.4688,1002.9375
153,fish,0.6655,974.5312,406.4062,1020.0938,441.8438,997.3125,424.1250
153,fish,0.6621,694.7437,273.1500,746.3813,309.6000,720.5625,291.3750
153,fish,0.6489,733.7250,1242.1125,788.4000,1284.6375,761.0625,1263.3750
153,fish,0.6416,911.7000,697.2750,960.3000,733.7250,936.0000,715.5000
153,fish,0.6299,420.2719,693.2250,472.4156,737.7750,446.3438,715.5000
153,fish,0.6289,938.4750,989.5500,983.0250,1021.9500,960.7500,1005.7500
153,fish,0.6279,83.9250,1223.7750,128.9812,1260.2250,106.4531,1242.0000
153,fish,0.6270,234.9844,404.8594,283.0781,442.8281,259.0312,423.8438
153,fish,0.6113,871.8188,1237.5000,921.4312,1278.0000,896.6250,1257.7500
153,fish,0.5918,70.6992,635.0625,123.2227,675.5625,96.9609,655.3125
153,fish,0.5176,634.9500,997.4250,683.5500,1029.8250,659.2500,1013.6250
154,fish,0.7090,485.9438,330.8625,540.6187,373.3875,513.2812,352.1250
154,fish,0.6895,225.3375,984.6000,271.9125,1019.0250,248.6250,1001.8125
154,fish,0.6826,975.7125,406.1531,1022.2875,442.0969,999.0000,424.1250
154,fish,0.6772,753.0750,598.3312,801.6750,645.9188,777.3750,622.1250
154,fish,0.6724,88.3125,633.8813,138.9375,673.3687,113.6250,653.6250
154,fish,0.6714,487.0688,884.3625,536.6812,926.8875,511.8750,905.6250
154,fish,0.6567,233.8594,398.6438,281.9531,436.1062,257.9062,417.3750
154,fish,0.6533,489.7125,1205.7750,536.2875,1242.2250,513.0000,1224.0000
154,fish,0.6479,910.6313,696.7125,960.2437,733.1625,935.4375,714.9375
154,fish,0.6406,733.1625,1242.1125,787.8375,1284.6375,760.5000,1263.3750
154,fish,0.6377,939.0375,989.5500,983.5875,1021.9500,961.3125,1005.7500
154,fish,0.6323,435.4312,693.2250,487.0688,737.7750,461.2500,715.5000
154,fish,0.6162,871.3125,1236.4875,921.9375,1279.0125,896.6250,1257.7500
154,fish,0.6104,87.9469,1219.2750,131.9906,1255.7250,109.9688,1237.5000
154,fish,0.6074,693.0562,273.5789,744.6938,310.1555,718.8750,291.8672
154,fish,0.4980,634.9500,997.4250,683.5500,1029.8250,659.2500,1013.6250
155,fish,0.6943,230.8500,387.5063,282.9937,426.9937,256.9219,407.2500
155,fish,0.6885,750.8250,605.7000,799.4250,654.3000,775.1250,630.0000
155,fish,0.6841,974.5875,406.1531,1021.1625,442.0969,997.8750,424.1250
155,fish,0.6826,488.0813,1201.2750,535.6688,1237.7250,511.8750,1219.5000
155,fish,0.6772,226.1672,986.2875,272.4891,1020.7125,249.3281,1003.5000
155,fish,0.6724,106.0734,637.9875,162.5203,680.5125,134.2969,659.2500
155,fish,0.6611,478.3219,904.1625,532.4906,948.7125,505.4062,926.4375
155,fish,0.6514,483.9750,327.4875,538.6500,370.0125,511.3125,348.7500
155,fish,0.6460,733.7250,1242.1125,788.4000,1284.6375,761.0625,1263.3750
155,fish,0.6333,939.0375,989.0438,983.5875,1022.4562,961.3125,1005.7500
155,fish,0.6318,911.7000,696.7125,960.3000,733.1625,936.0000,714.9375
155,fish,0.6270,688.1625,272.7844,742.8375,312.7781,715.5000,292.7812
155,fish,0.6152,453.2344,684.4500,506.3906,733.0500,479.8125,708.7500
155,fish,0.6113,870.6938,1237.5000,920.3062,1278.0000,895.5000,1257.7500
155,fish,0.5972,88.4672,1218.0375,131.7516,1252.4625,110.1094,1235.2500
155,fish,0.4805,634.9500,997.9312,683.5500,1029.3187,659.2500,1013.6250
156,fish,0.7153,233.3531,373.9500,284.9906,412.4250,259.1719,393.1875
156,fish,0.6909,685.4062,274.7531,741.0938,314.7469,713.2500,294.7500
156,fish,0.6841,974.0812,405.8719,1021.6688,441.8156,997.8750,423.8438
156,fish,0.6782,482.8500,327.4031,537.5250,368.4094,510.1875,347.9062
156,fish,0.6724,488.1094,1199.1375,536.2031,1237.6125,512.1562,1218.3750
156,fish,0.6704,84.6281,1214.7750,127.1531,1251.2250,105.8906,1233.0000
156,fish,0.6699,126.0105,644.0063,180.6223,683.4937,153.3164,663.7500
156,fish,0.6689,481.8656,929.8687,534.0094,971.3813,507.9375,950.6250
156,fish,0.6533,473.7656,679.9500,526.9219,728.5500,500.3438,704.2500
156,fish,0.6426,733.1625,1242.1125,787.8375,1284.6375,760.5000,1263.3750
156,fish,0.6318,938.4750,989.5500,983.0250,1021.9500,960.7500,1005.7500
156,fish,0.6206,224.7750,986.9062,271.3500,1022.3438,248.0625,1004.6250
156,fish,0.6167,911.7000,697.2188,960.3000,732.6562,936.0000,714.9375
156,fish,0.6113,747.5625,613.5750,798.1875,662.1750,772.8750,637.8750
156,fish,0.6011,869.5688,1237.5000,919.1812,1278.0000,894.3750,1257.7500
156,fish,0.5000,634.3875,997.9312,682.9875,1029.3187,658.6875,1013.6250
157,fish,0.7461,234.8438,361.0406,285.4688,400.0219,260.1562,380.5312
157,fish,0.7153,482.5406,951.6938,531.6469,991.1812,507.0938,971.4375
157,fish,0.6968,683.6625,277.6289,738.3375,316.2305,711.0000,296.9297
157,fish,0.6958,488.1375,1216.0125,536.7375,1254.4875,512.4375,1235.2500
157,fish,0.6841,229.7531,979.5375,274.8094,1013.9625,252.2812,996.7500
157,fish,0.6738,974.5875,405.3375,1021.1625,441.7875,997.8750,423.5625
157,fish,0.6738,476.7188,328.4719,532.4062,368.4656,504.5625,348.4688
157,fish,0.6714,84.7266,1210.5000,129.0234,1251.0000,106.8750,1230.7500
157,fish,0.6655,139.6863,646.3687,194.9309,687.8813,167.3086,667.1250
157,fish,0.6548,733.1625,1242.1125,787.8375,1284.6375,760.5000,1263.3750
157,fish,0.6504,486.1125,679.3312,538.7625,726.9188,512.4375,703.1250
157,fish,0.6436,938.4750,989.5500,983.0250,1021.9500,960.7500,1005.7500
157,fish,0.6289,745.4250,626.0625,798.0750,676.6875,771.7500,651.3750
157,fish,0.6094,911.7000,697.2188,960.3000,732.6562,936.0000,714.9375
157,fish,0.6021,868.5000,1237.5000,919.1250,1278.0000,893.8125,1257.7500
157,fish,0.5078,634.9500,997.9312,683.5500,1029.3187,659.2500,1013.6250
158,fish,0.7339,479.8125,967.3875,530.4375,1005.8625,505.1250,986.6250
158,fish,0.7280,747.5625,644.4000,798.1875,690.9750,772.8750,667.6875
158,fish,0.7124,683.6063,279.7031,737.2687,317.6719,710.4375,298.6875
158,fish,0.7104,229.1625,967.2750,276.2437,1003.7250,252.7031,985.5000
158,fish,0.7090,479.3625,327.9094,532.0125,367.9031,505.6875,347.9062
158,fish,0.7090,234.6188,349.7906,286.2563,388.7719,260.4375,369.2812
158,fish,0.7090,82.2797,1208.2500,128.0953,1248.7500,105.1875,1228.5000
158,fish,0.6978,153.5625,651.4875,209.2500,694.0125,181.4062,672.7500
158,fish,0.6929,486.5063,1228.3875,536.1187,1266.8625,511.3125,1247.6250
158,fish,0.6895,974.0812,405.3375,1021.6688,441.7875,997.8750,423.5625
158,fish,0.6514,732.0375,1242.1125,786.7125,1284.6375,759.3750,1263.3750
158,fish,0.6235,487.7437,682.0875,539.3813,728.6625,513.5625,705.3750
158,fish,0.6235,911.1375,697.2750,959.7375,733.7250,935.4375,715.5000
158,fish,0.6187,938.4750,990.1125,983.0250,1022.5125,960.7500,1006.3125
158,fish,0.5820,869.5688,1236.3750,919.1812,1276.8750,894.3750,1256.6250
158,fish,0.5107,633.8813,997.4250,683.4937,1029.8250,658.6875,1013.6250
159,fish,0.7744,81.6891,1208.0250,125.7328,1244.4750,103.7109,1226.2500
159,fish,0.7490,479.1938,335.3062,533.8687,376.8188,506.5312,356.0625
159,fish,0.7153,746.0438,663.6375,799.7062,712.2375,772.8750,687.9375
159,fish,0.6992,974.0812,405.3375,1021.6688,441.7875,997.8750,423.5625
159,fish,0.6929,683.0438,280.2656,736.7062,318.2344,709.8750,299.2500
159,fish,0.6919,229.5563,952.6500,276.1313,989.1000,252.8438,970.8750
159,fish,0.6885,175.0078,664.8750,229.4297,705.3750,202.2188,685.1250
159,fish,0.6875,472.9219,976.5000,526.0781,1017.0000,499.5000,996.7500
159,fish,0.6851,235.0547,343.2375,284.4141,380.7000,259.7344,361.9688
159,fish,0.6699,489.5156,1241.7750,537.6094,1278.2250,513.5625,1260.0000
159,fish,0.6494,731.5312,1242.1125,787.2188,1284.6375,759.3750,1263.3750
159,fish,0.6250,911.1375,697.2750,959.7375,733.7250,935.4375,715.5000
159,fish,0.6206,938.4750,990.1125,983.0250,1022.5125,960.7500,1006.3125
159,fish,0.6001,490.2188,681.1875,540.8438,731.8125,515.5312,706.5000
159,fish,0.5498,865.6875,1239.7500,916.3125,1280.2500,891.0000,1260.0000
159,fish,0.5303,633.8813,997.4250,683.4937,1029.8250,658.6875,1013.6250
160,fish,0.7720,80.6766,1196.7750,122.9484,1233.2250,101.8125,1215.0000
160,fish,0.7637,481.7250,351.6750,536.4000,394.2000,509.0625,372.9375
160,fish,0.7324,743.7938,680.5688,797.4562,730.1812,770.6250,705.3750
160,fish,0.6899,230.2453,941.4000,276.5672,977.8500,253.4062,959.6250
160,fish,0.6851,680.8500,280.8562,735.5250,319.3313,708.1875,300.0938
160,fish,0.6851,974.0812,405.5906,1021.6688,441.5344,997.8750,423.5625
160,fish,0.6748,193.9922,675.6187,248.4141,717.1313,221.2031,696.3750
160,fish,0.6655,732.0375,1242.1125,786.7125,1284.6375,759.3750,1263.3750
160,fish,0.6577,477.8719,988.8750,529.0031,1029.3750,503.4375,1009.1250
160,fish,0.6577,489.3188,1255.2750,538.9312,1291.7250,514.1250,1273.5000
160,fish,0.6567,232.7766,338.4563,284.1609,375.9187,258.4688,357.1875
160,fish,0.6245,939.6000,989.6063,984.1500,1023.0187,961.8750,1006.3125
160,fish,0.6206,486.1406,687.3750,539.2969,738.0000,512.7188,712.6875
160,fish,0.6206,911.7000,697.2750,960.3000,733.7250,936.0000,715.5000
160,fish,0.5449,867.9375,1237.5000,918.5625,1278.0000,893.2500,1257.7500
160,fish,0.5391,633.3188,996.9188,682.9312,1030.3312,658.1250,1013.6250
161,fish,0.7476,80.6766,1186.7625,122.9484,1225.2375,101.8125,1206.0000
161,fish,0.7324,479.3625,372.4312,532.0125,413.9438,505.6875,393.1875
161,fish,0.7295,228.7125,938.0250,275.2875,974.4750,252.0000,956.2500
161,fish,0.7041,207.1547,681.7500,263.0953,722.2500,235.1250,702.0000
161,fish,0.6885,974.0812,405.5906,1021.6688,441.5344,997.8750,423.5625
161,fish,0.6875,742.0500,685.4625,794.7000,732.0375,768.3750,708.7500
161,fish,0.6714,680.2313,282.0727,733.8937,319.6617,707.0625,300.8672
161,fish,0.6680,732.0375,1242.1125,786.7125,1284.6375,759.3750,1263.3750
161,fish,0.6533,236.1375,333.9000,284.7375,370.3500,260.4375,352.1250
161,fish,0.6479,475.4250,992.1938,528.0750,1031.6813,501.7500,1011.9375
161,fish,0.6372,487.6594,1255.2750,537.7781,1291.7250,512.7188,1273.5000
161,fish,0.6299,939.6000,989.6063,984.1500,1023.0187,961.8750,1006.3125
161,fish,0.6226,911.1375,697.2750,959.7375,733.7250,935.4375,715.5000
161,fish,0.5737,488.0531,692.3250,540.1969,740.9250,514.1250,716.6250
161,fish,0.5688,868.5000,1237.5000,919.1250,1278.0000,893.8125,1257.7500
161,fish,0.5322,632.8125,996.4125,683.4375,1030.8375,658.1250,1013.6250
162,fish,0.7358,474.9750,380.8687,529.6500,422.3813,502.3125,401.6250
162,fish,0.7104,79.8398,1174.5000,123.5039,1215.0000,101.6719,1194.7500
162,fish,0.7041,475.1438,989.8875,527.7938,1028.3625,501.4688,1009.1250
162,fish,0.6870,974.5875,406.1531,1021.1625,442.0969,997.8750,424.1250
162,fish,0.6802,226.8281,939.2062,274.9219,976.6688,250.8750,957.9375
162,fish,0.6772,235.0406,332.7750,284.1469,369.2250,259.5938,351.0000
162,fish,0.6724,742.1063,684.4500,795.7687,733.0500,768.9375,708.7500
162,fish,0.6704,732.0375,1242.1125,786.7125,1284.6375,759.3750,1263.3750
162,fish,0.6689,679.1625,280.2656,733.8375,318.2344,706.5000,299.2500
162,fish,0.6523,217.4906,684.1688,274.6969,727.7062,246.0938,705.9375
162,fish,0.6260,939.6000,989.5500,984.1500,1021.9500,961.8750,1005.7500
162,fish,0.6167,910.5750,696.7125,959.1750,733.1625,934.8750,714.9375
162,fish,0.6104,488.7563,1250.7750,538.3687,1287.2250,513.5625,1269.0000
162,fish,0.5869,869.0625,1235.3625,919.6875,1277.8875,894.3750,1256.6250
162,fish,0.5669,489.2063,693.4500,541.8563,742.0500,515.5312,717.7500
162,fish,0.4990,632.1938,997.4250,681.8062,1029.8250,657.0000,1013.6250
163,fish,0.7646,79.0664,1161.0000,123.9961,1201.5000,101.5312,1181.2500
163,fish,0.7402,229.2750,333.9000,280.9125,370.3500,255.0938,352.1250
163,fish,0.6899,975.1500,406.1531,1021.7250,442.0969,998.4375,424.1250
163,fish,0.6875,745.5375,681.1875,800.2125,731.8125,772.8750,706.5000
163,fish,0.6748,679.6125,278.2969,732.2625,316.2656,705.9375,297.2812
163,fish,0.6714,732.0938,1242.1125,787.7812,1284.6375,759.9375,1263.3750
163,fish,0.6699,872.4375,1231.9875,923.0625,1274.5125,897.7500,1253.2500
163,fish,0.6621,473.9062,386.5500,529.5938,429.0750,501.7500,407.8125
163,fish,0.6602,218.2500,688.5000,273.9375,729.0000,246.0938,708.7500
163,fish,0.6489,471.6281,983.3062,526.8094,1024.8187,499.2188,1004.0625
163,fish,0.6479,226.8281,948.6562,274.9219,984.0938,250.8750,966.3750
163,fish,0.6279,938.4750,989.5500,983.0250,1021.9500,960.7500,1005.7500
163,fish,0.6206,910.5750,697.2750,959.1750,733.7250,934.8750,715.5000
163,fish,0.5859,489.2625,1246.2750,537.8625,1282.7250,513.5625,1264.5000
163,fish,0.5371,483.9187,694.5750,537.5812,743.1750,510.7500,718.8750
163,fish,0.5059,631.6875,997.4250,682.3125,1029.8250,657.0000,1013.6250
164,fish,0.7417,228.1500,341.8031,279.7875,378.7594,253.9688,360.2812
164,fish,0.7056,225.4219,958.2188,273.5156,993.6562,249.4688,975.9375
164,fish,0.7041,473.7937,393.5531,527.4562,435.5719,500.6250,414.5625
164,fish,0.6992,77.5758,1147.5000,122.2523,1188.0000,99.9141,1167.7500
164,fish,0.6851,975.7125,406.9688,1022.2875,442.4062,999.0000,424.6875
164,fish,0.6758,680.7938,275.5125,734.4562,313.9875,707.6250,294.7500
164,fish,0.6577,217.8562,691.8750,274.0500,732.3750,245.9531,712.1250
164,fish,0.6548,490.8938,1239.5250,538.4813,1275.9750,514.6875,1257.7500
164,fish,0.6538,732.0938,1242.2250,787.7812,1286.7750,759.9375,1264.5000
164,fish,0.6489,743.4562,680.0625,801.1688,730.6875,772.3125,705.3750
164,fish,0.6489,479.7563,979.7625,529.3687,1018.2375,504.5625,999.0000
164,fish,0.6289,910.5750,696.7125,959.1750,733.1625,934.8750,714.9375
164,fish,0.6167,874.8000,1230.8625,927.4500,1273.3875,901.1250,1252.1250
164,fish,0.6162,939.6000,989.5500,984.1500,1021.9500,961.8750,1005.7500
164,fish,0.6133,483.7219,688.9500,533.8406,737.5500,508.7812,713.2500
164,fish,0.5107,631.6875,997.4250,682.3125,1029.8250,657.0000,1013.6250
165,fish,0.7930,224.8875,965.5312,273.4875,1000.9688,249.1875,983.2500
165,fish,0.7417,228.1219,348.0188,279.2531,385.4812,253.6875,366.7500
165,fish,0.6992,75.7477,1136.1375,117.8930,1174.6125,96.8203,1155.3750
165,fish,0.6899,975.7125,406.4344,1022.2875,442.3781,999.0000,424.4062
165,fish,0.6807,496.9688,1228.2750,542.5312,1264.7250,519.7500,1246.5000
165,fish,0.6602,216.8578,694.1250,270.2672,734.6250,243.5625,714.3750
165,fish,0.6533,733.1625,1242.1125,787.8375,1284.6375,760.5000,1263.3750
165,fish,0.6494,681.3563,272.5594,735.0187,313.5656,708.1875,293.0625
165,fish,0.6489,479.8687,974.8125,531.5063,1015.3125,505.6875,995.0625
165,fish,0.6260,471.6281,686.7563,526.8094,736.3687,499.2188,711.5625
165,fish,0.6206,911.1375,697.2750,959.7375,733.7250,935.4375,715.5000
165,fish,0.6162,743.3438,679.6125,799.0312,732.2625,771.1875,705.9375
165,fish,0.6152,476.2688,396.3938,528.9188,438.9187,502.5938,417.6562
165,fish,0.6123,877.1625,1228.7250,931.8375,1273.2750,904.5000,1251.0000
165,fish,0.6021,939.6000,989.5500,984.1500,1021.9500,961.8750,1005.7500
165,fish,0.4990,631.6875,997.4250,682.3125,1029.8250,657.0000,1013.6250
166,fish,0.7705,73.7719,1123.6500,115.7906,1160.1000,94.7812,1141.8750
166,fish,0.7402,224.8875,976.1625,273.4875,1010.5875,249.1875,993.3750
166,fish,0.7231,229.2750,358.9312,278.3813,395.3813,253.8281,377.1562
166,fish,0.6929,975.7125,406.4344,1022.2875,442.3781,999.0000,424.4062
166,fish,0.6826,477.0562,968.5688,528.6938,1008.0562,502.8750,988.3125
166,fish,0.6626,481.9500,393.6375,530.5500,432.1125,506.2500,412.8750
166,fish,0.6592,680.2875,271.7437,734.9625,313.2563,707.6250,292.5000
166,fish,0.6577,216.9984,697.5000,270.4078,738.0000,243.7031,717.7500
166,fish,0.6523,498.5437,1223.7750,542.0812,1260.2250,520.3125,1242.0000
166,fish,0.6470,733.1625,1242.1125,787.8375,1284.6375,760.5000,1263.3750
166,fish,0.6299,455.6250,689.7375,506.2500,732.2625,480.9375,711.0000
166,fish,0.6260,880.5375,1228.7250,935.2125,1273.2750,907.8750,1251.0000
166,fish,0.6113,911.1375,697.2750,959.7375,733.7250,935.4375,715.5000
166,fish,0.6040,939.6000,989.5500,984.1500,1021.9500,961.8750,1005.7500
166,fish,0.6011,743.3438,673.4813,799.0312,727.1437,771.1875,700.3125
166,fish,0.4912,632.7000,998.4937,681.3000,1029.8812,657.0000,1014.1875
167,fish,0.7153,234.5484,366.1594,282.3891,401.0906,258.4688,383.6250
167,fish,0.6978,975.7125,405.9000,1022.2875,442.3500,999.0000,424.1250
167,fish,0.6919,222.1734,984.0375,270.0141,1018.4625,246.0938,1001.2500
167,fish,0.6895,73.8932,1105.6500,113.6654,1142.1000,93.7793,1123.8750
167,fish,0.6748,748.9125,666.1125,803.5875,718.7625,776.2500,692.4375
167,fish,0.6670,496.3500,1219.3875,540.9000,1257.8625,518.6250,1238.6250
167,fish,0.6626,217.0406,696.4875,271.2094,739.0125,244.1250,717.7500
167,fish,0.6504,732.6562,1242.2250,788.3438,1286.7750,760.5000,1264.5000
167,fish,0.6470,680.2875,271.9969,734.9625,313.0031,707.6250,292.5000
167,fish,0.6450,438.8906,692.6063,492.0469,736.1437,465.4688,714.3750
167,fish,0.6343,480.9375,385.2281,531.5625,424.2094,506.2500,404.7188
167,fish,0.6299,482.7375,957.9937,535.3875,999.5063,509.0625,978.7500
167,fish,0.6216,884.9250,1228.7250,937.5750,1273.2750,911.2500,1251.0000
167,fish,0.6074,939.6000,989.5500,984.1500,1021.9500,961.8750,1005.7500
167,fish,0.6074,910.5750,697.2750,959.1750,733.7250,934.8750,715.5000
167,fish,0.4980,632.7000,998.5500,681.3000,1030.9500,657.0000,1014.7500
168,fish,0.6978,975.7125,405.5906,1022.2875,441.5344,999.0000,423.5625
168,fish,0.6909,71.1193,1085.2875,110.3221,1119.7125,90.7207,1102.5000
168,fish,0.6899,748.4062,648.8438,804.0938,704.5312,776.2500,676.6875
168,fish,0.6875,224.4938,987.4125,271.0688,1021.8375,247.7812,1004.6250
168,fish,0.6758,495.7875,1219.2750,540.3375,1255.7250,518.0625,1237.5000
168,fish,0.6714,235.7156,371.2219,281.7844,406.1531,258.7500,388.6875
168,fish,0.6714,486.0562,941.7375,537.6938,984.2625,511.8750,963.0000
168,fish,0.6514,681.4125,272.5312,736.0875,313.0312,708.7500,292.7812
168,fish,0.6504,732.6562,1242.2250,788.3438,1286.7750,760.5000,1264.5000
168,fish,0.6416,419.7937,696.3750,473.4563,736.8750,446.6250,716.6250
168,fish,0.6377,219.0656,694.1812,274.2469,735.6938,246.6562,714.9375
168,fish,0.6372,482.6531,379.9125,533.7844,419.4000,508.2188,399.6562
168,fish,0.6279,910.5750,697.2188,959.1750,732.6562,934.8750,714.9375
168,fish,0.6216,886.0500,1230.8625,938.7000,1273.3875,912.3750,1252.1250
168,fish,0.6040,939.5438,990.1125,983.0812,1022.5125,961.3125,1006.3125
168,fish,0.4932,631.5750,999.5625,680.1750,1029.9375,655.8750,1014.7500
169,fish,0.7534,490.4719,918.2250,540.5906,962.7750,515.5312,940.5000
169,fish,0.7217,746.6625,640.3500,801.3375,695.0250,774.0000,667.6875
169,fish,0.7168,485.5500,369.6187,538.2000,411.1313,511.8750,390.3750
169,fish,0.7041,974.7000,405.3094,1023.3000,441.2531,999.0000,423.2812
169,fish,0.6826,402.3000,701.2125,454.9500,737.6625,428.6250,719.4375
169,fish,0.6655,230.7937,985.0500,274.3313,1017.4500,252.5625,1001.2500
169,fish,0.6567,495.1969,1222.7625,539.2406,1261.2375,517.2188,1242.0000
169,fish,0.6533,732.0375,1242.1125,786.7125,1284.6375,759.3750,1263.3750
169,fish,0.6489,681.4125,271.6875,736.0875,312.1875,708.7500,291.9375
169,fish,0.6353,220.6969,694.1250,274.8656,734.6250,247.7812,714.3750
169,fish,0.6323,236.3344,378.1125,280.8844,410.5125,258.6094,394.3125
169,fish,0.6279,887.1750,1230.8625,939.8250,1273.3875,913.5000,1252.1250
169,fish,0.6270,910.5750,697.2188,959.1750,732.6562,934.8750,714.9375
169,fish,0.6187,938.4750,989.5500,983.0250,1021.9500,960.7500,1005.7500
169,fish,0.6069,69.3369,1070.0438,108.0967,1103.4562,88.7168,1086.7500
169,fish,0.4932,631.5750,998.5500,680.1750,1030.9500,655.8750,1014.7500
170,fish,0.7168,486.1687,358.9875,539.8312,401.5125,513.0000,380.2500
170,fish,0.7056,492.1313,890.6625,541.7437,935.2125,516.9375,912.9375
170,fish,0.7041,975.7125,405.0281,1022.2875,440.9719,999.0000,423.0000
170,fish,0.6738,386.6344,697.3312,440.8031,734.7938,413.7188,716.0625
170,fish,0.6699,233.0437,378.2812,281.6438,413.7188,257.3438,396.0000
170,fish,0.6626,232.2562,973.9125,276.8062,1008.3375,254.5312,991.1250
170,fish,0.6494,742.7812,635.1750,798.4688,687.8250,770.6250,661.5000
170,fish,0.6470,491.1187,1227.2625,537.6938,1265.7375,514.4062,1246.5000
170,fish,0.6440,681.4125,270.7523,736.0875,312.1383,708.7500,291.4453
170,fish,0.6426,732.0938,1239.9750,787.7812,1284.5250,759.9375,1262.2500
170,fish,0.6406,71.6818,1070.5500,113.4158,1102.9500,92.5488,1086.7500
170,fish,0.6343,888.8625,1231.9875,941.5125,1274.5125,915.1875,1253.2500
170,fish,0.6245,938.4188,990.6750,981.9562,1023.0750,960.1875,1006.8750
170,fish,0.6162,911.1375,697.2750,959.7375,733.7250,935.4375,715.5000
170,fish,0.6113,219.8953,690.8625,274.8234,733.3875,247.3594,712.1250
170,fish,0.4932,630.4500,998.5500,679.0500,1030.9500,654.7500,1014.7500
171,fish,0.7339,228.5719,382.8656,277.6781,419.8219,253.1250,401.3438
171,fish,0.7188,489.3469,870.8625,539.4656,913.3875,514.4062,892.1250
171,fish,0.7124,974.6437,404.2125,1022.2313,440.6625,998.4375,422.4375
171,fish,0.6851,484.0312,346.6969,539.7188,390.7406,511.8750,368.7188
171,fish,0.6724,680.7938,274.1344,734.4562,313.1156,707.6250,293.6250
171,fish,0.6646,489.7688,1232.8875,537.3563,1271.3625,513.5625,1252.1250
171,fish,0.6538,232.5938,958.1625,278.1562,992.5875,255.3750,975.3750
171,fish,0.6523,731.0250,1241.1000,787.7250,1285.6500,759.3750,1263.3750
171,fish,0.6450,741.0375,631.8000,795.7125,684.4500,768.3750,658.1250
171,fish,0.6387,72.8648,1069.4250,116.2758,1101.8250,94.5703,1085.6250
171,fish,0.6372,889.4250,1233.0000,942.0750,1273.5000,915.7500,1253.2500
171,fish,0.6353,938.9813,990.1125,982.5187,1022.5125,960.7500,1006.3125
171,fish,0.6309,911.7000,697.2750,960.3000,733.7250,936.0000,715.5000
171,fish,0.6260,380.6438,696.2625,433.2937,734.7375,406.9688,715.5000
171,fish,0.5898,222.1312,692.3813,271.7437,731.8687,246.9375,712.1250
171,fish,0.5059,632.5875,999.5625,679.1625,1029.9375,655.8750,1014.7500
172,fish,0.7266,230.1469,948.1500,277.2281,984.6000,253.6875,966.3750
172,fish,0.7153,232.6078,392.9062,280.9547,428.3438,256.7812,410.6250
172,fish,0.7056,488.2781,858.6000,539.4094,903.1500,513.8438,880.8750
172,fish,0.7026,974.6437,404.7469,1022.2313,440.6906,998.4375,422.7188
172,fish,0.6978,742.1625,635.0063,796.8375,684.6187,769.5000,659.8125
172,fish,0.6816,680.2875,274.7250,734.9625,314.2125,707.6250,294.4688
172,fish,0.6768,483.9187,336.1219,537.5812,377.1281,510.7500,356.6250
172,fish,0.6626,731.0250,1241.1000,787.7250,1285.6500,759.3750,1263.3750
172,fish,0.6426,490.8375,1237.2750,537.4125,1273.7250,514.1250,1255.5000
172,fish,0.6372,889.4250,1233.0000,942.0750,1273.5000,915.7500,1253.2500
172,fish,0.6299,375.3000,696.8813,427.9500,736.3687,401.6250,716.6250
172,fish,0.6299,938.9813,990.1125,982.5187,1022.5125,960.7500,1006.3125
172,fish,0.6270,911.7000,697.2750,960.3000,733.7250,936.0000,715.5000
172,fish,0.5938,214.4250,690.2437,267.0750,731.7563,240.7500,711.0000
172,fish,0.5879,73.1725,1069.4250,116.4252,1101.8250,94.7988,1085.6250
172,fish,0.5225,631.4625,999.0562,678.0375,1030.4437,654.7500,1014.7500
173,fish,0.7217,230.3438,942.5250,275.9062,978.9750,253.1250,960.7500
173,fish,0.7104,975.7125,404.1844,1022.2875,440.1281,999.0000,422.1562
173,fish,0.6704,680.2875,275.2875,734.9625,314.7750,707.6250,295.0312
173,fish,0.6680,484.9875,327.8813,537.6375,367.3687,511.3125,347.6250
173,fish,0.6582,72.2672,1069.6500,117.5766,1106.1000,94.9219,1087.8750
173,fish,0.6558,731.0250,1241.1000,787.7250,1285.6500,759.3750,1263.3750
173,fish,0.6538,207.7031,693.4500,255.7969,731.9250,231.7500,712.6875
173,fish,0.6470,230.5969,402.5813,280.7156,440.0437,255.6562,421.3125
173,fish,0.6436,889.4250,1233.1125,942.0750,1275.6375,915.7500,1254.3750
173,fish,0.6387,744.3563,645.1875,798.0187,695.8125,771.1875,670.5000
173,fish,0.6333,938.9813,989.5500,982.5187,1021.9500,960.7500,1005.7500
173,fish,0.6318,911.7000,697.2750,960.3000,733.7250,936.0000,715.5000
173,fish,0.6289,489.9937,1240.5375,536.5688,1274.9625,513.2812,1257.7500
173,fish,0.6270,484.9312,851.8500,536.5688,896.4000,510.7500,874.1250
173,fish,0.6235,379.6875,695.2500,430.3125,735.7500,405.0000,715.5000
173,fish,0.5449,631.4625,999.5625,678.0375,1029.9375,654.7500,1014.7500
174,fish,0.7188,486.5625,326.1375,537.1875,364.6125,511.8750,345.3750
174,fish,0.7153,226.8000,938.5875,274.3875,975.0375,250.5938,956.8125
174,fish,0.6885,69.0258,1072.1250,114.2086,1112.6250,91.6172,1092.3750
174,fish,0.6836,975.2062,403.8750,1022.7938,439.3125,999.0000,421.5938
174,fish,0.6816,681.9750,275.8500,736.6500,315.3375,709.3125,295.5938
174,fish,0.6558,731.0250,1241.1000,787.7250,1285.6500,759.3750,1263.3750
174,fish,0.6538,489.7125,1235.0250,536.2875,1271.4750,513.0000,1253.2500
174,fish,0.6533,747.2250,658.2375,801.9000,710.8875,774.5625,684.5625
174,fish,0.6504,486.5344,849.5438,536.6531,893.0812,511.5938,871.3125
174,fish,0.6504,938.4750,989.5500,983.0250,1021.9500,960.7500,1005.7500
174,fish,0.6436,889.9312,1235.2500,941.5688,1275.7500,915.7500,1255.5000
174,fish,0.6226,911.7000,697.2750,960.3000,733.7250,936.0000,715.5000
174,fish,0.6133,201.7266,696.2625,251.0859,734.7375,226.4062,715.5000
174,fish,0.6030,384.2156,692.1000,435.3469,736.6500,409.7812,714.3750
174,fish,0.6021,227.5031,412.7344,277.6219,450.7031,252.5625,431.7188
174,fish,0.5601,632.5875,999.6187,679.1625,1031.0062,655.8750,1015.3125
175,fish,0.7402,485.4375,331.2000,536.0625,369.6750,510.7500,350.4375
175,fish,0.7266,484.3687,863.2125,536.0063,909.7875,510.1875,886.5000
175,fish,0.6816,68.1943,1075.6688,112.9658,1119.2062,90.5801,1097.4375
175,fish,0.6772,681.9750,275.7023,736.6500,315.0633,709.3125,295.3828
175,fish,0.6748,187.7625,702.7875,236.3625,737.2125,212.0625,720.0000
175,fish,0.6714,222.8344,417.7688,274.9781,455.2312,248.9062,436.5000
175,fish,0.6699,976.2750,403.0312,1022.8500,438.4688,999.5625,420.7500
175,fish,0.6538,490.8375,1235.0250,537.4125,1271.4750,514.1250,1253.2500
175,fish,0.6494,732.0938,1242.1125,787.7812,1284.6375,759.9375,1263.3750
175,fish,0.6450,227.3203,934.5375,274.1484,968.9625,250.7344,951.7500
175,fish,0.6426,888.3563,1233.1125,942.0187,1275.6375,915.1875,1254.3750
175,fish,0.6406,397.8000,694.9688,450.4500,740.5312,424.1250,717.7500
175,fish,0.6318,743.3438,672.3000,799.0312,724.9500,771.1875,698.6250
175,fish,0.6318,911.7000,697.2750,960.3000,733.7250,936.0000,715.5000
175,fish,0.6226,939.0375,989.0438,983.5875,1022.4562,961.3125,1005.7500
175,fish,0.5420,632.5875,1000.1250,679.1625,1030.5000,655.8750,1015.3125
176,fish,0.7168,482.7375,881.1000,535.3875,925.6500,509.0625,903.3750
176,fish,0.6943,486.1125,343.1250,538.7625,383.6250,512.4375,363.3750
176,fish,0.6934,67.3805,1079.1000,112.0570,1123.6500,89.7188,1101.3750
176,fish,0.6851,682.4813,276.3562,736.1437,314.8313,709.3125,295.5938
176,fish,0.6714,223.2141,416.1094,274.5984,454.0781,248.9062,435.0938
176,fish,0.6665,493.5656,1233.9000,538.6219,1270.3500,516.0938,1252.1250
176,fish,0.6602,172.3078,700.6500,226.2234,737.1000,199.2656,718.8750
176,fish,0.6592,975.7125,403.0312,1022.2875,438.4688,999.0000,420.7500
176,fish,0.6538,731.0250,1239.9750,787.7250,1284.5250,759.3750,1262.2500
176,fish,0.6494,231.2156,934.7062,277.2844,972.1688,254.2500,953.4375
176,fish,0.6362,888.3563,1233.1125,942.0187,1275.6375,915.1875,1254.3750
176,fish,0.6270,939.6000,989.5500,984.1500,1021.9500,961.8750,1005.7500
176,fish,0.6206,741.1500,674.6625,797.8500,729.3375,769.5000,702.0000
176,fish,0.6133,408.4312,697.1063,460.0688,740.6437,434.2500,718.8750
176,fish,0.6104,911.7000,697.2750,960.3000,733.7250,936.0000,715.5000
176,fish,0.5303,631.5187,1000.1250,679.1063,1030.5000,655.3125,1015.3125
177,fish,0.7944,484.9031,360.2250,536.0344,399.7125,510.4688,379.9688
177,fish,0.7251,479.9812,895.7250,533.6437,940.2750,506.8125,918.0000
177,fish,0.7026,495.7312,1223.7750,539.2687,1260.2250,517.5000,1242.0000
177,fish,0.6733,680.8500,275.5969,735.5250,315.5906,708.1875,295.5938
177,fish,0.6611,975.7125,403.0312,1022.2875,438.4688,999.0000,420.7500
177,fish,0.6558,232.0875,936.3375,278.6625,972.7875,255.3750,954.5625
177,fish,0.6538,223.8891,414.9844,274.7672,452.9531,249.3281,433.9688
177,fish,0.6538,731.0250,1239.9750,787.7250,1284.5250,759.3750,1262.2500
177,fish,0.6333,888.4125,1233.1125,943.0875,1275.6375,915.7500,1254.3750
177,fish,0.6226,160.5375,699.5250,215.2125,735.9750,187.8750,717.7500
177,fish,0.6143,911.7000,697.2750,960.3000,733.7250,936.0000,715.5000
177,fish,0.6123,938.9813,990.1125,982.5187,1022.5125,960.7500,1006.3125
177,fish,0.5991,740.1375,676.8000,798.8625,729.4500,769.5000,703.1250
177,fish,0.5972,418.4438,695.8687,468.0562,737.3813,443.2500,716.6250
177,fish,0.5312,631.5187,1000.1250,679.1063,1030.5000,655.3125,1015.3125
177,fish,0.5088,70.2844,1091.0250,110.2781,1127.4750,90.2812,1109.2500
178,fish,0.7593,481.0500,375.3000,533.7000,417.8250,507.3750,396.5625
178,fish,0.6792,484.3687,904.6125,536.0063,947.1375,510.1875,925.8750
178,fish,0.6782,231.8625,934.7062,279.4500,972.1688,255.6562,953.4375
178,fish,0.6768,680.2875,275.8500,734.9625,315.3375,707.6250,295.5938
178,fish,0.6655,223.1859,415.5469,274.0641,453.5156,248.6250,434.5312
178,fish,0.6602,975.7687,402.4688,1023.3563,437.9062,999.5625,420.1875
178,fish,0.6567,495.2250,1218.2625,539.7750,1256.7375,517.5000,1237.5000
178,fish,0.6489,732.0938,1242.1125,787.7812,1284.6375,759.9375,1263.3750
178,fish,0.6387,432.6750,691.5375,485.3250,736.0875,459.0000,713.8125
178,fish,0.6343,887.2875,1231.9875,941.9625,1274.5125,914.6250,1253.2500
178,fish,0.6216,938.9813,990.6750,982.5187,1023.0750,960.7500,1006.8750
178,fish,0.6167,742.2750,670.1625,798.9750,724.8375,770.6250,697.5000
178,fish,0.6113,145.7156,698.4562,201.9094,735.9188,173.8125,717.1875
178,fish,0.5981,911.7000,697.2750,960.3000,733.7250,936.0000,715.5000
178,fish,0.5679,71.8945,1110.4313,107.9648,1141.8187,89.9297,1126.1250
178,fish,0.5244,630.4500,999.5625,679.0500,1029.9375,654.7500,1014.7500
179,fish,0.7744,493.7625,875.4750,542.3625,920.0250,518.0625,897.7500
179,fish,0.7310,477.4500,393.5250,531.1125,435.0375,504.2812,414.2812
179,fish,0.7124,71.7469,1123.7625,112.7531,1162.2375,92.2500,1143.0000
179,fish,0.6816,974.7000,401.3438,1023.3000,436.7812,999.0000,419.0625
179,fish,0.6738,680.8500,275.2875,735.5250,314.7750,708.1875,295.0312
179,fish,0.6680,222.9750,417.7406,272.5875,454.6969,247.7812,436.2188
179,fish,0.6670,232.4250,923.5125,280.0125,961.9875,256.2188,942.7500
179,fish,0.6636,748.9125,661.0500,803.5875,713.7000,776.2500,687.3750
179,fish,0.6558,731.0250,1239.9750,787.7250,1284.5250,759.3750,1262.2500
179,fish,0.6558,130.9641,697.8375,184.8797,734.2875,157.9219,716.0625
179,fish,0.6440,493.8188,1219.2750,538.3687,1255.7250,516.0938,1237.5000
179,fish,0.6396,450.1687,688.7250,503.8313,733.2750,477.0000,711.0000
179,fish,0.6353,887.2875,1233.1125,941.9625,1275.6375,914.6250,1254.3750
179,fish,0.6162,911.7000,697.2750,960.3000,733.7250,936.0000,715.5000
179,fish,0.6050,939.4875,990.1125,982.0125,1022.5125,960.7500,1006.3125
179,fish,0.5303,631.4625,999.5625,678.0375,1029.9375,654.7500,1014.7500
180,fish,0.7168,74.1322,1143.0000,115.6764,1183.5000,94.9043,1163.2500
180,fish,0.6992,748.2938,648.2250,801.9562,702.9000,775.1250,675.5625
180,fish,0.6919,493.7063,837.3937,541.2938,884.9813,517.5000,861.1875
180,fish,0.6738,680.8500,274.7531,735.5250,314.7469,708.1875,294.7500
180,fish,0.6655,474.7219,407.1375,529.9031,450.6750,502.3125,428.9062
180,fish,0.6646,974.6437,400.5281,1022.2313,436.4719,998.4375,418.5000
180,fish,0.6626,486.3938,1214.7750,533.9813,1251.2250,510.1875,1233.0000
180,fish,0.6611,230.7375,920.0250,278.3250,956.4750,254.5312,938.2500
180,fish,0.6523,731.0250,1241.1000,787.7250,1285.6500,759.3750,1263.3750
180,fish,0.6479,465.6094,687.6000,518.7656,732.1500,492.1875,709.8750
180,fish,0.6440,221.9203,417.8250,272.7984,456.3000,247.3594,437.0625
180,fish,0.6436,114.8625,701.2687,167.5125,738.7313,141.1875,720.0000
180,fish,0.6343,886.1625,1230.9750,940.8375,1275.5250,913.5000,1253.2500
180,fish,0.6123,939.5438,990.6750,983.0812,1023.0750,961.3125,1006.8750
180,fish,0.6123,911.7000,697.2750,960.3000,733.7250,936.0000,715.5000
180,fish,0.5469,632.5875,999.5625,679.1625,1029.9375,655.8750,1014.7500
181,fish,0.7251,748.3500,637.9875,803.0250,690.6375,775.6875,664.3125
181,fish,0.7041,102.3539,702.9000,155.1305,739.3500,128.7422,721.1250
181,fish,0.6807,220.2609,418.1062,271.6453,456.5813,245.9531,437.3438
181,fish,0.6748,229.0781,919.0125,277.1719,957.4875,253.1250,938.2500
181,fish,0.6724,490.3313,1230.5250,537.9188,1266.9750,514.1250,1248.7500
181,fish,0.6704,480.1500,690.4125,531.7875,734.9625,505.9688,712.6875
181,fish,0.6699,77.0695,1160.7750,117.6961,1197.2250,97.3828,1179.0000
181,fish,0.6621,680.2875,273.8039,734.9625,314.4305,707.6250,294.1172
181,fish,0.6621,974.0812,400.2750,1021.6688,436.7250,997.8750,418.5000
181,fish,0.6602,731.0250,1241.1000,787.7250,1285.6500,759.3750,1263.3750
181,fish,0.6523,474.9750,407.9812,529.6500,451.5188,502.3125,429.7500
181,fish,0.6489,491.2875,824.7375,535.8375,867.2625,513.5625,846.0000
181,fish,0.6318,886.1625,1233.1125,940.8375,1275.6375,913.5000,1254.3750
181,fish,0.6177,911.7000,697.2750,960.3000,733.7250,936.0000,715.5000
181,fish,0.5991,938.9813,990.6750,982.5187,1023.0750,960.7500,1006.8750
181,fish,0.5195,632.5875,999.0562,679.1625,1030.4437,655.8750,1014.7500
182,fish,0.7026,79.5586,1169.7750,123.2227,1206.2250,101.3906,1188.0000
182,fish,0.7007,93.7617,700.7625,146.2852,739.2375,120.0234,720.0000
182,fish,0.6909,220.5000,419.4563,271.1250,456.9187,245.8125,438.1875
182,fish,0.6826,747.6750,631.2375,800.3250,683.8875,774.0000,657.5625
182,fish,0.6738,679.6688,273.8813,733.3312,313.3687,706.5000,293.6250
182,fish,0.6670,974.7000,399.7125,1023.3000,436.1625,999.0000,417.9375
182,fish,0.6621,487.1250,689.9625,537.7500,736.5375,512.4375,713.2500
182,fish,0.6514,731.0250,1241.1000,787.7250,1285.6500,759.3750,1263.3750
182,fish,0.6494,939.4875,991.6875,982.0125,1022.0625,960.7500,1006.8750
182,fish,0.6362,488.1375,1247.4000,536.7375,1283.8500,512.4375,1265.6250
182,fish,0.6362,488.0813,824.8500,535.6688,869.4000,511.8750,847.1250
182,fish,0.6343,478.8000,403.4250,531.4500,445.9500,505.1250,424.6875
182,fish,0.6279,226.8844,920.1375,275.9906,958.6125,251.4375,939.3750
182,fish,0.6279,885.0375,1234.2375,939.7125,1276.7625,912.3750,1255.5000
182,fish,0.6011,911.7000,697.2750,960.3000,733.7250,936.0000,715.5000
182,fish,0.5430,631.4625,999.0562,678.0375,1030.4437,654.7500,1014.7500
183,fish,0.6895,219.4313,418.3875,271.0688,456.8625,245.2500,437.6250
183,fish,0.6802,744.4125,625.6125,799.0875,678.2625,771.7500,651.9375
183,fish,0.6758,486.2250,828.2250,535.8375,872.7750,511.0312,850.5000
183,fish,0.6646,679.1063,273.0656,732.7687,313.0594,705.9375,293.0625
183,fish,0.6626,974.5875,400.2750,1021.1625,436.7250,997.8750,418.5000
183,fish,0.6548,487.8844,1253.0250,536.9906,1289.4750,512.4375,1271.2500
183,fish,0.6514,226.5188,922.3312,274.1062,959.7938,250.3125,941.0625
183,fish,0.6504,480.1781,397.6875,532.3219,438.1875,506.2500,417.9375
183,fish,0.6460,731.0250,1241.1000,787.7250,1285.6500,759.3750,1263.3750
183,fish,0.6450,489.8250,691.0875,538.4250,737.6625,514.1250,714.3750
183,fish,0.6406,938.9250,991.6875,981.4500,1022.0625,960.1875,1006.8750
183,fish,0.6372,80.8875,1176.5250,124.4250,1212.9750,102.6562,1194.7500
183,fish,0.6289,886.6125,1235.2500,939.2625,1275.7500,912.9375,1255.5000
183,fish,0.6260,86.9906,699.6375,139.1344,738.1125,113.0625,718.8750
183,fish,0.6113,911.1938,697.2750,960.8062,733.7250,936.0000,715.5000
183,fish,0.5410,631.4625,999.0562,678.0375,1030.4437,654.7500,1014.7500
184,fish,0.7402,80.6414,1179.0000,124.8117,1219.5000,102.7266,1199.2500
184,fish,0.7280,223.2281,928.4625,272.3344,964.9125,247.7812,946.6875
184,fish,0.6689,81.0281,698.5688,132.1594,738.0562,106.5938,718.3125
184,fish,0.6602,975.2062,399.7406,1022.7938,436.6969,999.0000,418.2188
184,fish,0.6558,479.9250,393.7500,532.5750,434.2500,506.2500,414.0000
184,fish,0.6533,678.5438,272.4750,732.2062,311.9625,705.3750,292.2188
184,fish,0.6523,732.0938,1242.2250,787.7812,1286.7750,759.9375,1264.5000
184,fish,0.6514,482.1187,833.8500,533.7563,878.4000,507.9375,856.1250
184,fish,0.6479,939.5438,990.6187,983.0812,1022.0063,961.3125,1006.3125
184,fish,0.6426,489.2906,1251.9000,538.3969,1288.3500,513.8438,1270.1250
184,fish,0.6396,227.7281,416.1375,276.8344,454.6125,252.2812,435.3750
184,fish,0.6299,483.4125,694.5187,538.0875,742.1063,510.7500,718.3125
184,fish,0.6260,886.6125,1235.2500,939.2625,1275.7500,912.9375,1255.5000
184,fish,0.6196,744.3000,622.6875,796.9500,673.3125,770.6250,648.0000
184,fish,0.6167,911.1938,697.2750,960.8062,733.7250,936.0000,715.5000
184,fish,0.5410,631.4625,999.5625,678.0375,1029.9375,654.7500,1014.7500
185,fish,0.7705,224.0437,939.1500,272.6438,975.6000,248.3438,957.3750
185,fish,0.7578,81.1828,1181.2500,124.9734,1221.7500,103.0781,1201.5000
185,fish,0.6943,749.9250,622.4625,802.5750,669.0375,776.2500,645.7500
185,fish,0.6626,975.7125,400.5562,1022.2875,437.0063,999.0000,418.7812
185,fish,0.6592,78.2508,693.5625,130.0148,734.0625,104.1328,713.8125
185,fish,0.6533,731.0250,1242.2250,787.7250,1286.7750,759.3750,1264.5000
185,fish,0.6494,938.9813,989.5500,982.5187,1021.9500,960.7500,1005.7500
185,fish,0.6460,479.4187,383.7375,533.0812,426.2625,506.2500,405.0000
185,fish,0.6396,483.5813,846.3375,536.2313,892.9125,509.9062,869.6250
185,fish,0.6387,228.8109,405.7031,279.6891,443.6719,254.2500,424.6875
185,fish,0.6362,678.0375,271.9125,732.7125,311.4000,705.3750,291.6562
185,fish,0.6318,489.5719,1251.9000,538.6781,1288.3500,514.1250,1270.1250
185,fish,0.6260,887.1750,1235.2500,939.8250,1275.7500,913.5000,1255.5000
185,fish,0.6123,911.1938,697.2750,960.8062,733.7250,936.0000,715.5000
185,fish,0.5908,485.3813,698.2875,534.9937,742.8375,510.1875,720.5625
185,fish,0.5352,632.5875,999.5625,679.1625,1029.9375,655.8750,1014.7500
186,fish,0.7827,81.8367,1183.2750,127.2727,1219.7250,104.5547,1201.5000
186,fish,0.7153,224.7750,952.5375,271.3500,986.9625,248.0625,969.7500
186,fish,0.6978,482.7375,868.8375,535.3875,915.4125,509.0625,892.1250
186,fish,0.6836,228.0375,399.2625,280.1812,437.7375,254.1094,418.5000
186,fish,0.6792,483.6375,367.7344,537.3000,410.7656,510.4688,389.2500
186,fish,0.6626,974.6437,399.9937,1022.2313,436.4438,998.4375,418.2188
186,fish,0.6489,731.0250,1241.1000,787.7250,1285.6500,759.3750,1263.3750
186,fish,0.6460,678.0375,271.6031,732.7125,310.5844,705.3750,291.0938
186,fish,0.6440,72.7313,687.9937,126.3937,729.5063,99.5625,708.7500
186,fish,0.6426,939.4875,990.6187,982.0125,1022.0063,960.7500,1006.3125
186,fish,0.6416,884.9250,1234.3500,937.5750,1278.9000,911.2500,1256.6250
186,fish,0.6250,911.1938,697.2750,960.8062,733.7250,936.0000,715.5000
186,fish,0.6177,481.8094,691.2563,532.9406,740.8687,507.3750,716.0625
186,fish,0.6113,752.0625,633.1500,802.6875,679.7250,777.3750,656.4375
186,fish,0.6050,493.5938,1251.9000,539.1562,1288.3500,516.3750,1270.1250
186,fish,0.5156,632.5875,999.5625,679.1625,1029.9375,655.8750,1014.7500
187,fish,0.7842,82.3008,1185.5250,125.9648,1221.9750,104.1328,1203.7500
187,fish,0.7661,224.8875,962.7750,273.4875,999.2250,249.1875,981.0000
187,fish,0.7593,486.2250,348.3562,540.9000,391.8938,513.5625,370.1250
187,fish,0.7104,752.1187,642.8250,803.7563,691.4250,777.9375,667.1250
187,fish,0.7056,482.1187,898.9875,533.7563,941.5125,507.9375,920.2500
187,fish,0.6802,229.0078,392.5688,280.8984,432.0562,254.9531,412.3125
187,fish,0.6646,974.0812,400.2750,1021.6688,436.7250,997.8750,418.5000
187,fish,0.6577,462.9375,698.7375,518.6250,741.2625,490.7812,720.0000
187,fish,0.6567,66.7828,682.9875,122.2172,725.5125,94.5000,704.2500
187,fish,0.6436,731.0250,1241.1000,787.7250,1285.6500,759.3750,1263.3750
187,fish,0.6416,679.1625,271.6875,733.8375,312.1875,706.5000,291.9375
187,fish,0.6279,939.4875,990.6187,982.0125,1022.0063,960.7500,1006.3125
187,fish,0.6270,884.9250,1233.2250,937.5750,1277.7750,911.2500,1255.5000
187,fish,0.6226,911.7000,697.2750,960.3000,733.7250,936.0000,715.5000
187,fish,0.6040,496.1250,1250.7750,541.6875,1287.2250,518.9062,1269.0000
187,fish,0.5312,632.5875,999.5625,679.1625,1029.9375,655.8750,1014.7500
188,fish,0.7920,83.1797,1184.5125,127.4766,1222.9875,105.3281,1203.7500
188,fish,0.7720,224.1281,969.4688,271.7156,1004.9062,247.9219,987.1875
188,fish,0.7075,230.1188,386.8875,281.7563,425.3625,255.9375,406.1250
188,fish,0.6978,482.1187,932.0063,533.7563,971.4937,507.9375,951.7500
188,fish,0.6870,488.3906,329.1750,541.5469,371.7000,514.9688,350.4375
188,fish,0.6689,750.4312,655.8188,802.0688,705.4312,776.2500,680.6250
188,fish,0.6665,974.7000,400.2469,1023.3000,436.1906,999.0000,418.2188
188,fish,0.6655,680.8500,273.8813,735.5250,313.3687,708.1875,293.6250
188,fish,0.6558,442.8000,700.2000,495.4500,738.6750,469.1250,719.4375
188,fish,0.6558,729.9000,1241.1000,786.6000,1285.6500,758.2500,1263.3750
188,fish,0.6514,939.4875,990.5625,982.0125,1020.9375,960.7500,1005.7500
188,fish,0.6387,62.9385,680.6250,118.1514,721.1250,90.5449,700.8750
188,fish,0.6216,887.1750,1234.2375,939.8250,1276.7625,913.5000,1255.5000
188,fish,0.6162,911.7000,697.2750,960.3000,733.7250,936.0000,715.5000
188,fish,0.5938,495.9000,1248.6375,542.4750,1287.1125,519.1875,1267.8750
188,fish,0.5254,632.5875,999.5625,679.1625,1029.9375,655.8750,1014.7500
189,fish,0.7866,83.2641,1186.7625,126.5484,1225.2375,104.9062,1206.0000
189,fish,0.7217,487.5469,312.8062,540.7031,354.3188,514.1250,333.5625
189,fish,0.7139,223.2000,976.2750,271.8000,1012.7250,247.5000,994.5000
189,fish,0.6992,228.6703,380.9531,279.5484,418.9219,254.1094,399.9375
189,fish,0.6958,477.6750,952.9875,530.3250,995.5125,504.0000,974.2500
189,fish,0.6885,681.4125,276.3844,736.0875,315.3656,708.7500,295.8750
189,fish,0.6758,974.7000,400.2469,1023.3000,436.1906,999.0000,418.2188
189,fish,0.6704,425.5031,700.8750,480.6844,741.3750,453.0938,721.1250
189,fish,0.6592,731.0250,1241.1000,787.7250,1285.6500,759.3750,1263.3750
189,fish,0.6406,60.7148,677.8125,115.7695,718.3125,88.2422,698.0625
189,fish,0.6406,939.4875,990.5625,982.0125,1020.9375,960.7500,1005.7500
189,fish,0.6289,887.1750,1234.2375,939.8250,1276.7625,913.5000,1255.5000
189,fish,0.6187,746.4937,668.2500,798.1313,718.8750,772.3125,693.5625
189,fish,0.5957,911.7000,697.8375,960.3000,734.2875,936.0000,716.0625
189,fish,0.5747,490.8938,1246.5000,538.4813,1287.0000,514.6875,1266.7500
189,fish,0.5381,632.5875,999.5625,679.1625,1029.9375,655.8750,1014.7500
190,fish,0.8276,84.4031,1187.7750,127.9406,1224.2250,106.1719,1206.0000
190,fish,0.7476,226.5469,378.3938,277.1719,415.8562,251.8594,397.1250
190,fish,0.7075,495.8438,1235.0250,541.4062,1271.4750,518.6250,1253.2500
190,fish,0.7026,487.2375,298.6313,539.8875,338.1187,513.5625,318.3750
190,fish,0.6899,477.6187,976.5000,529.2563,1017.0000,503.4375,996.7500
190,fish,0.6792,680.2875,276.9750,734.9625,316.4625,707.6250,296.7188
190,fish,0.6758,224.1141,986.2875,271.4484,1020.7125,247.7812,1003.5000
190,fish,0.6704,63.0141,679.3875,116.4234,717.8625,89.7188,698.6250
190,fish,0.6582,400.7812,698.6250,456.4688,739.1250,428.6250,718.8750
190,fish,0.6577,974.5875,400.5562,1021.1625,437.0063,997.8750,418.7812
190,fish,0.6494,731.0250,1239.9750,787.7250,1284.5250,759.3750,1262.2500
190,fish,0.6372,743.2875,676.8000,797.9625,729.4500,770.6250,703.1250
190,fish,0.6323,887.2875,1234.2375,941.9625,1276.7625,914.6250,1255.5000
190,fish,0.6318,938.9813,990.6750,982.5187,1023.0750,960.7500,1006.8750
190,fish,0.5938,911.7000,697.8375,960.3000,734.2875,936.0000,716.0625
190,fish,0.5205,632.0812,999.0562,679.6688,1030.4437,655.8750,1014.7500
191,fish,0.8057,85.9078,1187.7750,128.6859,1224.2250,107.2969,1206.0000
191,fish,0.7231,226.9828,378.3938,277.8609,415.8562,252.4219,397.1250
191,fish,0.7090,491.6531,1222.7625,537.7219,1261.2375,514.6875,1242.0000
191,fish,0.6851,680.2875,277.5375,734.9625,317.0250,707.6250,297.2812
191,fish,0.6772,473.7937,988.8750,527.4562,1029.3750,500.6250,1009.1250
191,fish,0.6689,64.7209,677.2500,117.8455,717.7500,91.2832,697.5000
191,fish,0.6655,222.9609,984.1500,269.7891,1020.6000,246.3750,1002.3750
191,fish,0.6646,484.9875,294.4406,537.6375,334.4344,511.3125,314.4375
191,fish,0.6592,975.7125,400.8375,1022.2875,437.2875,999.0000,419.0625
191,fish,0.6533,375.0188,698.6250,432.7312,739.1250,403.8750,718.8750
191,fish,0.6460,731.0250,1239.9750,787.7250,1284.5250,759.3750,1262.2500
191,fish,0.6343,886.7250,1233.1125,941.4000,1275.6375,914.0625,1254.3750
191,fish,0.6187,939.4875,990.6187,982.0125,1022.0063,960.7500,1006.3125
191,fish,0.6040,739.5750,679.1063,798.3000,732.7687,768.9375,705.9375
191,fish,0.5850,912.2625,697.8375,960.8625,734.2875,936.5625,716.0625
191,fish,0.5166,632.0812,999.5625,679.6688,1029.9375,655.8750,1014.7500
192,fish,0.7866,85.7812,1185.5250,128.8125,1221.9750,107.2969,1203.7500
192,fish,0.7104,232.2703,374.4844,279.6047,407.3906,255.9375,390.9375
192,fish,0.7007,481.1625,295.2281,535.8375,334.2094,508.5000,314.7188
192,fish,0.7007,66.4453,675.0000,120.8672,715.5000,93.6562,695.2500
192,fish,0.6909,680.8500,277.0664,735.5250,315.6680,708.1875,296.3672
192,fish,0.6733,223.3828,983.0250,270.2109,1019.4750,246.7969,1001.2500
192,fish,0.6646,939.4875,991.1812,982.0125,1022.5688,960.7500,1006.8750
192,fish,0.6582,488.7000,963.1125,537.3000,1005.6375,513.0000,984.3750
192,fish,0.6582,975.7125,401.9344,1022.2875,437.8781,999.0000,419.9062
192,fish,0.6436,731.0250,1241.1000,787.7250,1285.6500,759.3750,1263.3750
192,fish,0.6372,887.2875,1235.2500,941.9625,1275.7500,914.6250,1255.5000
192,fish,0.6343,352.7719,695.8125,409.9781,736.3125,381.3750,716.0625
192,fish,0.6343,491.3438,1217.0250,536.9062,1253.4750,514.1250,1235.2500
192,fish,0.6279,739.0125,680.0625,797.7375,730.6875,768.3750,705.3750
192,fish,0.6162,912.2625,697.2750,960.8625,733.7250,936.5625,715.5000
192,fish,0.5254,633.7125,999.5625,680.2875,1029.9375,657.0000,1014.7500
193,fish,0.7622,85.9078,1184.4000,128.6859,1220.8500,107.2969,1202.6250
193,fish,0.7358,230.5406,370.9688,279.6469,406.4062,255.0938,388.6875
193,fish,0.7139,66.8953,674.3813,120.5578,713.8687,93.7266,694.1250
193,fish,0.6836,491.0063,908.1562,540.6187,953.7188,515.8125,930.9375
193,fish,0.6772,224.6484,980.7750,271.4766,1017.2250,248.0625,999.0000
193,fish,0.6768,681.4125,275.0063,736.0875,314.4937,708.7500,294.7500
193,fish,0.6611,939.4875,991.1812,982.0125,1022.5688,960.7500,1006.8750
193,fish,0.6592,975.7125,402.4688,1022.2875,437.9062,999.0000,420.1875
193,fish,0.6582,478.8562,297.4500,532.5187,335.9250,505.6875,316.6875
193,fish,0.6548,731.0250,1241.1000,787.7250,1285.6500,759.3750,1263.3750
193,fish,0.6440,487.5750,1215.9000,536.1750,1252.3500,511.8750,1234.1250
193,fish,0.6406,888.9188,1235.2500,942.5812,1275.7500,915.7500,1255.5000
193,fish,0.6270,332.8313,699.7500,385.4812,740.2500,359.1562,720.0000
193,fish,0.6133,911.7000,697.2750,960.3000,733.7250,936.0000,715.5000
193,fish,0.6113,741.2062,675.6750,798.9188,728.3250,770.0625,702.0000
193,fish,0.5156,633.7125,999.5625,680.2875,1029.9375,657.0000,1014.7500
194,fish,0.7622,84.5367,1183.2750,127.9477,1219.7250,106.2422,1201.5000
194,fish,0.7534,229.1766,376.1438,279.0422,413.6062,254.1094,394.8750
194,fish,0.7358,491.4563,1227.1500,539.0438,1263.6000,515.2500,1245.3750
194,fish,0.7090,480.4875,304.0594,533.1375,345.0656,506.8125,324.5625
194,fish,0.6943,489.3469,868.8375,539.4656,915.4125,514.4062,892.1250
194,fish,0.6851,70.4602,673.7625,121.2117,712.2375,95.8359,693.0000
194,fish,0.6592,975.7125,402.4688,1022.2875,437.9062,999.0000,420.1875
194,fish,0.6582,745.6500,668.9250,802.3500,721.5750,774.0000,695.2500
194,fish,0.6558,681.4125,272.1164,736.0875,312.7430,708.7500,292.4297
194,fish,0.6489,232.0031,971.1562,277.0594,1006.5938,254.5312,988.8750
194,fish,0.6479,939.4875,991.1812,982.0125,1022.5688,960.7500,1006.8750
194,fish,0.6470,731.0250,1241.1000,787.7250,1285.6500,759.3750,1263.3750
194,fish,0.6426,888.9750,1233.1125,943.6500,1275.6375,916.3125,1254.3750
194,fish,0.6250,314.6344,695.3625,368.8031,737.8875,341.7188,716.6250
194,fish,0.5957,911.7000,697.2750,960.3000,733.7250,936.0000,715.5000
194,fish,0.5293,633.2062,999.5625,680.7938,1029.9375,657.0000,1014.7500
195,fish,0.7905,228.1500,383.1469,277.2563,420.1031,252.7031,401.6250
195,fish,0.7646,83.3344,1183.2750,127.8844,1219.7250,105.6094,1201.5000
195,fish,0.7280,482.1750,320.1187,534.8250,361.6313,508.5000,340.8750
195,fish,0.7139,71.1000,673.7625,120.7125,712.2375,95.9062,693.0000
195,fish,0.7090,302.3438,693.2250,358.0312,737.7750,330.1875,715.5000
195,fish,0.6826,232.6359,951.0187,278.9578,988.4813,255.7969,969.7500
195,fish,0.6807,750.0375,653.1750,804.7125,705.8250,777.3750,679.5000
195,fish,0.6558,731.0250,1241.1000,787.7250,1285.6500,759.3750,1263.3750
195,fish,0.6558,975.7125,402.4688,1022.2875,437.9062,999.0000,420.1875
195,fish,0.6494,681.4125,270.6961,736.0875,311.0695,708.7500,290.8828
195,fish,0.6494,939.4875,991.1812,982.0125,1022.5688,960.7500,1006.8750
195,fish,0.6494,491.4563,1250.7750,539.0438,1287.2250,515.2500,1269.0000
195,fish,0.6436,487.4062,854.7750,538.0312,901.3500,512.7188,878.0625
195,fish,0.6245,911.7000,697.2750,960.3000,733.7250,936.0000,715.5000
195,fish,0.6235,890.1000,1233.1125,944.7750,1275.6375,917.4375,1254.3750
195,fish,0.5342,633.2062,999.0562,680.7938,1030.4437,657.0000,1014.7500
196,fish,0.7646,229.0781,389.5312,277.1719,424.9688,253.1250,407.2500
196,fish,0.7607,478.9688,329.1750,534.6562,371.7000,506.8125,350.4375
196,fish,0.7578,82.6453,1183.2750,127.4484,1219.7250,105.0469,1201.5000
196,fish,0.7188,750.0938,639.7313,805.7812,693.3937,777.9375,666.5625
196,fish,0.6807,73.5258,673.7625,125.0367,712.2375,99.2812,693.0000
196,fish,0.6621,489.5156,1255.2750,537.6094,1291.7250,513.5625,1273.5000
196,fish,0.6611,938.4188,991.1812,981.9562,1022.5688,960.1875,1006.8750
196,fish,0.6523,975.7125,402.4688,1022.2875,437.9062,999.0000,420.1875
196,fish,0.6523,294.6938,693.1125,349.3687,735.6375,322.0312,714.3750
196,fish,0.6514,681.9188,270.5063,735.5812,309.9937,708.7500,290.2500
196,fish,0.6514,232.5797,928.1812,280.4203,969.6938,256.5000,948.9375
196,fish,0.6489,731.0250,1241.1000,787.7250,1285.6500,759.3750,1263.3750
196,fish,0.6460,481.6125,851.1187,534.2625,892.6313,507.9375,871.8750
196,fish,0.6133,911.7000,697.7812,960.3000,733.2188,936.0000,715.5000
196,fish,0.6133,892.2938,1233.0000,945.9562,1273.5000,919.1250,1253.2500
196,fish,0.5303,632.7000,998.5500,681.3000,1030.9500,657.0000,1014.7500
197,fish,0.7417,82.0547,1180.0125,126.3516,1218.4875,104.2031,1199.2500
197,fish,0.7202,227.1656,390.9656,276.2719,426.9094,251.7188,408.9375
197,fish,0.7188,476.3813,337.0500,531.0562,379.5750,503.7188,358.3125
197,fish,0.6992,81.2531,672.6375,128.8406,711.1125,105.0469,691.8750
197,fish,0.6851,483.8625,868.7250,536.5125,913.2750,510.1875,891.0000
197,fish,0.6724,681.9188,270.7594,735.5812,309.7406,708.7500,290.2500
197,fish,0.6704,748.2938,631.2375,801.9562,683.8875,775.1250,657.5625
197,fish,0.6665,232.9875,916.7062,280.5750,954.1688,256.7812,935.4375
197,fish,0.6479,938.4188,990.6750,981.9562,1023.0750,960.1875,1006.8750
197,fish,0.6479,730.4625,1242.2250,787.1625,1286.7750,758.8125,1264.5000
197,fish,0.6479,975.7125,402.4688,1022.2875,437.9062,999.0000,420.1875
197,fish,0.6323,489.2625,1255.2750,537.8625,1291.7250,513.5625,1273.5000
197,fish,0.6250,293.7375,691.0312,346.3875,736.5938,320.0625,713.8125
197,fish,0.6206,895.1625,1233.1125,949.8375,1275.6375,922.5000,1254.3750
197,fish,0.6021,911.7000,697.2750,960.3000,733.7250,936.0000,715.5000
197,fish,0.5264,632.1938,997.9875,681.8062,1030.3875,657.0000,1014.1875
198,fish,0.7231,483.8062,896.2875,535.4438,940.8375,509.6250,918.5625
198,fish,0.7202,231.3000,908.8875,278.8875,947.3625,255.0938,928.1250
198,fish,0.7104,82.0266,1178.7750,125.8172,1215.2250,103.9219,1197.0000
198,fish,0.7075,473.0344,340.4250,528.2156,382.9500,500.6250,361.6875
198,fish,0.6919,90.6258,674.1562,137.3273,709.5938,113.9766,691.8750
198,fish,0.6899,227.7281,393.4688,276.8344,428.9062,252.2812,411.1875
198,fish,0.6802,745.0312,625.1625,800.7188,679.8375,772.8750,652.5000
198,fish,0.6621,680.2875,271.0406,734.9625,310.0219,707.6250,290.5312
198,fish,0.6533,730.4625,1242.2250,787.1625,1286.7750,758.8125,1264.5000
198,fish,0.6489,938.3625,991.1812,980.8875,1022.5688,959.6250,1006.8750
198,fish,0.6479,975.7125,402.2156,1022.2875,438.1594,999.0000,420.1875
198,fish,0.6416,490.0781,1255.2750,538.1719,1291.7250,514.1250,1273.5000
198,fish,0.6270,897.4125,1231.9875,952.0875,1274.5125,924.7500,1253.2500
198,fish,0.5889,911.7000,697.2750,960.3000,733.7250,936.0000,715.5000
198,fish,0.5806,290.3977,693.2812,346.2117,738.8438,318.3047,716.0625
198,fish,0.4951,632.7000,998.4937,681.3000,1029.8812,657.0000,1014.1875
199,fish,0.7490,495.2250,1237.2750,539.7750,1273.7250,517.5000,1255.5000
199,fish,0.7104,230.4563,905.5125,278.0437,943.9875,254.2500,924.7500
199,fish,0.7075,225.5203,396.4500,275.3859,434.9250,250.4531,415.6875
199,fish,0.7007,481.6125,927.1125,534.2625,969.6375,507.9375,948.3750
199,fish,0.6978,82.8141,1176.5250,125.5922,1212.9750,104.2031,1194.7500
199,fish,0.6802,480.0375,341.9438,534.7125,381.4312,507.3750,361.6875
199,fish,0.6792,98.9578,674.8875,148.8234,713.3625,123.8906,694.1250
199,fish,0.6602,938.3625,990.6750,980.8875,1023.0750,959.6250,1006.8750
199,fish,0.6577,680.2875,271.0125,734.9625,309.4875,707.6250,290.2500
199,fish,0.6494,975.7125,402.2156,1022.2875,438.1594,999.0000,420.1875
199,fish,0.6460,731.0250,1242.2250,787.7250,1286.7750,759.3750,1264.5000
199,fish,0.6450,743.2875,621.7875,797.9625,676.4625,770.6250,649.1250
199,fish,0.6406,900.6187,1231.8750,952.2563,1272.3750,926.4375,1252.1250
199,fish,0.5898,910.6875,698.4000,961.3125,734.8500,936.0000,716.6250
199,fish,0.5815,291.6844,692.2125,347.8781,738.7875,319.7812,715.5000
199,fish,0.4814,633.8250,998.4937,682.4250,1029.8812,658.1250,1014.1875
199,fish,0.4055,494.7750,1231.5375,541.3500,1265.9625,518.0625,1248.7500
200,fish,0.7168,493.3125,1221.5250,538.8750,1257.9750,516.0938,1239.7500
200,fish,0.7124,110.8266,677.5875,159.1734,714.0375,135.0000,695.8125
200,fish,0.7090,82.9828,1174.2750,126.2672,1210.7250,104.6250,1192.5000
200,fish,0.7056,476.6062,950.1187,530.2687,991.6313,503.4375,970.8750
200,fish,0.6978,226.1109,404.8313,276.4828,442.2937,251.2969,423.5625
200,fish,0.6885,484.5375,332.5219,539.2125,374.5406,511.8750,353.5312
200,fish,0.6670,678.0938,269.9719,733.7812,309.9656,705.9375,289.9688
200,fish,0.6646,227.4469,906.7500,276.5531,947.2500,252.0000,927.0000
200,fish,0.6602,306.5625,692.6063,357.1875,736.1437,331.8750,714.3750
200,fish,0.6470,975.7125,402.2437,1022.2875,438.6938,999.0000,420.4688
200,fish,0.6362,731.0250,1239.9750,787.7250,1284.5250,759.3750,1262.2500
200,fish,0.6250,901.6875,1230.7500,952.3125,1271.2500,927.0000,1251.0000
200,fish,0.6216,939.4875,991.1812,982.0125,1022.5688,960.7500,1006.8750
200,fish,0.6196,740.0250,617.7375,796.7250,670.3875,768.3750,644.0625
200,fish,0.6040,911.7563,697.8375,961.3687,734.2875,936.5625,716.0625
200,fish,0.4980,631.5750,997.9875,680.1750,1030.3875,655.8750,1014.1875
201,fish,0.7446,84.2203,1169.7750,126.9984,1206.2250,105.6094,1188.0000
201,fish,0.6724,127.1355,680.5125,176.6848,718.9875,151.9102,699.7500
201,fish,0.6646,225.4219,914.9625,273.5156,951.4125,249.4688,933.1875
201,fish,0.6602,481.5562,957.9375,533.1938,998.4375,507.3750,978.1875
201,fish,0.6567,486.7312,322.9312,540.3937,364.4438,513.5625,343.6875
201,fish,0.6523,677.5312,270.5344,733.2188,310.5281,705.3750,290.5312
201,fish,0.6504,975.7125,402.5250,1022.2875,438.9750,999.0000,420.7500
201,fish,0.6440,731.0250,1239.9750,787.7250,1284.5250,759.3750,1262.2500
201,fish,0.6362,223.3688,413.5781,275.0063,451.5469,249.1875,432.5625
201,fish,0.6333,744.3000,618.0750,796.9500,666.6750,770.6250,642.3750
201,fish,0.6270,323.4937,689.2875,375.1313,733.8375,349.3125,711.5625
201,fish,0.6270,902.8125,1229.6250,953.4375,1270.1250,928.1250,1249.8750
201,fish,0.6260,491.9062,1212.5250,537.4688,1248.9750,514.6875,1230.7500
201,fish,0.6226,939.4875,991.1812,982.0125,1022.5688,960.7500,1006.8750
201,fish,0.6069,911.7563,697.8375,961.3687,734.2875,936.5625,716.0625
201,fish,0.4980,631.5750,997.9875,680.1750,1030.3875,655.8750,1014.1875
202,fish,0.7520,84.5578,1168.6500,127.0828,1205.1000,105.8203,1186.8750
202,fish,0.7266,489.6281,926.1000,539.7469,970.6500,514.6875,948.3750
202,fish,0.6943,220.9922,918.4500,270.3516,956.9250,245.6719,937.6875
202,fish,0.6899,486.4500,313.9312,540.1125,355.4438,513.2812,334.6875
202,fish,0.6870,137.0813,679.4438,189.7312,718.9312,163.4062,699.1875
202,fish,0.6782,223.1156,419.2031,275.2594,457.1719,249.1875,438.1875
202,fish,0.6714,488.6438,1210.2750,536.2313,1246.7250,512.4375,1228.5000
202,fish,0.6533,744.4125,621.4500,799.0875,670.0500,771.7500,645.7500
202,fish,0.6523,975.7125,401.9625,1022.2875,438.4125,999.0000,420.1875
202,fish,0.6479,731.0250,1239.9750,787.7250,1284.5250,759.3750,1262.2500
202,fish,0.6406,346.5000,686.3625,397.1250,728.8875,371.8125,707.6250
202,fish,0.6353,938.4750,990.1125,983.0250,1022.5125,960.7500,1006.3125
202,fish,0.6309,905.0625,1230.7500,955.6875,1271.2500,930.3750,1251.0000
202,fish,0.6206,678.0375,272.0602,732.7125,311.6742,705.3750,291.8672
202,fish,0.5991,912.8250,697.8375,961.4250,734.2875,937.1250,716.0625
202,fish,0.4893,631.5750,997.9875,680.1750,1030.3875,655.8750,1014.1875
203,fish,0.7446,85.3453,1167.5250,128.1234,1203.9750,106.7344,1185.7500
203,fish,0.7373,216.8156,925.7625,266.9344,964.2375,241.8750,945.0000
203,fish,0.7310,489.5719,877.1625,538.6781,921.7125,514.1250,899.4375
203,fish,0.7026,149.2875,680.6250,203.9625,721.1250,176.6250,700.8750
203,fish,0.7007,492.4125,1203.5250,536.9625,1239.9750,514.6875,1221.7500
203,fish,0.6992,743.2875,633.9375,797.9625,684.5625,770.6250,659.2500
203,fish,0.6875,483.6375,308.1938,537.3000,347.6812,510.4688,327.9375
203,fish,0.6772,223.6922,419.5125,276.0891,457.9875,249.8906,438.7500
203,fish,0.6758,365.7375,686.2500,418.3875,726.7500,392.0625,706.5000
203,fish,0.6533,732.0375,1239.9750,786.7125,1284.5250,759.3750,1262.2500
203,fish,0.6514,975.7125,401.9625,1022.2875,438.4125,999.0000,420.1875
203,fish,0.6309,678.4875,273.8813,731.1375,313.3687,704.8125,293.6250
203,fish,0.6289,905.0625,1229.7375,955.6875,1272.2625,930.3750,1251.0000
203,fish,0.6250,938.9813,990.6750,982.5187,1023.0750,960.7500,1006.8750
203,fish,0.5972,912.8250,697.8375,961.4250,734.2875,937.1250,716.0625
203,fish,0.5156,631.5750,997.4250,680.1750,1029.8250,655.8750,1013.6250
204,fish,0.7798,214.6500,934.7625,263.7563,973.2375,239.2031,954.0000
204,fish,0.7417,85.3664,1165.2750,128.5242,1201.7250,106.9453,1183.5000
204,fish,0.7280,479.9812,303.3844,533.6437,342.3656,506.8125,322.8750
204,fish,0.7056,489.2344,1217.1375,537.3281,1255.6125,513.2812,1236.3750
204,fish,0.6860,383.9344,691.8750,435.0656,732.3750,409.5000,712.1250
204,fish,0.6802,486.8438,857.4750,537.4688,902.0250,512.1562,879.7500
204,fish,0.6665,162.3938,685.0688,215.0437,724.5562,188.7188,704.8125
204,fish,0.6533,975.7125,401.9625,1022.2875,438.4125,999.0000,420.1875
204,fish,0.6523,731.0250,1239.9750,787.7250,1284.5250,759.3750,1262.2500
204,fish,0.6479,678.4312,274.7250,730.0688,314.2125,704.2500,294.4688
204,fish,0.6289,225.1125,421.2000,277.7625,459.6750,251.4375,440.4375
204,fish,0.6260,938.9813,990.6750,982.5187,1023.0750,960.7500,1006.8750
204,fish,0.6226,905.1187,1229.7375,956.7563,1272.2625,930.9375,1251.0000
204,fish,0.6177,744.4125,645.4125,799.0875,700.0875,771.7500,672.7500
204,fish,0.6050,912.8250,697.8375,961.4250,734.2875,937.1250,716.0625
204,fish,0.5312,631.5750,998.4937,680.1750,1029.8812,655.8750,1014.1875
205,fish,0.7432,213.4266,944.7750,263.2922,981.2250,238.3594,963.0000
205,fish,0.7295,483.8625,304.0312,536.5125,344.5312,510.1875,324.2812
205,fish,0.7295,86.3156,1164.1500,128.8406,1200.6000,107.5781,1182.3750
205,fish,0.6836,489.7688,1228.2750,537.3563,1264.7250,513.5625,1246.5000
205,fish,0.6724,172.7719,690.1313,224.9156,729.6187,198.8438,709.8750
205,fish,0.6533,975.7125,401.4000,1022.2875,437.8500,999.0000,419.6250
205,fish,0.6523,731.0250,1239.9750,787.7250,1284.5250,759.3750,1262.2500
205,fish,0.6494,675.6750,276.1031,728.3250,315.0844,702.0000,295.5938
205,fish,0.6318,938.4188,990.6750,981.9562,1023.0750,960.1875,1006.8750
205,fish,0.6309,394.5938,695.3625,450.2812,737.8875,422.4375,716.6250
205,fish,0.6299,486.5063,855.0562,536.1187,896.5688,511.3125,875.8125
205,fish,0.6279,224.9578,419.8219,277.3547,458.8031,251.1562,439.3125
205,fish,0.6196,746.6063,663.8625,800.2687,716.5125,773.4375,690.1875
205,fish,0.6177,906.7500,1229.7375,957.3750,1272.2625,932.0625,1251.0000
205,fish,0.6001,911.7563,698.4000,961.3687,734.8500,936.5625,716.6250
205,fish,0.5371,632.6437,999.0562,680.2313,1030.4437,656.4375,1014.7500
206,fish,0.7520,87.3070,1160.7750,129.9586,1197.2250,108.6328,1179.0000
206,fish,0.7124,213.3562,952.6500,261.9563,989.1000,237.6562,970.8750
206,fish,0.6919,490.8938,1235.0250,538.4813,1271.4750,514.6875,1253.2500
206,fish,0.6909,485.4937,857.4750,537.1313,902.0250,511.3125,879.7500
206,fish,0.6826,480.6562,313.7063,536.3438,356.2312,508.5000,334.9688
206,fish,0.6592,731.0250,1239.9750,787.7250,1284.5250,759.3750,1262.2500
206,fish,0.6567,226.3500,417.7688,275.9625,455.2312,251.1562,436.5000
206,fish,0.6567,184.3031,694.0688,236.4469,733.5562,210.3750,713.8125
206,fish,0.6538,975.7125,401.9344,1022.2875,437.8781,999.0000,419.9062
206,fish,0.6489,675.1125,276.6656,727.7625,315.6469,701.4375,296.1562
206,fish,0.6235,939.4875,990.6750,982.0125,1023.0750,960.7500,1006.8750
206,fish,0.6235,907.8750,1229.7375,958.5000,1272.2625,933.1875,1251.0000
206,fish,0.6162,416.8687,700.7625,468.5063,739.2375,442.6875,720.0000
206,fish,0.6133,745.0312,675.7875,800.7188,730.4625,772.8750,703.1250
206,fish,0.5957,911.7563,698.4000,961.3687,734.8500,936.5625,716.6250
206,fish,0.5371,632.6437,999.0562,680.2313,1030.4437,656.4375,1014.7500
207,fish,0.7417,88.2562,1158.5250,131.5406,1194.9750,109.8984,1176.7500
207,fish,0.7041,480.5437,322.9875,534.2062,365.5125,507.3750,344.2500
207,fish,0.6978,215.5781,959.9062,263.6719,995.3438,239.6250,977.6250
207,fish,0.6929,480.5156,875.5312,533.6719,921.0938,507.0938,898.3125
207,fish,0.6626,432.1125,698.6250,484.7625,739.1250,458.4375,718.8750
207,fish,0.6558,731.0250,1242.1125,787.7250,1284.6375,759.3750,1263.3750
207,fish,0.6538,975.7125,401.9344,1022.2875,437.8781,999.0000,419.9062
207,fish,0.6426,673.4250,275.2875,726.0750,314.7750,699.7500,295.0312
207,fish,0.6416,192.6703,697.3875,243.5484,735.8625,218.1094,716.6250
207,fish,0.6318,938.4188,990.6750,981.9562,1023.0750,960.1875,1006.8750
207,fish,0.6187,908.4375,1229.7375,959.0625,1272.2625,933.7500,1251.0000
207,fish,0.6162,225.0563,414.5063,276.6938,453.9937,250.8750,434.2500
207,fish,0.5981,740.7000,681.4125,799.4250,736.0875,770.0625,708.7500
207,fish,0.5957,911.7563,698.4000,961.3687,734.8500,936.5625,716.6250
207,fish,0.5947,495.0000,1237.2750,540.5625,1273.7250,517.7812,1255.5000
207,fish,0.5244,632.6437,999.5625,680.2313,1029.9375,656.4375,1014.7500
208,fish,0.7388,478.9688,331.9312,534.6562,373.4438,506.8125,352.6875
208,fish,0.7324,88.7555,1157.4000,132.1664,1193.8500,110.4609,1175.6250
208,fish,0.7202,483.2437,896.8500,534.8813,941.4000,509.0625,919.1250
208,fish,0.6851,215.7750,968.9062,262.3500,1004.3438,239.0625,986.6250
208,fish,0.6714,445.0219,698.6250,497.1656,739.1250,471.0938,718.8750
208,fish,0.6699,499.7250,1235.0250,544.2750,1271.4750,522.0000,1253.2500
208,fish,0.6533,731.0250,1242.1125,787.7250,1284.6375,759.3750,1263.3750
208,fish,0.6523,975.7125,401.4000,1022.2875,437.8500,999.0000,419.6250
208,fish,0.6406,229.1062,409.2750,277.7063,445.7250,253.4062,427.5000
208,fish,0.6343,938.4188,991.1812,981.9562,1022.5688,960.1875,1006.8750
208,fish,0.6318,199.4344,698.5125,250.5656,736.9875,225.0000,717.7500
208,fish,0.6289,671.6812,273.5086,723.3188,313.8820,697.5000,293.6953
208,fish,0.6084,910.5750,1229.7375,959.1750,1272.2625,934.8750,1251.0000
208,fish,0.6011,740.1375,680.1750,798.8625,732.8250,769.5000,706.5000
208,fish,0.6001,911.7563,698.4000,961.3687,734.8500,936.5625,716.6250
208,fish,0.5117,632.5875,999.5625,679.1625,1029.9375,655.8750,1014.7500
209,fish,0.7417,501.9187,1228.2750,545.4562,1264.7250,523.6875,1246.5000
209,fish,0.7280,89.3039,1156.2750,132.4617,1192.7250,110.8828,1174.5000
209,fish,0.6992,481.0500,336.9094,533.7000,376.9031,507.3750,356.9062
209,fish,0.6992,213.5531,976.7250,260.6344,1011.1500,237.0938,993.9375
209,fish,0.6943,456.3000,699.1875,508.9500,739.6875,482.6250,719.4375
209,fish,0.6943,479.3625,915.9750,532.0125,960.5250,505.6875,938.2500
209,fish,0.6768,230.4422,399.8250,280.3078,438.3000,255.3750,419.0625
209,fish,0.6680,207.5062,699.6375,262.1812,738.1125,234.8438,718.8750
209,fish,0.6558,731.0250,1242.1125,787.7250,1284.6375,759.3750,1263.3750
209,fish,0.6548,975.1500,400.8375,1021.7250,437.2875,998.4375,419.0625
209,fish,0.6343,669.0375,271.8773,723.7125,313.2633,696.3750,292.5703
209,fish,0.6216,743.9625,680.1750,800.6625,732.8250,772.3125,706.5000
209,fish,0.6167,938.3625,991.1812,980.8875,1022.5688,959.6250,1006.8750
209,fish,0.5991,911.7563,698.4000,961.3687,734.8500,936.5625,716.6250
209,fish,0.5527,910.5750,1230.7500,959.1750,1271.2500,934.8750,1251.0000
209,fish,0.5078,632.0812,999.0562,679.6688,1030.4437,655.8750,1014.7500
210,fish,0.7139,213.1875,980.7750,258.7500,1017.2250,235.9688,999.0000
210,fish,0.7041,480.0094,337.5000,534.1781,378.0000,507.0938,357.7500
210,fish,0.7041,89.6344,1156.2750,133.6781,1192.7250,111.6562,1174.5000
210,fish,0.6929,234.0141,378.1969,284.8922,417.1781,259.4531,397.6875
210,fish,0.6885,215.5078,700.8750,269.9297,741.3750,242.7188,721.1250
210,fish,0.6875,497.5875,1226.0250,544.1625,1262.4750,520.8750,1244.2500
210,fish,0.6841,479.3906,932.7375,532.5469,975.2625,505.9688,954.0000
210,fish,0.6670,974.7000,400.2750,1023.3000,436.7250,999.0000,418.5000
210,fish,0.6636,467.3250,698.7375,520.9875,741.2625,494.1562,720.0000
210,fish,0.6538,666.7875,270.7523,721.4625,312.1383,694.1250,291.4453
210,fish,0.6333,729.9000,1242.1125,786.6000,1284.6375,758.2500,1263.3750
210,fish,0.6245,750.6562,667.9688,806.3438,723.6562,778.5000,695.8125
210,fish,0.5908,912.3188,698.4000,961.9312,734.8500,937.1250,716.6250
210,fish,0.5718,937.2375,992.8125,979.7625,1023.1875,958.5000,1008.0000
210,fish,0.5601,910.5750,1230.7500,959.1750,1271.2500,934.8750,1251.0000
210,fish,0.4912,632.5875,999.5625,679.1625,1029.9375,655.8750,1014.7500
211,fish,0.7188,481.8938,341.4937,534.5438,383.0063,508.2188,362.2500
211,fish,0.7188,90.8438,1156.2750,133.8750,1192.7250,112.3594,1174.5000
211,fish,0.7090,210.5719,982.9125,254.6156,1017.3375,232.5938,1000.1250
211,fish,0.7026,751.1625,649.9125,805.8375,704.5875,778.5000,677.2500
211,fish,0.6919,232.3688,356.8781,284.0063,396.8719,258.1875,376.8750
211,fish,0.6919,473.2031,698.7375,526.3594,741.2625,499.7812,720.0000
211,fish,0.6860,487.4062,917.0438,538.0312,960.5812,512.7188,938.8125
211,fish,0.6592,974.1375,399.4594,1022.7375,436.4156,998.4375,417.9375
211,fish,0.6387,666.2250,270.5625,720.9000,311.0625,693.5625,290.8125
211,fish,0.6353,729.9000,1239.9750,786.6000,1284.5250,758.2500,1262.2500
211,fish,0.6260,219.2484,697.5000,272.6578,738.0000,245.9531,717.7500
211,fish,0.5991,912.3188,698.4000,961.9312,734.8500,937.1250,716.6250
211,fish,0.5972,488.8406,1220.5125,534.9094,1258.9875,511.8750,1239.7500
211,fish,0.5796,937.8000,992.8125,980.3250,1023.1875,959.0625,1008.0000
211,fish,0.5469,912.8813,1230.7500,962.4937,1271.2500,937.6875,1251.0000
211,fish,0.4971,630.4500,997.9875,679.0500,1030.3875,654.7500,1014.1875
212,fish,0.7168,750.0375,636.9188,804.7125,690.5812,777.3750,663.7500
212,fish,0.7168,488.5312,885.6000,539.1562,930.1500,513.8438,907.8750
212,fish,0.7124,233.4656,332.8875,284.5969,371.3625,259.0312,352.1250
212,fish,0.7124,92.1234,1155.2625,135.4078,1193.7375,113.7656,1174.5000
212,fish,0.7090,479.7281,350.4937,533.8969,392.0063,506.8125,371.2500
212,fish,0.6748,218.6719,696.3750,271.8281,736.8750,245.2500,716.6250
212,fish,0.6733,469.6594,1226.0250,514.7156,1262.4750,492.1875,1244.2500
212,fish,0.6724,973.0125,399.2063,1021.6125,436.6687,997.3125,417.9375
212,fish,0.6611,478.2937,699.7500,531.9562,740.2500,505.1250,720.0000
212,fish,0.6592,202.5000,983.9813,248.0625,1017.3937,225.2812,1000.6875
212,fish,0.6377,729.9000,1239.9750,786.6000,1284.5250,758.2500,1262.2500
212,fish,0.6270,667.3500,270.2531,722.0250,310.2469,694.6875,290.2500
212,fish,0.5938,912.3188,698.4000,961.9312,734.8500,937.1250,716.6250
212,fish,0.5898,937.8000,992.8125,980.3250,1023.1875,959.0625,1008.0000
212,fish,0.5420,909.4500,1230.7500,958.0500,1271.2500,933.7500,1251.0000
212,fish,0.5137,632.0812,999.5625,679.6688,1029.9375,655.8750,1014.7500
213,fish,0.7373,480.4875,357.4688,533.1375,397.9688,506.8125,377.7188
213,fish,0.7295,93.1148,1154.2500,136.5258,1194.7500,114.8203,1174.5000
213,fish,0.7148,185.6250,980.0438,231.1875,1013.4562,208.4062,996.7500
213,fish,0.7075,747.6750,631.8000,800.3250,684.4500,774.0000,658.1250
213,fish,0.6958,461.4187,1232.6625,504.9563,1267.0875,483.1875,1249.8750
213,fish,0.6714,973.5750,399.2063,1022.1750,436.6687,997.8750,417.9375
213,fish,0.6680,219.5156,694.2375,272.6719,736.7625,246.0938,715.5000
213,fish,0.6626,231.5250,313.6500,283.1625,350.1000,257.3438,331.8750
213,fish,0.6450,483.8344,699.2437,535.9781,740.7563,509.9062,720.0000
213,fish,0.6362,487.1250,868.7250,537.7500,913.2750,512.4375,891.0000
213,fish,0.6343,730.4625,1239.9750,787.1625,1284.5250,758.8125,1262.2500
213,fish,0.6235,667.4062,270.2812,723.0938,310.7812,695.2500,290.5312
213,fish,0.6011,938.3625,992.8125,980.8875,1023.1875,959.6250,1008.0000
213,fish,0.5859,912.8250,698.4000,961.4250,734.8500,937.1250,716.6250
213,fish,0.5430,910.5750,1230.7500,959.1750,1271.2500,934.8750,1251.0000
213,fish,0.5332,632.7000,999.5625,681.3000,1029.9375,657.0000,1014.7500
214,fish,0.7217,95.2734,1154.1375,139.5703,1192.6125,117.4219,1173.3750
214,fish,0.7129,173.0531,977.8500,220.1344,1012.2750,196.5938,995.0625
214,fish,0.7104,482.2031,359.4375,535.3594,399.9375,508.7812,379.6875
214,fish,0.6807,227.6016,313.3969,279.4922,350.3531,253.5469,331.8750
214,fish,0.6704,742.1625,626.1750,796.8375,678.8250,769.5000,652.5000
214,fish,0.6670,973.5750,400.0219,1022.1750,436.9781,997.8750,418.5000
214,fish,0.6655,484.9312,854.2125,536.5688,900.7875,510.7500,877.5000
214,fish,0.6436,731.0250,1239.9750,787.7250,1284.5250,759.3750,1262.2500
214,fish,0.6406,452.4187,1241.5500,495.9563,1273.9500,474.1875,1257.7500
214,fish,0.6318,667.4062,270.9914,723.0938,311.6180,695.2500,291.3047
214,fish,0.6245,483.5250,695.4750,535.1625,740.0250,509.3438,717.7500
214,fish,0.6177,217.3219,698.6250,271.4906,739.1250,244.4062,718.8750
214,fish,0.5918,913.4438,697.2750,963.0562,733.7250,938.2500,715.5000
214,fish,0.5601,938.3625,992.7563,980.8875,1022.1187,959.6250,1007.4375
214,fish,0.5293,632.7000,999.5625,681.3000,1029.9375,657.0000,1014.7500
214,fish,0.5225,910.0125,1230.7500,958.6125,1271.2500,934.3125,1251.0000
215,fish,0.7188,98.4656,1155.2625,142.0031,1193.7375,120.2344,1174.5000
215,fish,0.7056,485.0719,349.5094,539.2406,393.5531,512.1562,371.5312
215,fish,0.6909,229.8516,316.9688,281.7422,352.4062,255.7969,334.6875
215,fish,0.6733,736.7625,623.8687,795.4875,675.5063,766.1250,649.6875
215,fish,0.6626,972.4500,400.3031,1021.0500,437.2594,996.7500,418.7812
215,fish,0.6582,482.9344,847.3500,534.0656,891.9000,508.5000,869.6250
215,fish,0.6406,161.9297,977.2875,208.7578,1011.7125,185.3438,994.5000
215,fish,0.6387,731.0250,1242.1125,787.7250,1284.6375,759.3750,1263.3750
215,fish,0.6377,447.8062,1246.0500,489.3188,1278.4500,468.5625,1262.2500
215,fish,0.6216,669.0375,271.9406,723.7125,311.9344,696.3750,291.9375
215,fish,0.6196,218.9812,695.2500,272.6438,735.7500,245.8125,715.5000
215,fish,0.6196,935.1000,991.7437,979.6500,1023.1313,957.3750,1007.4375
215,fish,0.5972,481.6687,696.0938,535.3312,741.6562,508.5000,718.8750
215,fish,0.5879,911.8125,698.4000,962.4375,734.8500,937.1250,716.6250
215,fish,0.5449,911.1375,1228.5000,959.7375,1269.0000,935.4375,1248.7500
215,fish,0.5342,632.7000,999.0562,681.3000,1030.4437,657.0000,1014.7500
216,fish,0.7505,100.7297,1157.4000,144.5203,1193.8500,122.6250,1175.6250
216,fish,0.7090,485.7188,861.3563,536.3438,904.8937,511.0312,883.1250
216,fish,0.7026,148.3453,980.6625,196.1859,1015.0875,172.2656,997.8750
216,fish,0.6958,230.3438,321.0750,280.9688,359.5500,255.6562,340.3125
216,fish,0.6748,972.3937,400.3031,1019.9813,437.2594,996.1875,418.7812
216,fish,0.6714,736.7625,622.7437,795.4875,674.3813,766.1250,648.5625
216,fish,0.6680,487.8000,329.1187,540.4500,370.6313,514.1250,349.8750
216,fish,0.6494,217.4906,691.9875,272.1656,734.5125,244.8281,713.2500
216,fish,0.6372,730.4625,1239.9750,787.1625,1284.5250,758.8125,1262.2500
216,fish,0.6177,668.4750,272.5312,723.1500,313.0312,695.8125,292.7812
216,fish,0.6123,931.8375,989.5500,978.4125,1021.9500,955.1250,1005.7500
216,fish,0.5889,477.0000,691.0875,527.6250,737.6625,502.3125,714.3750
216,fish,0.5889,913.4438,697.2750,963.0562,733.7250,938.2500,715.5000
216,fish,0.5776,910.6875,1226.2500,961.3125,1266.7500,936.0000,1246.5000
216,fish,0.5601,451.9125,1248.4125,496.4625,1282.8375,474.1875,1265.6250
216,fish,0.5166,633.8250,999.5625,682.4250,1029.9375,658.1250,1014.7500
217,fish,0.7646,230.4141,324.7312,282.3047,363.2063,256.3594,343.9688
217,fish,0.7549,103.5633,1160.7750,147.7336,1197.2250,125.6484,1179.0000
217,fish,0.7075,488.2781,882.2250,539.4094,926.7750,513.8438,904.5000
217,fish,0.6816,143.4551,982.9125,190.5996,1017.3375,167.0273,1000.1250
217,fish,0.6680,739.4625,630.6750,796.1625,683.3250,767.8125,657.0000
217,fish,0.6680,972.4500,399.7688,1021.0500,437.2312,996.7500,418.5000
217,fish,0.6621,483.9187,318.4312,537.5812,359.9438,510.7500,339.1875
217,fish,0.6602,216.6469,689.8500,273.8531,734.4000,245.2500,712.1250
217,fish,0.6436,930.6000,988.4250,975.1500,1020.8250,952.8750,1004.6250
217,fish,0.6406,731.0250,1239.9750,787.7250,1284.5250,759.3750,1262.2500
217,fish,0.6372,469.3500,1252.8000,513.9000,1285.2000,491.6250,1269.0000
217,fish,0.6152,670.0500,273.6562,722.7000,314.1562,696.3750,293.9062
217,fish,0.6113,462.0375,696.4875,516.7125,739.0125,489.3750,717.7500
217,fish,0.5957,912.3188,698.9062,961.9312,734.3438,937.1250,716.6250
217,fish,0.5776,909.0562,1221.9750,960.6938,1266.5250,934.8750,1244.2500
217,fish,0.5039,634.8937,999.5625,682.4813,1029.9375,658.6875,1014.7500
218,fish,0.7744,103.7672,1161.0000,149.0766,1201.5000,126.4219,1181.2500
218,fish,0.7432,488.8125,904.1063,539.4375,947.6437,514.1250,925.8750
218,fish,0.7168,227.2078,332.3813,279.6047,371.8687,253.4062,352.1250
218,fish,0.7026,141.9293,981.7875,189.4535,1016.2125,165.6914,999.0000
218,fish,0.6826,481.1625,316.1250,535.8375,356.6250,508.5000,336.3750
218,fish,0.6636,971.8875,399.7688,1020.4875,437.2312,996.1875,418.5000
218,fish,0.6621,214.9594,689.7938,272.1656,733.3312,243.5625,711.5625
218,fish,0.6602,484.0875,1256.1750,530.6625,1288.5750,507.3750,1272.3750
218,fish,0.6577,744.9188,643.0500,798.5812,695.7000,771.7500,669.3750
218,fish,0.6396,907.2563,1222.9875,956.8687,1265.5125,932.0625,1244.2500
218,fish,0.6396,731.0250,1239.9750,787.7250,1284.5250,759.3750,1262.2500
218,fish,0.6362,929.9813,985.1063,973.5187,1018.5187,951.7500,1001.8125
218,fish,0.6299,437.3438,698.6812,493.0312,740.1938,465.1875,719.4375
218,fish,0.6196,911.8125,697.2750,962.4375,733.7250,937.1250,715.5000
218,fish,0.6143,669.5438,273.9375,723.2062,314.4375,696.3750,294.1875
218,fish,0.4912,635.9625,999.5625,682.5375,1029.9375,659.2500,1014.7500
219,fish,0.7607,106.2141,1169.8875,150.0047,1208.3625,128.1094,1189.1250
219,fish,0.7339,229.1344,345.6000,280.7719,385.0875,254.9531,365.3438
219,fish,0.7168,488.8125,922.6688,539.4375,966.2062,514.1250,944.4375
219,fish,0.7056,137.4750,981.7875,184.5563,1016.2125,161.0156,999.0000
219,fish,0.6772,745.5375,657.6750,800.2125,710.3250,772.8750,684.0000
219,fish,0.6748,415.2937,700.7625,468.9563,739.2375,442.1250,720.0000
219,fish,0.6689,973.5750,400.0500,1022.1750,437.5125,997.8750,418.7812
219,fish,0.6680,478.1531,317.3062,534.3469,358.8188,506.2500,338.0625
219,fish,0.6621,929.4750,984.0375,974.0250,1018.4625,951.7500,1001.2500
219,fish,0.6577,216.0703,687.6000,273.0234,732.1500,244.5469,709.8750
219,fish,0.6548,906.6938,1224.1125,956.3062,1266.6375,931.5000,1245.3750
219,fish,0.6372,493.5375,1257.3000,538.0875,1289.7000,515.8125,1273.5000
219,fish,0.6270,731.0250,1239.9750,787.7250,1284.5250,759.3750,1262.2500
219,fish,0.6143,670.0500,273.3750,722.7000,313.8750,696.3750,293.6250
219,fish,0.6069,911.7563,698.4000,961.3687,734.8500,936.5625,716.6250
219,fish,0.4961,634.8937,999.5625,682.4813,1029.9375,658.6875,1014.7500
220,fish,0.7827,229.2188,362.1375,279.8438,400.6125,254.5312,381.3750
220,fish,0.7402,482.1750,321.1594,534.8250,361.1531,508.5000,341.1562
220,fish,0.7007,107.9437,1181.1375,152.4938,1219.6125,130.2188,1200.3750
220,fish,0.6943,131.9906,978.5250,181.6031,1014.9750,156.7969,996.7500
220,fish,0.6929,487.4906,942.5812,539.6344,990.1688,513.5625,966.3750
220,fish,0.6733,389.6719,700.7625,447.8906,739.2375,418.7812,720.0000
220,fish,0.6689,929.4750,984.0375,974.0250,1018.4625,951.7500,1001.2500
220,fish,0.6646,974.0812,400.2750,1021.6688,436.7250,997.8750,418.5000
220,fish,0.6621,215.4656,688.1063,271.6594,731.6437,243.5625,709.8750
220,fish,0.6416,744.4125,671.2875,799.0875,725.9625,771.7500,698.6250
220,fish,0.6377,733.1625,1239.9750,787.8375,1284.5250,760.5000,1262.2500
220,fish,0.6226,903.9375,1226.2500,954.5625,1266.7500,929.2500,1246.5000
220,fish,0.6030,668.5312,271.1531,724.2188,312.1594,696.3750,291.6562
220,fish,0.6030,497.4187,1251.7875,540.9562,1286.2125,519.1875,1269.0000
220,fish,0.5947,910.6875,698.4000,961.3125,734.8500,936.0000,716.6250
220,fish,0.4883,633.8250,999.5625,682.4250,1029.9375,658.1250,1014.7500
221,fish,0.7490,481.1062,332.4375,534.7687,372.9375,507.9375,352.6875
221,fish,0.7168,224.4938,373.4438,276.1313,412.9312,250.3125,393.1875
221,fish,0.7056,486.7312,971.8312,540.3937,1019.4188,513.5625,995.6250
221,fish,0.7056,108.4781,1194.5250,152.5219,1230.9750,130.5000,1212.7500
221,fish,0.6772,973.5750,400.8375,1022.1750,437.2875,997.8750,419.0625
221,fish,0.6704,929.4750,984.0375,974.0250,1018.4625,951.7500,1001.2500
221,fish,0.6602,214.5375,687.0375,271.7437,731.5875,243.1406,709.3125
221,fish,0.6582,366.1875,699.0750,421.8750,737.5500,394.0312,718.3125
221,fish,0.6558,732.6000,1242.1125,787.2750,1284.6375,759.9375,1263.3750
221,fish,0.6470,123.3141,973.9688,171.1547,1009.4062,147.2344,991.6875
221,fish,0.6323,741.1500,680.2875,797.8500,734.9625,769.5000,707.6250
221,fish,0.6094,670.1625,271.1250,724.8375,311.6250,697.5000,291.3750
221,fish,0.6030,497.4750,1248.5250,542.0250,1284.9750,519.7500,1266.7500
221,fish,0.5981,902.8125,1227.4875,953.4375,1270.0125,928.1250,1248.7500
221,fish,0.5957,912.9375,697.2750,963.5625,733.7250,938.2500,715.5000
221,fish,0.4932,632.7000,999.5625,681.3000,1029.9375,657.0000,1014.7500
222,fish,0.8057,223.9313,385.2000,275.5688,423.6750,249.7500,404.4375
222,fish,0.7339,115.1578,971.1562,162.9984,1006.5938,139.0781,988.8750
222,fish,0.7026,110.2781,1201.2750,156.3469,1237.7250,133.3125,1219.5000
222,fish,0.6919,478.6594,344.9250,533.8406,387.4500,506.2500,366.1875
222,fish,0.6782,930.6000,984.0375,975.1500,1018.4625,952.8750,1001.2500
222,fish,0.6748,477.6187,982.6875,529.2563,1023.1875,503.4375,1002.9375
222,fish,0.6665,973.5750,400.8375,1022.1750,437.2875,997.8750,419.0625
222,fish,0.6665,495.7875,1241.7750,540.3375,1278.2250,518.0625,1260.0000
222,fish,0.6636,737.3250,680.2875,796.0500,734.9625,766.6875,707.6250
222,fish,0.6602,211.5281,688.7250,267.7219,733.2750,239.6250,711.0000
222,fish,0.6460,732.0375,1242.1125,786.7125,1284.6375,759.3750,1263.3750
222,fish,0.6436,342.7875,698.6250,397.4625,739.1250,370.1250,718.8750
222,fish,0.6113,670.1625,271.0969,724.8375,311.0906,697.5000,291.0938
222,fish,0.5962,912.9375,697.2750,963.5625,733.7250,938.2500,715.5000
222,fish,0.5840,898.4250,1227.4875,951.0750,1270.0125,924.7500,1248.7500
222,fish,0.5283,632.7000,999.5625,681.3000,1029.9375,657.0000,1014.7500
223,fish,0.7842,497.5312,1217.2500,543.0938,1257.7500,520.3125,1237.5000
223,fish,0.7607,476.7188,356.7656,532.4062,399.7969,504.5625,378.2812
223,fish,0.7461,111.6703,1208.0250,157.4859,1244.4750,134.5781,1226.2500
223,fish,0.7339,224.4094,395.0437,274.5281,433.5188,249.4688,414.2812
223,fish,0.7168,109.2586,968.2875,154.6945,1002.7125,131.9766,985.5000
223,fish,0.6841,476.5500,984.3750,529.2000,1024.8750,502.8750,1004.6250
223,fish,0.6714,973.5750,401.1187,1022.1750,437.5688,997.8750,419.3438
223,fish,0.6636,210.9938,689.6812,265.1625,731.1938,238.0781,710.4375
223,fish,0.6567,931.1625,984.6000,975.7125,1019.0250,953.4375,1001.8125
223,fish,0.6470,731.5312,1242.1125,787.2188,1284.6375,759.3750,1263.3750
223,fish,0.6406,321.4125,700.8188,376.0875,740.3062,348.7500,720.5625
223,fish,0.6323,738.5063,678.4875,798.2437,731.1375,768.3750,704.8125
223,fish,0.6216,671.2875,270.1336,725.9625,310.5070,698.6250,290.3203
223,fish,0.5962,911.8125,696.7125,962.4375,733.1625,937.1250,714.9375
223,fish,0.5918,897.8062,1228.5000,949.4438,1269.0000,923.6250,1248.7500
223,fish,0.5195,632.1375,998.5500,680.7375,1030.9500,656.4375,1014.7500
224,fish,0.7505,224.1141,402.8344,273.9797,439.7906,249.0469,421.3125
224,fish,0.7251,114.7219,1214.7750,159.7781,1251.2250,137.2500,1233.0000
224,fish,0.7056,105.1734,967.2188,150.4828,1002.6562,127.8281,984.9375
224,fish,0.6772,477.3094,986.5688,528.4406,1026.0563,502.8750,1006.3125
224,fish,0.6758,306.2250,702.0562,360.9000,743.5688,333.5625,722.8125
224,fish,0.6724,477.0000,366.3000,532.6875,408.8250,504.8438,387.5625
224,fish,0.6704,493.5375,1209.2625,538.0875,1247.7375,515.8125,1228.5000
224,fish,0.6699,973.5750,400.8375,1022.1750,437.2875,997.8750,419.0625
224,fish,0.6494,930.6562,988.4250,976.2188,1020.8250,953.4375,1004.6250
224,fish,0.6450,731.0250,1242.1125,787.7250,1284.6375,759.3750,1263.3750
224,fish,0.6396,672.4125,269.6906,727.0875,309.6844,699.7500,289.6875
224,fish,0.6289,214.7906,690.8625,268.9594,733.3875,241.8750,712.1250
224,fish,0.6152,739.0125,674.5500,797.7375,727.2000,768.3750,700.8750
224,fish,0.6084,912.9375,696.7125,963.5625,733.1625,938.2500,714.9375
224,fish,0.5918,897.8062,1227.4875,949.4438,1270.0125,923.6250,1248.7500
224,fish,0.5166,632.7000,999.5625,681.3000,1029.9375,657.0000,1014.7500
225,fish,0.7026,102.4172,967.2750,148.7391,1003.7250,125.5781,985.5000
225,fish,0.6992,473.8500,373.6125,528.5250,416.1375,501.1875,394.8750
225,fish,0.6826,223.5656,408.7125,273.6844,445.1625,248.6250,426.9375
225,fish,0.6704,117.7945,1219.0500,159.9398,1251.4500,138.8672,1235.2500
225,fish,0.6699,298.8562,698.7375,352.5188,741.2625,325.6875,720.0000
225,fish,0.6689,972.3937,401.6812,1019.9813,438.1313,996.1875,419.9062
225,fish,0.6655,674.6625,269.6625,729.3375,309.1500,702.0000,289.4062
225,fish,0.6582,746.6625,667.8000,801.3375,720.4500,774.0000,694.1250
225,fish,0.6567,479.8125,987.7500,530.4375,1028.2500,505.1250,1008.0000
225,fish,0.6558,730.4625,1239.9750,787.1625,1284.5250,758.8125,1262.2500
225,fish,0.6538,488.8969,1208.0250,535.9781,1244.4750,512.4375,1226.2500
225,fish,0.6187,930.6000,988.4250,975.1500,1020.8250,952.8750,1004.6250
225,fish,0.6167,218.8828,693.1125,270.7734,735.6375,244.8281,714.3750
225,fish,0.6050,914.0063,696.1500,963.6187,732.6000,938.8125,714.3750
225,fish,0.5889,898.3125,1227.4875,948.9375,1270.0125,923.6250,1248.7500
225,fish,0.5234,632.1375,998.4937,680.7375,1029.8812,656.4375,1014.1875
226,fish,0.7041,223.8609,413.3250,274.2328,451.8000,249.0469,432.5625
226,fish,0.6982,101.4047,968.5125,147.2203,1006.9875,124.3125,987.7500
226,fish,0.6943,675.7875,269.1000,730.4625,308.5875,703.1250,288.8438
226,fish,0.6943,489.4312,1210.2750,536.0063,1246.7250,512.7188,1228.5000
226,fish,0.6836,751.1625,652.6688,805.8375,706.3312,778.5000,679.5000
226,fish,0.6680,972.4500,401.7094,1021.0500,438.6656,996.7500,420.1875
226,fish,0.6582,473.7375,986.6250,526.3875,1027.1250,500.0625,1006.8750
226,fish,0.6523,478.3500,378.1125,533.0250,420.6375,505.6875,399.3750
226,fish,0.6396,294.5813,696.4875,347.2312,739.0125,320.9062,717.7500
226,fish,0.6372,731.0250,1239.9750,787.7250,1284.5250,759.3750,1262.2500
226,fish,0.6353,121.8586,1221.3000,163.7508,1253.7000,142.8047,1237.5000
226,fish,0.6299,930.6000,988.9875,975.1500,1021.3875,952.8750,1005.1875
226,fish,0.6123,914.5688,696.7125,964.1812,733.1625,939.3750,714.9375
226,fish,0.6094,218.6438,698.6250,271.2937,739.1250,244.9688,718.8750
226,fish,0.5898,898.3125,1228.5000,948.9375,1269.0000,923.6250,1248.7500
226,fish,0.5039,631.5750,999.5625,680.1750,1029.9375,655.8750,1014.7500
227,fish,0.7056,679.1625,268.2563,733.8375,307.7437,706.5000,288.0000
227,fish,0.6899,748.9125,643.0500,803.5875,695.7000,776.2500,669.3750
227,fish,0.6807,972.4500,401.4563,1021.0500,438.9187,996.7500,420.1875
227,fish,0.6802,484.2563,366.3562,538.9312,409.8938,511.5938,388.1250
227,fish,0.6782,487.0688,1219.2750,536.6812,1255.7250,511.8750,1237.5000
227,fish,0.6782,99.6961,973.0125,145.1320,1011.4875,122.4141,992.2500
227,fish,0.6470,731.0250,1242.1125,787.7250,1284.6375,759.3750,1263.3750
227,fish,0.6450,472.0500,984.3750,524.7000,1024.8750,498.3750,1004.6250
227,fish,0.6387,229.7531,409.3594,279.8719,447.3281,254.8125,428.3438
227,fish,0.6279,930.6000,988.4250,975.1500,1020.8250,952.8750,1004.6250
227,fish,0.6152,125.8699,1220.1750,167.8254,1252.5750,146.8477,1236.3750
227,fish,0.6084,915.1313,696.7125,964.7437,733.1625,939.9375,714.9375
227,fish,0.5972,217.2656,700.3125,270.4219,740.8125,243.8438,720.5625
227,fish,0.5908,897.2437,1228.6125,948.8813,1271.1375,923.0625,1249.8750
227,fish,0.5498,300.4031,693.1688,351.5344,736.7062,325.9688,714.9375
227,fish,0.5078,631.5750,999.0562,680.1750,1030.4437,655.8750,1014.7500
228,fish,0.7217,488.7563,338.3719,543.4312,384.4406,516.0938,361.4062
228,fish,0.7188,231.5250,395.9438,283.1625,435.4312,257.3438,415.6875
228,fish,0.7090,98.1141,972.9562,145.4484,1010.4188,121.7812,991.6875
228,fish,0.6895,491.4000,1232.7750,537.9750,1269.2250,514.6875,1251.0000
228,fish,0.6885,746.6625,629.5500,801.3375,682.2000,774.0000,655.8750
228,fish,0.6768,972.4500,401.9625,1021.0500,438.4125,996.7500,420.1875
228,fish,0.6670,469.4062,982.1250,525.0938,1022.6250,497.2500,1002.3750
228,fish,0.6489,732.0938,1242.1125,787.7812,1284.6375,759.9375,1263.3750
228,fish,0.6479,682.5375,267.9750,737.2125,307.4625,709.8750,287.7188
228,fish,0.6479,930.6000,988.4250,975.1500,1020.8250,952.8750,1004.6250
228,fish,0.6372,127.3500,1216.8000,169.3688,1249.2000,148.3594,1233.0000
228,fish,0.6343,300.4875,690.9750,353.1375,735.5250,326.8125,713.2500
228,fish,0.6040,916.2000,697.2750,964.8000,733.7250,940.5000,715.5000
228,fish,0.5918,896.1187,1230.7500,947.7563,1271.2500,921.9375,1251.0000
228,fish,0.5166,631.5187,999.5625,679.1063,1029.9375,655.3125,1014.7500
228,fish,0.5107,220.0078,699.7500,271.8984,740.2500,245.9531,720.0000
229,fish,0.7124,231.8344,386.1000,283.9781,425.5875,257.9062,405.8438
229,fish,0.6895,750.0375,609.3563,804.7125,663.0187,777.3750,636.1875
229,fish,0.6875,96.9398,974.0250,143.3883,1010.4750,120.1641,992.2500
229,fish,0.6836,473.7937,978.7500,527.4562,1019.2500,500.6250,999.0000
229,fish,0.6733,487.8000,309.9937,540.4500,351.5063,514.1250,330.7500
229,fish,0.6689,686.9813,269.5500,740.6437,307.0125,713.8125,288.2812
229,fish,0.6680,973.0125,402.5250,1021.6125,438.9750,997.3125,420.7500
229,fish,0.6567,731.0250,1239.9750,787.7250,1284.5250,759.3750,1262.2500
229,fish,0.6470,489.2344,1244.0250,537.3281,1280.4750,513.2812,1262.2500
229,fish,0.6436,930.6000,988.4250,975.1500,1020.8250,952.8750,1004.6250
229,fish,0.6143,915.6938,696.7125,965.3062,733.1625,940.5000,714.9375
229,fish,0.6060,310.1062,686.7000,363.7688,735.3000,336.9375,711.0000
229,fish,0.6040,226.3781,696.2625,276.4969,734.7375,251.4375,715.5000
229,fish,0.5908,896.1750,1228.6125,948.8250,1271.1375,922.5000,1249.8750
229,fish,0.5815,128.5172,1212.5250,173.8266,1248.9750,151.1719,1230.7500
229,fish,0.5205,632.0812,999.5625,679.6688,1029.9375,655.8750,1014.7500
230,fish,0.6943,96.7219,970.7625,144.3094,1009.2375,120.5156,990.0000
230,fish,0.6909,750.5438,591.3563,804.2062,645.0187,777.3750,618.1875
230,fish,0.6836,487.2937,291.9937,540.9562,333.5063,514.1250,312.7500
230,fish,0.6782,476.4937,974.1375,528.1313,1012.6125,502.3125,993.3750
230,fish,0.6704,972.3937,402.5250,1019.9813,438.9750,996.1875,420.7500
230,fish,0.6680,690.4125,269.2969,745.0875,307.2656,717.7500,288.2812
230,fish,0.6548,228.3187,693.4500,277.9312,731.9250,253.1250,712.6875
230,fish,0.6494,731.0250,1239.9750,787.7250,1284.5250,759.3750,1262.2500
230,fish,0.6426,489.7688,1254.0375,537.3563,1288.4625,513.5625,1271.2500
230,fish,0.6387,325.8000,682.2000,378.4500,730.8000,352.1250,706.5000
230,fish,0.6333,231.7781,375.9187,282.9094,414.3938,257.3438,395.1562
230,fish,0.6216,930.6000,988.4250,975.1500,1020.8250,952.8750,1004.6250
230,fish,0.6133,915.6938,697.2750,965.3062,733.7250,940.5000,715.5000
230,fish,0.5869,895.0500,1229.7375,947.7000,1272.2625,921.3750,1251.0000
230,fish,0.5659,131.9203,1210.2750,177.7359,1246.7250,154.8281,1228.5000
230,fish,0.5186,631.5750,999.5625,680.1750,1029.9375,655.8750,1014.7500
231,fish,0.7231,476.2406,970.8188,528.3844,1010.3062,502.3125,990.5625
231,fish,0.6909,229.7812,373.4438,280.4062,412.9312,255.0938,393.1875
231,fish,0.6733,972.4500,401.9906,1021.0500,438.9469,996.7500,420.4688
231,fish,0.6699,345.9656,676.3500,397.0969,720.9000,371.5312,698.6250
231,fish,0.6626,749.7563,573.4125,799.3687,628.0875,774.5625,600.7500
231,fish,0.6602,97.1859,965.0250,143.0016,1001.4750,120.0938,983.2500
231,fish,0.6577,226.9125,690.6938,276.5250,730.1812,251.7188,710.4375
231,fish,0.6558,693.7875,270.9563,748.4625,308.4187,721.1250,289.6875
231,fish,0.6533,731.0250,1242.1125,787.7250,1284.6375,759.3750,1263.3750
231,fish,0.6426,491.4000,1255.2750,537.9750,1291.7250,514.6875,1273.5000
231,fish,0.6353,931.7250,987.3000,976.2750,1019.7000,954.0000,1003.5000
231,fish,0.6270,485.6062,289.0969,539.2687,329.0906,512.4375,309.0938
231,fish,0.6206,915.1875,696.1500,965.8125,732.6000,940.5000,714.3750
231,fish,0.6167,139.3488,1207.9125,183.4559,1242.3375,161.4023,1225.1250
231,fish,0.5962,896.1187,1229.7375,947.7563,1272.2625,921.9375,1251.0000
231,fish,0.5146,632.1375,999.0562,680.7375,1030.4437,656.4375,1014.7500
232,fish,0.7041,475.9875,973.0125,528.6375,1011.4875,502.3125,992.2500
232,fish,0.6943,231.3281,373.5000,279.4219,408.9375,255.3750,391.2188
232,fish,0.6860,483.3281,291.8250,536.4844,330.3000,509.9062,311.0625
232,fish,0.6792,747.6750,563.1750,800.3250,615.8250,774.0000,589.5000
232,fish,0.6782,102.9586,962.6625,148.9008,997.0875,125.9297,979.8750
232,fish,0.6724,972.4500,402.5250,1021.0500,438.9750,996.7500,420.7500
232,fish,0.6548,695.9813,270.6750,749.6437,308.1375,722.8125,289.4062
232,fish,0.6533,732.0938,1242.1125,787.7812,1284.6375,759.9375,1263.3750
232,fish,0.6504,228.7406,689.4000,275.8219,725.8500,252.2812,707.6250
232,fish,0.6426,150.7219,1205.6625,195.7781,1240.0875,173.2500,1222.8750
232,fish,0.6333,931.7250,987.3000,976.2750,1019.7000,954.0000,1003.5000
232,fish,0.6162,490.8938,1251.9000,538.4813,1288.3500,514.6875,1270.1250
232,fish,0.6162,915.6938,697.2750,965.3062,733.7250,940.5000,715.5000
232,fish,0.6143,896.0625,1230.7500,946.6875,1271.2500,921.3750,1251.0000
232,fish,0.5869,365.1750,665.3250,417.8250,713.9250,391.5000,689.6250
232,fish,0.4980,632.6437,999.5625,680.2313,1029.9375,656.4375,1014.7500
233,fish,0.6943,228.4734,373.8375,278.3391,410.2875,253.4062,392.0625
233,fish,0.6943,474.3000,975.9937,526.9500,1017.5063,500.6250,996.7500
233,fish,0.6782,973.5750,402.5250,1022.1750,438.9750,997.8750,420.7500
233,fish,0.6758,226.8281,687.2625,274.9219,725.7375,250.8750,706.5000
233,fish,0.6738,106.2914,956.9813,151.4742,990.3937,128.8828,973.6875
233,fish,0.6714,482.1750,290.4469,534.8250,329.4281,508.5000,309.9375
233,fish,0.6646,744.8062,558.8297,796.4438,609.2016,770.6250,584.0156
233,fish,0.6558,696.5438,270.9281,750.2062,307.8844,723.3750,289.4062
233,fish,0.6538,492.4969,1244.0250,538.5656,1280.4750,515.5312,1262.2500
233,fish,0.6523,732.0938,1242.1125,787.7812,1284.6375,759.9375,1263.3750
233,fish,0.6450,385.9312,666.2250,437.5688,710.7750,411.7500,688.5000
233,fish,0.6440,931.7250,987.3000,976.2750,1019.7000,954.0000,1003.5000
233,fish,0.6250,163.7578,1207.9125,208.0547,1242.3375,185.9062,1225.1250
233,fish,0.6206,916.2563,697.2750,965.8687,733.7250,941.0625,715.5000
233,fish,0.6162,896.0625,1230.7500,946.6875,1271.2500,921.3750,1251.0000
233,fish,0.4707,633.1500,999.5625,679.7250,1029.9375,656.4375,1014.7500
234,fish,0.7310,229.9922,380.7000,279.3516,419.1750,254.6719,399.9375
234,fish,0.7007,169.9313,1210.2750,216.5062,1246.7250,193.2188,1228.5000
234,fish,0.7002,494.1281,1230.5250,539.1844,1266.9750,516.6562,1248.7500
234,fish,0.6816,973.5750,402.5250,1022.1750,438.9750,997.8750,420.7500
234,fish,0.6792,696.0375,270.3938,750.7125,307.8562,723.3750,289.1250
234,fish,0.6748,226.5469,685.1250,274.6406,725.6250,250.5938,705.3750
234,fish,0.6704,402.8062,676.2375,454.4438,718.7625,428.6250,697.5000
234,fish,0.6665,486.0844,302.0063,538.2281,341.4937,512.1562,321.7500
234,fish,0.6655,115.1297,956.9250,159.9328,989.3250,137.5312,973.1250
234,fish,0.6567,929.5312,988.4250,975.0938,1020.8250,952.3125,1004.6250
234,fish,0.6426,733.1625,1242.1125,787.8375,1284.6375,760.5000,1263.3750
234,fish,0.6416,740.9250,560.5453,793.5750,611.4234,767.2500,585.9844
234,fish,0.6362,475.6219,985.5000,526.7531,1026.0000,501.1875,1005.7500
234,fish,0.6245,916.2563,696.7125,965.8687,733.1625,941.0625,714.9375
234,fish,0.6152,896.0625,1230.7500,946.6875,1271.2500,921.3750,1251.0000
234,fish,0.4844,632.0250,999.5625,678.6000,1029.9375,655.3125,1014.7500
235,fish,0.7417,228.8812,390.7688,278.4937,428.2312,253.6875,409.5000
235,fish,0.7295,484.4812,320.9906,538.1437,363.0094,511.3125,342.0000
235,fish,0.6860,973.5750,403.0875,1022.1750,439.5375,997.8750,421.3125
235,fish,0.6851,423.3938,685.3500,476.0437,729.9000,449.7188,707.6250
235,fish,0.6738,225.9563,684.5625,273.5437,725.0625,249.7500,704.8125
235,fish,0.6724,124.5234,963.6750,171.3516,996.0750,147.9375,979.8750
235,fish,0.6704,475.9875,992.2500,528.6375,1032.7500,502.3125,1012.5000
235,fish,0.6626,930.0375,989.5500,974.5875,1021.9500,952.3125,1005.7500
235,fish,0.6567,493.5375,1217.0250,538.0875,1253.4750,515.8125,1235.2500
235,fish,0.6548,697.0500,271.7719,749.7000,308.7281,723.3750,290.2500
235,fish,0.6504,733.1625,1242.1125,787.8375,1284.6375,760.5000,1263.3750
235,fish,0.6489,738.8438,562.0500,794.5312,614.7000,766.6875,588.3750
235,fish,0.6372,175.9500,1211.5125,224.5500,1249.9875,200.2500,1230.7500
235,fish,0.6250,916.2563,697.2750,965.8687,733.7250,941.0625,715.5000
235,fish,0.6133,895.5000,1230.7500,946.1250,1271.2500,920.8125,1251.0000
235,fish,0.4834,631.4625,998.4937,678.0375,1029.8812,654.7500,1014.1875
236,fish,0.7280,481.7250,335.9250,536.4000,378.4500,509.0625,357.1875
236,fish,0.7168,224.4797,397.6031,275.8641,436.5844,250.1719,417.0938
236,fish,0.6978,974.6437,403.9031,1022.2313,439.8469,998.4375,421.8750
236,fish,0.6978,736.5938,563.1750,792.2812,615.8250,764.4375,589.5000
236,fish,0.6885,225.4781,681.3563,277.1156,724.8937,251.2969,703.1250
236,fish,0.6816,470.0531,993.3750,527.2594,1033.8750,498.6562,1013.6250
236,fish,0.6807,134.6062,976.1625,183.2063,1010.5875,158.9062,993.3750
236,fish,0.6772,492.9750,1205.7750,537.5250,1242.2250,515.2500,1224.0000
236,fish,0.6592,696.0375,271.5469,750.7125,309.5156,723.3750,290.5312
236,fish,0.6548,732.0938,1242.1125,787.7812,1284.6375,759.9375,1263.3750
236,fish,0.6309,929.4750,988.9875,974.0250,1021.3875,951.7500,1005.1875
236,fish,0.6299,447.2156,696.4875,498.3469,739.0125,472.7812,717.7500
236,fish,0.6299,915.1875,696.1500,965.8125,732.6000,940.5000,714.3750
236,fish,0.6113,182.5875,1214.7750,229.1625,1251.2250,205.8750,1233.0000
236,fish,0.6060,895.5000,1230.7500,946.1250,1271.2500,920.8125,1251.0000
236,fish,0.4902,629.7750,996.3563,676.3500,1029.7687,653.0625,1013.0625
237,fish,0.7373,188.6625,1208.0250,233.2125,1244.4750,210.9375,1226.2500
237,fish,0.7266,473.7937,992.1938,527.4562,1031.6813,500.6250,1011.9375
237,fish,0.7153,735.5250,569.2500,792.2250,619.8750,763.8750,594.5625
237,fish,0.6978,138.9797,979.5375,185.3016,1013.9625,162.1406,996.7500
237,fish,0.6958,221.3297,678.4875,276.7641,721.0125,249.0469,699.7500
237,fish,0.6929,973.5750,403.6500,1022.1750,440.1000,997.8750,421.8750
237,fish,0.6826,223.0594,406.5188,274.1906,443.9812,248.6250,425.2500
237,fish,0.6792,494.0719,1192.5000,538.1156,1233.0000,516.0938,1212.7500
237,fish,0.6782,459.7312,697.0500,513.3937,739.5750,486.5625,718.3125
237,fish,0.6665,930.0375,988.9875,974.5875,1021.3875,952.3125,1005.1875
237,fish,0.6621,484.8750,346.9781,535.5000,385.9594,510.1875,366.4688
237,fish,0.6548,697.1063,271.8000,750.7687,309.2625,723.9375,290.5312
237,fish,0.6523,732.0938,1242.1125,787.7812,1284.6375,759.9375,1263.3750
237,fish,0.6323,916.2563,696.7125,965.8687,733.1625,941.0625,714.9375
237,fish,0.6113,895.5000,1230.7500,946.1250,1271.2500,920.8125,1251.0000
237,fish,0.5078,629.7188,998.5500,675.2812,1030.9500,652.5000,1014.7500
238,fish,0.7280,475.3687,992.1375,527.0063,1030.6125,501.1875,1011.3750
238,fish,0.7090,739.9688,580.1625,795.6562,634.8375,767.8125,607.5000
238,fish,0.7075,141.7219,981.2250,186.7781,1015.6500,164.2500,998.4375
238,fish,0.7007,973.5750,404.1844,1022.1750,440.1281,997.8750,422.1562
238,fish,0.6992,487.0125,1176.7500,535.6125,1217.2500,511.3125,1197.0000
238,fish,0.6895,191.8688,1194.5250,235.9125,1230.9750,213.8906,1212.7500
238,fish,0.6772,930.0375,988.4250,974.5875,1020.8250,952.3125,1004.6250
238,fish,0.6748,488.1375,348.0188,536.7375,385.4812,512.4375,366.7500
238,fish,0.6733,694.8563,271.8914,748.5187,308.4680,721.6875,290.1797
238,fish,0.6602,222.4688,413.8313,273.0938,451.2937,247.7812,432.5625
238,fish,0.6538,731.0250,1239.9750,787.7250,1284.5250,759.3750,1262.2500
238,fish,0.6523,220.7953,673.9875,276.7359,716.5125,248.7656,695.2500
238,fish,0.6260,916.2563,696.7125,965.8687,733.1625,941.0625,714.9375
238,fish,0.6143,894.9375,1230.7500,945.5625,1271.2500,920.2500,1251.0000
238,fish,0.6133,472.6125,694.4062,525.2625,739.9688,498.9375,717.1875
238,fish,0.5068,630.2250,999.5625,674.7750,1029.9375,652.5000,1014.7500
239,fish,0.7104,476.1844,994.2750,527.3156,1030.7250,501.7500,1012.5000
239,fish,0.6978,973.0125,404.2125,1021.6125,440.6625,997.3125,422.4375
239,fish,0.6836,483.1875,346.3875,533.8125,384.8625,508.5000,365.6250
239,fish,0.6836,490.2188,1172.2500,535.7812,1212.7500,513.0000,1192.5000
239,fish,0.6807,147.4172,983.4750,193.7391,1017.9000,170.5781,1000.6875
239,fish,0.6792,744.3000,597.9375,796.9500,648.5625,770.6250,623.2500
239,fish,0.6758,220.7109,418.3875,272.6016,456.8625,246.6562,437.6250
239,fish,0.6714,694.8000,271.6523,747.4500,308.9883,721.1250,290.3203
239,fish,0.6582,930.6000,988.4250,975.1500,1020.8250,952.8750,1004.6250
239,fish,0.6577,190.7156,1183.2750,236.7844,1219.7250,213.7500,1201.5000
239,fish,0.6523,486.9000,692.7750,538.5375,739.3500,512.7188,716.0625
239,fish,0.6479,731.5312,1242.1125,787.2188,1284.6375,759.3750,1263.3750
239,fish,0.6299,219.6000,672.3563,274.2750,715.8937,246.9375,694.1250
239,fish,0.6216,916.2563,696.7125,965.8687,733.1625,941.0625,714.9375
239,fish,0.6206,896.0063,1230.7500,945.6187,1271.2500,920.8125,1251.0000
239,fish,0.5342,631.3500,1001.1938,675.9000,1030.5563,653.6250,1015.8750
240,fish,0.7056,972.4500,404.2125,1021.0500,440.6625,996.7500,422.4375
240,fish,0.6934,218.5875,421.1438,272.7563,458.6062,245.6719,439.8750
240,fish,0.6714,478.7437,994.8937,530.3813,1032.3563,504.5625,1013.6250
240,fish,0.6689,217.9969,671.2313,274.1906,714.7687,246.0938,693.0000
240,fish,0.6665,744.3000,612.5625,796.9500,663.1875,770.6250,637.8750
240,fish,0.6636,163.1531,981.7875,209.2219,1016.2125,186.1875,999.0000
240,fish,0.6504,188.5359,1181.0250,235.8703,1217.4750,212.2031,1199.2500
240,fish,0.6396,930.6000,987.8625,975.1500,1020.2625,952.8750,1004.0625
240,fish,0.6387,482.0906,343.6313,533.2219,383.1187,507.6562,363.3750
240,fish,0.6372,732.0375,1242.1125,786.7125,1284.6375,759.3750,1263.3750
240,fish,0.6353,487.4344,690.0187,538.5656,737.6063,513.0000,713.8125
240,fish,0.6289,491.3438,1179.0000,536.9062,1219.5000,514.1250,1199.2500
240,fish,0.6167,917.3250,696.7125,965.9250,733.1625,941.6250,714.9375
240,fish,0.6143,894.9375,1230.7500,945.5625,1271.2500,920.2500,1251.0000
240,fish,0.5962,693.6750,273.1500,746.3250,309.6000,720.0000,291.3750
240,fish,0.4854,628.5938,999.5625,674.1562,1029.9375,651.3750,1014.7500
241,fish,0.7139,973.0125,404.7750,1021.6125,441.2250,997.3125,423.0000
241,fish,0.7114,216.9984,422.2688,270.4078,459.7312,243.7031,441.0000
241,fish,0.7075,492.1313,1183.5000,536.6812,1224.0000,514.4062,1203.7500
241,fish,0.7026,742.2750,627.8625,798.9750,680.5125,770.6250,654.1875
241,fish,0.6836,172.5188,980.6625,217.5750,1015.0875,195.0469,997.8750
241,fish,0.6792,483.6375,989.2125,532.2375,1025.6625,507.9375,1007.4375
241,fish,0.6533,732.0375,1242.1125,786.7125,1284.6375,759.3750,1263.3750
241,fish,0.6436,930.6000,988.4250,975.1500,1020.8250,952.8750,1004.6250
241,fish,0.6426,487.7156,686.8125,538.8469,737.4375,513.2812,712.1250
241,fish,0.6377,218.3906,669.4875,274.0781,712.0125,246.2344,690.7500
241,fish,0.6372,484.8750,342.4781,535.5000,381.4594,510.1875,361.9688
241,fish,0.6279,187.7484,1181.0250,233.5641,1217.4750,210.6562,1199.2500
241,fish,0.6196,895.5000,1230.7500,946.1250,1271.2500,920.8125,1251.0000
241,fish,0.6167,916.2000,696.7125,964.8000,733.1625,940.5000,714.9375
241,fish,0.5918,690.9188,272.7211,744.5812,309.0445,717.7500,290.8828
241,fish,0.4883,630.2812,1000.6875,675.8438,1031.0625,653.0625,1015.8750
242,fish,0.7202,179.7188,979.5375,225.2812,1013.9625,202.5000,996.7500
242,fish,0.7188,741.0375,640.8000,795.7125,693.4500,768.3750,667.1250
242,fish,0.7104,974.0812,404.7750,1021.6688,441.2250,997.8750,423.0000
242,fish,0.7065,217.0547,420.8344,268.9453,457.7906,243.0000,439.3125
242,fish,0.6929,478.1812,983.1375,529.8188,1021.6125,504.0000,1002.3750
242,fish,0.6680,486.2531,342.7312,536.3719,381.2063,511.3125,361.9688
242,fish,0.6626,494.0437,1191.1500,537.5812,1227.6000,515.8125,1209.3750
242,fish,0.6523,930.6000,988.4250,975.1500,1020.8250,952.8750,1004.6250
242,fish,0.6460,732.0375,1242.1125,786.7125,1284.6375,759.3750,1263.3750
242,fish,0.6406,484.6500,687.2625,536.2875,735.8625,510.4688,711.5625
242,fish,0.6353,220.8516,670.5562,275.2734,712.0688,248.0625,691.3125
242,fish,0.6318,184.7812,1183.2750,230.3438,1219.7250,207.5625,1201.5000
242,fish,0.6250,894.9375,1230.7500,945.5625,1271.2500,920.2500,1251.0000
242,fish,0.6133,916.2000,696.7125,964.8000,733.1625,940.5000,714.9375
242,fish,0.6050,687.6562,272.4469,743.3438,311.4281,715.5000,291.9375
242,fish,0.4961,630.2812,1000.1250,675.8438,1030.5000,653.0625,1015.3125
243,fish,0.7031,218.8688,420.0188,270.5063,457.4812,244.6875,438.7500
243,fish,0.7007,973.5750,405.3375,1022.1750,441.7875,997.8750,423.5625
243,fish,0.6982,188.7188,979.5375,234.2812,1013.9625,211.5000,996.7500
243,fish,0.6689,742.2750,652.6688,798.9750,706.3312,770.6250,679.5000
243,fish,0.6680,491.8781,1195.7625,536.9344,1234.2375,514.4062,1215.0000
243,fish,0.6636,181.0969,1187.7750,226.1531,1224.2250,203.6250,1206.0000
243,fish,0.6611,928.9125,990.0562,973.4625,1021.4438,951.1875,1005.7500
243,fish,0.6582,732.0375,1242.1125,786.7125,1284.6375,759.3750,1263.3750
243,fish,0.6577,682.5375,272.7844,737.2125,312.7781,709.8750,292.7812
243,fish,0.6538,219.9094,675.0562,275.0906,716.5688,247.5000,695.8125
243,fish,0.6514,481.5562,977.6250,533.1938,1018.1250,507.3750,997.8750
243,fish,0.6436,484.9312,343.7437,536.5688,385.2563,510.7500,364.5000
243,fish,0.6343,895.9500,1230.7500,944.5500,1271.2500,920.2500,1251.0000
243,fish,0.6133,916.2000,696.7125,964.8000,733.1625,940.5000,714.9375
243,fish,0.5879,481.6125,689.9625,534.2625,736.5375,507.9375,713.2500
243,fish,0.5039,630.2812,1000.6875,675.8438,1031.0625,653.0625,1015.8750
244,fish,0.6992,219.7406,420.0188,271.8844,457.4812,245.8125,438.7500
244,fish,0.6958,972.4500,405.9000,1021.0500,442.3500,996.7500,424.1250
244,fish,0.6841,220.3313,681.7500,272.9812,722.2500,246.6562,702.0000
244,fish,0.6738,490.6406,957.4875,538.7344,1000.0125,514.6875,978.7500
244,fish,0.6670,179.5641,1190.0250,224.8734,1226.4750,202.2188,1208.2500
244,fish,0.6626,928.3500,990.0562,972.9000,1021.4438,950.6250,1005.7500
244,fish,0.6626,487.2375,1199.0250,534.8250,1235.4750,511.0312,1217.2500
244,fish,0.6558,731.5312,1242.1125,787.2188,1284.6375,759.3750,1263.3750
244,fish,0.6548,481.2469,349.3125,532.3781,389.8125,506.8125,369.5625
244,fish,0.6523,202.2469,978.4688,248.3156,1013.9062,225.2812,996.1875
244,fish,0.6489,679.1625,273.6281,733.8375,313.6219,706.5000,293.6250
244,fish,0.6323,894.8250,1230.7500,943.4250,1271.2500,919.1250,1251.0000
244,fish,0.6309,743.2875,664.4250,797.9625,717.0750,770.6250,690.7500
244,fish,0.6167,916.2000,696.1500,964.8000,732.6000,940.5000,714.3750
244,fish,0.6133,470.9250,682.2000,523.5750,730.8000,497.2500,706.5000
244,fish,0.4873,631.3500,1001.1938,675.9000,1030.5563,653.6250,1015.8750
245,fish,0.7676,489.9375,918.2250,540.5625,962.7750,515.2500,940.5000
245,fish,0.7104,472.3313,351.6187,524.9813,393.1313,498.6562,372.3750
245,fish,0.7090,489.1781,1203.7500,536.2594,1244.2500,512.7188,1224.0000
245,fish,0.7080,213.5250,977.9062,260.1000,1013.3438,236.8125,995.6250
245,fish,0.6836,972.4500,406.4625,1021.0500,442.9125,996.7500,424.6875
245,fish,0.6826,220.8656,419.7656,273.0094,457.7344,246.9375,438.7500
245,fish,0.6582,176.7094,1179.0000,223.7906,1219.5000,200.2500,1199.2500
245,fish,0.6470,219.5578,684.1125,273.4734,726.6375,246.5156,705.3750
245,fish,0.6460,928.3500,988.9875,972.9000,1021.3875,950.6250,1005.1875
245,fish,0.6440,450.1687,683.1562,503.8313,728.7188,477.0000,705.9375
245,fish,0.6436,732.0938,1239.9750,787.7812,1284.5250,759.9375,1262.2500
245,fish,0.6362,673.5375,274.2469,728.2125,315.2531,700.8750,294.7500
245,fish,0.6235,893.8125,1230.7500,944.4375,1271.2500,919.1250,1251.0000
245,fish,0.6187,744.3000,668.9250,796.9500,721.5750,770.6250,695.2500
245,fish,0.6167,916.2000,696.1500,964.8000,732.6000,940.5000,714.3750
245,fish,0.4863,629.7188,1000.6875,675.2812,1031.0625,652.5000,1015.8750
246,fish,0.7461,488.5312,888.8625,539.1562,931.3875,513.8438,910.1250
246,fish,0.7417,489.7969,1219.3875,537.8906,1257.8625,513.8438,1238.6250
246,fish,0.6816,469.1531,359.4656,520.2844,400.4719,494.7188,379.9688
246,fish,0.6733,420.8625,682.5938,473.5125,728.1562,447.1875,705.3750
246,fish,0.6724,972.9000,406.9969,1019.4750,442.9406,996.1875,424.9688
246,fish,0.6621,227.8125,974.5312,273.3750,1009.9688,250.5938,992.2500
246,fish,0.6514,928.3500,988.4250,972.9000,1020.8250,950.6250,1004.6250
246,fish,0.6504,173.7703,1167.7500,223.6359,1208.2500,198.7031,1188.0000
246,fish,0.6436,733.1625,1239.9750,787.8375,1284.5250,760.5000,1262.2500
246,fish,0.6416,219.0375,688.6688,273.7125,732.2062,246.3750,710.4375
246,fish,0.6353,225.7031,418.9500,276.3281,457.4250,251.0156,438.1875
246,fish,0.6299,670.7250,274.2750,725.4000,315.7875,698.0625,295.0312
246,fish,0.6196,916.2000,696.1500,964.8000,732.6000,940.5000,714.3750
246,fish,0.6177,893.8125,1230.7500,944.4375,1271.2500,919.1250,1251.0000
246,fish,0.5786,746.6625,666.1688,801.3375,719.8312,774.0000,693.0000
246,fish,0.5059,629.7188,1000.6875,675.2812,1031.0625,652.5000,1015.8750
247,fish,0.7007,484.3969,877.1625,536.5406,921.7125,510.4688,899.4375
247,fish,0.6934,459.8438,368.2125,510.4688,409.7250,485.1562,388.9688
247,fish,0.6836,229.7812,970.6500,275.3438,1007.1000,252.5625,988.8750
247,fish,0.6807,169.6500,1161.9000,216.2250,1198.3500,192.9375,1180.1250
247,fish,0.6782,489.7688,1232.7750,537.3563,1269.2250,513.5625,1251.0000
247,fish,0.6704,393.5250,683.1000,450.2250,727.6500,421.8750,705.3750
247,fish,0.6665,972.3375,407.5594,1018.9125,443.5031,995.6250,425.5312
247,fish,0.6582,927.2250,988.4250,971.7750,1020.8250,949.5000,1004.6250
247,fish,0.6460,218.7562,692.6063,270.9000,736.1437,244.8281,714.3750
247,fish,0.6460,732.0938,1239.9750,787.7812,1284.5250,759.9375,1262.2500
247,fish,0.6216,916.2000,696.1500,964.8000,732.6000,940.5000,714.3750
247,fish,0.6177,668.0250,273.2063,724.7250,315.7312,696.3750,294.4688
247,fish,0.6152,892.6875,1230.7500,943.3125,1271.2500,918.0000,1251.0000
247,fish,0.6143,750.9375,667.4625,801.5625,714.0375,776.2500,690.7500
247,fish,0.5708,232.3688,416.6719,278.9438,454.6406,255.6562,435.6562
247,fish,0.5283,629.2125,1000.6875,675.7875,1031.0625,652.5000,1015.8750
248,fish,0.7358,482.4000,875.3625,534.0375,917.8875,508.2188,896.6250
248,fish,0.6724,369.3094,681.9750,425.5031,726.5250,397.4062,704.2500
248,fish,0.6665,972.3375,407.5875,1018.9125,444.0375,995.6250,425.8125
248,fish,0.6621,489.7688,1241.7750,537.3563,1278.2250,513.5625,1260.0000
248,fish,0.6577,928.3500,987.8625,972.9000,1020.2625,950.6250,1004.0625
248,fish,0.6567,163.7719,1160.7750,210.8531,1197.2250,187.3125,1179.0000
248,fish,0.6538,732.0938,1242.1125,787.7812,1284.6375,759.9375,1263.3750
248,fish,0.6533,217.5188,696.4875,270.1687,739.0125,243.8438,717.7500
248,fish,0.6514,750.9375,666.3375,801.5625,712.9125,776.2500,689.6250
248,fish,0.6479,444.2344,380.9250,497.3906,423.4500,470.8125,402.1875
248,fish,0.6426,232.9734,408.1219,280.3078,444.0656,256.6406,426.0938
248,fish,0.6377,231.7781,959.9625,277.8469,996.4125,254.8125,978.1875
248,fish,0.6353,666.3375,271.8562,723.0375,315.3938,694.6875,293.6250
248,fish,0.6196,916.2000,696.1500,964.8000,732.6000,940.5000,714.3750
248,fish,0.6167,892.6875,1231.8750,943.3125,1272.3750,918.0000,1252.1250
248,fish,0.5186,630.2812,1000.6875,675.8438,1031.0625,653.0625,1015.8750
249,fish,0.7280,482.1469,876.6000,534.2906,921.1500,508.2188,898.8750
249,fish,0.7026,234.4500,398.0250,283.0500,434.4750,258.7500,416.2500
249,fish,0.6860,427.7250,395.4937,482.4000,437.0063,455.0625,416.2500
249,fish,0.6748,232.9594,943.2000,280.0406,981.6750,256.5000,962.4375
249,fish,0.6704,154.2937,1159.7625,202.8938,1198.2375,178.5938,1179.0000
249,fish,0.6680,972.3375,407.8406,1018.9125,443.7844,995.6250,425.8125
249,fish,0.6592,751.3875,665.2125,799.9875,711.7875,775.6875,688.5000
249,fish,0.6504,732.0938,1239.9750,787.7812,1284.5250,759.9375,1262.2500
249,fish,0.6460,217.8000,692.7188,270.4500,738.2812,244.1250,715.5000
249,fish,0.6460,347.1187,688.5000,398.7563,729.0000,372.9375,708.7500
249,fish,0.6450,928.3500,988.4250,972.9000,1020.8250,950.6250,1004.6250
249,fish,0.6353,666.3375,271.5750,723.0375,315.1125,694.6875,293.3438
249,fish,0.6196,487.3500,1249.6500,536.9625,1286.1000,512.1562,1267.8750
249,fish,0.6187,892.6875,1230.7500,943.3125,1271.2500,918.0000,1251.0000
249,fish,0.6167,916.2000,696.1500,964.8000,732.6000,940.5000,714.3750
249,fish,0.5293,630.3375,1000.6875,676.9125,1031.0625,653.6250,1015.8750
250,fish,0.7637,235.6453,387.1687,285.5109,425.6438,260.5781,406.4062
250,fish,0.6968,330.3562,690.9188,384.0188,734.4562,357.1875,712.6875
250,fish,0.6860,483.3000,902.4750,535.9500,947.0250,509.6250,924.7500
250,fish,0.6826,408.0938,404.7750,463.7812,446.2875,435.9375,425.5312
250,fish,0.6826,146.4891,1163.0250,193.8234,1199.4750,170.1562,1181.2500
250,fish,0.6626,231.8063,933.7500,278.3813,974.2500,255.0938,954.0000
250,fish,0.6538,731.5312,1239.9750,787.2188,1284.5250,759.3750,1262.2500
250,fish,0.6533,972.3375,408.6562,1018.9125,444.0938,995.6250,426.3750
250,fish,0.6504,217.6875,692.6063,273.3750,736.1437,245.5312,714.3750
250,fish,0.6450,494.1562,1259.5500,539.7188,1291.9500,516.9375,1275.7500
250,fish,0.6372,929.4750,988.9875,974.0250,1021.3875,951.7500,1005.1875
250,fish,0.6260,892.6875,1230.7500,943.3125,1271.2500,918.0000,1251.0000
250,fish,0.6245,665.8312,271.2656,723.5438,314.2969,694.6875,292.7812
250,fish,0.6074,915.1875,696.7125,965.8125,733.1625,940.5000,714.9375
250,fish,0.5796,745.9312,666.5625,797.5688,717.1875,771.7500,691.8750
250,fish,0.5303,631.3500,1001.1938,675.9000,1030.5563,653.6250,1015.8750
251,fish,0.7705,238.5984,374.9625,285.9328,411.4125,262.2656,393.1875
251,fish,0.7217,484.5375,947.3625,534.1500,989.8875,509.3438,968.6250
251,fish,0.7124,385.7063,411.4406,443.4187,451.4344,414.5625,431.4375
251,fish,0.7090,137.9531,1163.1375,186.0469,1201.6125,162.0000,1182.3750
251,fish,0.6733,230.9906,928.1250,278.0719,968.6250,254.5312,948.3750
251,fish,0.6724,494.9438,1258.4250,539.4937,1290.8250,517.2188,1274.6250
251,fish,0.6670,663.5812,271.2375,721.2938,313.7625,692.4375,292.5000
251,fish,0.6558,322.9875,692.6625,375.6375,737.2125,349.3125,714.9375
251,fish,0.6538,731.0250,1239.9750,787.7250,1284.5250,759.3750,1262.2500
251,fish,0.6538,971.2687,408.6844,1018.8563,444.6281,995.0625,426.6562
251,fish,0.6538,218.2219,692.0438,273.4031,735.5812,245.8125,713.8125
251,fish,0.6372,929.4750,989.5500,974.0250,1021.9500,951.7500,1005.7500
251,fish,0.6206,892.6875,1230.7500,943.3125,1271.2500,918.0000,1251.0000
251,fish,0.6069,915.1313,696.7125,964.7437,733.1625,939.9375,714.9375
251,fish,0.5898,741.2625,673.3125,789.8625,723.9375,765.5625,698.6250
251,fish,0.5215,630.8438,1000.6875,676.4062,1031.0625,653.6250,1015.8750
252,fish,0.8066,240.5250,364.5562,287.1000,401.0063,263.8125,382.7812
252,fish,0.7168,372.6000,415.6313,427.2750,455.1187,399.9375,435.3750
252,fish,0.6958,229.8375,929.2500,276.4125,969.7500,253.1250,949.5000
252,fish,0.6699,218.2219,686.4750,273.4031,731.0250,245.8125,708.7500
252,fish,0.6646,662.4000,271.2375,719.1000,313.7625,690.7500,292.5000
252,fish,0.6602,496.8000,1257.3000,539.3250,1289.7000,518.0625,1273.5000
252,fish,0.6523,732.0938,1240.9875,787.7812,1283.5125,759.9375,1262.2500
252,fish,0.6436,484.2000,985.9500,532.8000,1024.4250,508.5000,1005.1875
252,fish,0.6323,930.0375,990.6750,974.5875,1023.0750,952.3125,1006.8750
252,fish,0.6323,971.7750,409.7531,1018.3500,444.6844,995.0625,427.2188
252,fish,0.6245,893.1938,1230.7500,942.8062,1271.2500,918.0000,1251.0000
252,fish,0.6187,736.5375,681.2437,791.2125,732.8813,763.8750,707.0625
252,fish,0.6113,129.3012,1167.5250,177.3316,1203.9750,153.3164,1185.7500
252,fish,0.6084,914.0625,696.7125,964.6875,733.1625,939.3750,714.9375
252,fish,0.5869,322.9312,694.3500,374.5688,738.9000,348.7500,716.6250
252,fish,0.5283,630.3375,1000.6875,676.9125,1031.0625,653.6250,1015.8750
253,fish,0.7251,242.1984,356.3438,288.5203,391.7812,265.3594,374.0625
253,fish,0.7075,359.1562,415.1250,414.8438,455.6250,387.0000,435.3750
253,fish,0.7007,228.6844,931.3875,274.7531,969.8625,251.7188,950.6250
253,fish,0.6953,219.6141,684.1125,274.5422,726.6375,247.0781,705.3750
253,fish,0.6875,660.7125,271.4625,717.4125,312.9750,689.0625,292.2188
253,fish,0.6582,732.0375,1242.0000,786.7125,1282.5000,759.3750,1262.2500
253,fish,0.6577,120.0586,1172.0250,167.5195,1208.4750,143.7891,1190.2500
253,fish,0.6450,474.3281,993.8813,527.4844,1033.3688,500.9062,1013.6250
253,fish,0.6372,732.1500,688.4438,788.8500,738.0562,760.5000,713.2500
253,fish,0.6372,930.6000,989.5500,975.1500,1021.9500,952.8750,1005.7500
253,fish,0.6372,972.3375,409.4719,1018.9125,444.4031,995.6250,426.9375
253,fish,0.6323,494.6625,1250.6625,539.2125,1285.0875,516.9375,1267.8750
253,fish,0.6279,893.1938,1230.7500,942.8062,1271.2500,918.0000,1251.0000
253,fish,0.6162,915.1313,696.1500,964.7437,732.6000,939.9375,714.3750
253,fish,0.6074,320.3438,695.7000,376.0312,744.3000,348.1875,720.0000
253,fish,0.5508,631.4062,999.6750,676.9688,1032.0750,654.1875,1015.8750
254,fish,0.8018,246.5719,344.0813,290.6156,381.5437,268.5938,362.8125
254,fish,0.7153,229.7531,932.0063,274.8094,971.4937,252.2812,951.7500
254,fish,0.6870,347.9344,414.2531,404.1281,454.2469,376.0312,434.2500
254,fish,0.6870,733.5000,687.0938,784.1250,732.6562,758.8125,709.8750
254,fish,0.6836,220.7250,679.1625,275.4000,723.7125,248.0625,701.4375
254,fish,0.6826,469.3219,993.3750,528.5531,1033.8750,498.9375,1013.6250
254,fish,0.6816,113.9062,1179.9000,159.4688,1216.3500,136.6875,1198.1250
254,fish,0.6807,493.5094,1246.1625,537.5531,1280.5875,515.5312,1263.3750
254,fish,0.6670,659.0250,271.1812,715.7250,312.6938,687.3750,291.9375
254,fish,0.6577,732.0375,1242.1125,786.7125,1284.6375,759.3750,1263.3750
254,fish,0.6504,930.6000,989.5500,975.1500,1021.9500,952.8750,1005.7500
254,fish,0.6440,971.7750,409.2188,1018.3500,444.6562,995.0625,426.9375
254,fish,0.6323,893.7000,1230.7500,942.3000,1271.2500,918.0000,1251.0000
254,fish,0.6279,334.7437,695.3625,386.3813,737.8875,360.5625,716.6250
254,fish,0.6167,915.1313,696.7125,964.7437,733.1625,939.9375,714.9375
254,fish,0.5273,630.3375,999.5625,676.9125,1029.9375,653.6250,1014.7500
255,fish,0.7217,228.4172,929.8125,274.7391,970.3125,251.5781,950.0625
255,fish,0.7168,109.6594,1188.9000,154.7156,1225.3500,132.1875,1207.1250
255,fish,0.7090,732.8250,686.4750,781.4250,731.0250,757.1250,708.7500
255,fish,0.7041,247.0500,332.1844,289.5750,368.1281,268.3125,350.1562
255,fish,0.6943,339.4688,413.3813,395.1562,452.8687,367.3125,433.1250
255,fish,0.6934,353.7844,696.8250,403.9031,735.3000,378.8438,716.0625
255,fish,0.6768,471.4312,995.5125,528.1313,1033.9875,499.7812,1014.7500
255,fish,0.6646,222.3000,674.6063,274.9500,718.1437,248.6250,696.3750
255,fish,0.6558,931.1625,988.9875,975.7125,1021.3875,953.4375,1005.1875
255,fish,0.6533,731.5312,1242.1125,787.2188,1284.6375,759.3750,1263.3750
255,fish,0.6514,659.0250,271.1812,715.7250,312.6938,687.3750,291.9375
255,fish,0.6504,971.7750,409.2188,1018.3500,444.6562,995.0625,426.9375
255,fish,0.6377,892.5750,1230.7500,941.1750,1271.2500,916.8750,1251.0000
255,fish,0.6343,488.6438,1239.5250,536.2313,1275.9750,512.4375,1257.7500
255,fish,0.6167,915.1313,696.1500,964.7437,732.6000,939.9375,714.3750
255,fish,0.5225,630.8438,999.5625,676.4062,1029.9375,653.6250,1014.7500
256,fish,0.7490,103.5563,1196.7750,150.1312,1233.2250,126.8438,1215.0000
256,fish,0.7388,245.3344,320.5688,292.4156,360.0562,268.8750,340.3125
256,fish,0.7124,221.1188,671.1750,275.2875,713.7000,248.2031,692.4375
256,fish,0.7104,735.1875,680.9625,785.8125,727.5375,760.5000,704.2500
256,fish,0.6738,230.4563,922.4438,278.0437,961.9312,254.2500,942.1875
256,fish,0.6724,660.7125,271.4906,717.4125,313.5094,689.0625,292.5000
256,fish,0.6689,494.6625,1235.0250,539.2125,1271.4750,516.9375,1253.2500
256,fish,0.6680,328.7250,411.6938,383.4000,451.1812,356.0625,431.4375
256,fish,0.6592,971.7750,409.1906,1018.3500,444.1219,995.0625,426.6562
256,fish,0.6567,931.1625,988.4250,975.7125,1020.8250,953.4375,1004.6250
256,fish,0.6504,732.0375,1242.0000,786.7125,1282.5000,759.3750,1262.2500
256,fish,0.6362,372.6000,696.8813,427.2750,736.3687,399.9375,716.6250
256,fish,0.6289,891.4500,1230.7500,940.0500,1271.2500,915.7500,1251.0000
256,fish,0.6250,478.6875,994.3875,529.3125,1032.8625,504.0000,1013.6250
256,fish,0.6113,915.1313,696.7125,964.7437,733.1625,939.9375,714.9375
256,fish,0.5117,630.8438,999.5625,676.4062,1029.9375,653.6250,1014.7500
257,fish,0.7124,322.0312,409.5562,377.7188,451.0688,349.8750,430.3125
257,fish,0.7124,229.0781,915.0187,277.1719,952.4813,253.1250,933.7500
257,fish,0.7104,247.0781,310.1906,290.1094,350.1844,268.5938,330.1875
257,fish,0.6943,220.9500,666.2250,274.6125,710.7750,247.7812,688.5000
257,fish,0.6885,100.4766,1203.5250,147.3047,1239.9750,123.8906,1221.7500
257,fish,0.6826,662.9625,270.6750,719.6625,313.2000,691.3125,291.9375
257,fish,0.6768,496.8844,1235.0250,540.9281,1271.4750,518.9062,1253.2500
257,fish,0.6724,971.2125,408.6562,1017.7875,444.0938,994.5000,426.3750
257,fish,0.6602,483.3562,990.9000,531.9562,1027.3500,507.6562,1009.1250
257,fish,0.6558,730.9688,1242.1125,786.6562,1284.6375,758.8125,1263.3750
257,fish,0.6504,733.1625,675.7313,787.8375,729.3937,760.5000,702.5625
257,fish,0.6450,931.7250,988.9875,976.2750,1021.3875,954.0000,1005.1875
257,fish,0.6167,889.8188,1230.7500,939.4312,1271.2500,914.6250,1251.0000
257,fish,0.6113,915.0750,696.1500,963.6750,732.6000,939.3750,714.3750
257,fish,0.6011,394.9875,699.5812,447.6375,737.0438,421.3125,718.3125
257,fish,0.5156,630.8438,999.5625,676.4062,1029.9375,653.6250,1014.7500
258,fish,0.7534,228.9516,908.3250,277.2984,946.8000,253.1250,927.5625
258,fish,0.7104,479.7563,987.0750,529.3687,1025.5500,504.5625,1006.3125
258,fish,0.7056,219.7969,665.1000,272.9531,709.6500,246.3750,687.3750
258,fish,0.6841,247.5281,301.3875,293.5969,339.8625,270.5625,320.6250
258,fish,0.6816,971.2125,408.3750,1017.7875,443.8125,994.5000,426.0938
258,fish,0.6768,317.0250,408.4312,373.7250,449.9438,345.3750,429.1875
258,fish,0.6602,95.1328,1210.2750,141.9609,1246.7250,118.5469,1228.5000
258,fish,0.6567,496.8562,1237.2750,540.3937,1273.7250,518.6250,1255.5000
258,fish,0.6548,414.9844,699.6375,468.1406,738.1125,441.5625,718.8750
258,fish,0.6538,732.0375,1242.0000,786.7125,1282.5000,759.3750,1262.2500
258,fish,0.6479,931.1625,989.5500,975.7125,1021.9500,953.4375,1005.7500
258,fish,0.6470,665.2125,271.5469,721.9125,314.5781,693.5625,293.0625
258,fish,0.6196,888.7500,1233.0000,939.3750,1273.5000,914.0625,1253.2500
258,fish,0.6069,916.2000,696.1500,964.8000,732.6000,940.5000,714.3750
258,fish,0.6050,736.0875,671.2875,792.7875,725.9625,764.4375,698.6250
258,fish,0.5088,629.2125,998.5500,675.7875,1030.9500,652.5000,1014.7500
259,fish,0.7202,228.2906,904.3875,277.3969,942.8625,252.8438,923.6250
259,fish,0.6909,971.2125,407.8406,1017.7875,443.7844,994.5000,425.8125
259,fish,0.6826,246.7125,294.8906,293.2875,332.8594,270.0000,313.8750
259,fish,0.6738,432.7875,698.6250,487.4625,739.1250,460.1250,718.8750
259,fish,0.6704,310.7812,407.0531,366.4688,449.0719,338.6250,428.0625
259,fish,0.6665,216.7875,662.8500,271.4625,707.4000,244.1250,685.1250
259,fish,0.6621,930.6000,989.5500,975.1500,1021.9500,952.8750,1005.7500
259,fish,0.6602,477.6187,982.1250,529.2563,1022.6250,503.4375,1002.3750
259,fish,0.6582,731.4750,1242.0000,786.1500,1282.5000,758.8125,1262.2500
259,fish,0.6245,92.7141,1214.7750,139.0359,1251.2250,115.8750,1233.0000
259,fish,0.6245,916.2000,695.0250,964.8000,731.4750,940.5000,713.2500
259,fish,0.6216,888.1875,1233.0000,938.8125,1273.5000,913.5000,1253.2500
259,fish,0.6152,666.9000,273.8602,723.6000,315.4992,695.2500,294.6797
259,fish,0.5918,741.2625,670.0500,799.9875,722.7000,770.6250,696.3750
259,fish,0.5786,495.7875,1240.5375,540.3375,1274.9625,518.0625,1257.7500
259,fish,0.5049,630.3375,999.5625,676.9125,1029.9375,653.6250,1014.7500
260,fish,0.6943,227.2641,899.3250,275.6109,937.8000,251.4375,918.5625
260,fish,0.6860,247.0219,290.0813,294.1031,327.5437,270.5625,308.8125
260,fish,0.6826,971.2687,407.2781,1018.8563,443.2219,995.0625,425.2500
260,fish,0.6748,453.8531,697.5000,508.0219,738.0000,480.9375,717.7500
260,fish,0.6704,310.6969,405.6187,364.8656,447.1313,337.7812,426.3750
260,fish,0.6680,484.8188,975.9375,534.4312,1016.4375,509.6250,996.1875
260,fish,0.6567,89.8805,1221.5250,135.8227,1257.9750,112.8516,1239.7500
260,fish,0.6504,930.6000,989.5500,975.1500,1021.9500,952.8750,1005.7500
260,fish,0.6450,732.0375,1239.9750,786.7125,1284.5250,759.3750,1262.2500
260,fish,0.6377,220.8938,663.7500,273.5437,704.2500,247.2188,684.0000
260,fish,0.6333,917.3250,694.4625,965.9250,730.9125,941.6250,712.6875
260,fish,0.6323,493.5375,1240.5375,538.0875,1274.9625,515.8125,1257.7500
260,fish,0.6279,740.1375,670.0500,798.8625,722.7000,769.5000,696.3750
260,fish,0.6206,887.0625,1233.0000,937.6875,1273.5000,912.3750,1253.2500
260,fish,0.6069,668.0250,272.7281,724.7250,316.7719,696.3750,294.7500
260,fish,0.5156,629.2125,998.5500,675.7875,1030.9500,652.5000,1014.7500
261,fish,0.6826,88.0031,1226.0250,133.0594,1262.4750,110.5312,1244.2500
261,fish,0.6826,971.2687,407.2781,1018.8563,443.2219,995.0625,425.2500
261,fish,0.6802,229.5281,899.8312,278.1281,937.2938,253.8281,918.5625
261,fish,0.6514,316.6875,402.1313,367.3125,441.6187,342.0000,421.8750
261,fish,0.6494,930.6000,988.9875,975.1500,1021.3875,952.8750,1005.1875
261,fish,0.6494,732.0375,1239.9750,786.7125,1284.5250,759.3750,1262.2500
261,fish,0.6377,470.9531,695.9250,524.1094,738.4500,497.5312,717.1875
261,fish,0.6377,489.5719,958.1063,538.6781,1001.6437,514.1250,979.8750
261,fish,0.6318,917.3250,694.4625,965.9250,730.9125,941.6250,712.6875
261,fish,0.6309,222.5531,668.2500,274.6969,708.7500,248.6250,688.5000
261,fish,0.6187,886.5000,1231.9875,937.1250,1274.5125,911.8125,1253.2500
261,fish,0.6113,669.6562,273.3539,725.3438,316.0055,697.5000,294.6797
261,fish,0.6094,489.6844,1239.5250,535.7531,1275.9750,512.7188,1257.7500
261,fish,0.5962,244.4344,279.1406,290.5031,317.1094,267.4688,298.1250
261,fish,0.5859,742.8375,666.7313,799.5375,720.3937,771.1875,693.5625
261,fish,0.4961,630.8438,1000.6875,676.4062,1031.0625,653.6250,1015.8750
262,fish,0.7417,228.8812,904.8937,278.4937,942.3563,253.6875,923.6250
262,fish,0.7310,489.8531,932.2313,538.9594,975.7687,514.4062,954.0000
262,fish,0.6934,247.1484,281.1375,291.4453,319.6125,269.2969,300.3750
262,fish,0.6934,494.6906,1230.5250,539.7469,1266.9750,517.2188,1248.7500
262,fish,0.6816,971.2687,407.2781,1018.8563,443.2219,995.0625,425.2500
262,fish,0.6699,480.7969,693.7313,533.9531,737.2687,507.3750,715.5000
262,fish,0.6523,746.7750,657.7875,803.4750,712.4625,775.1250,685.1250
262,fish,0.6514,222.5672,673.9312,274.9641,715.4438,248.7656,694.6875
262,fish,0.6514,732.0375,1239.9750,786.7125,1284.5250,759.3750,1262.2500
262,fish,0.6494,931.7250,988.4250,976.2750,1020.8250,954.0000,1004.6250
262,fish,0.6318,917.3250,694.4625,965.9250,730.9125,941.6250,712.6875
262,fish,0.6299,86.2945,1228.2750,133.5023,1264.7250,109.8984,1246.5000
262,fish,0.6084,884.8125,1231.9875,935.4375,1274.5125,910.1250,1253.2500
262,fish,0.6030,670.1625,273.3539,724.8375,316.0055,697.5000,294.6797
262,fish,0.5840,320.6812,400.7812,372.3188,441.2812,346.5000,421.0312
262,fish,0.5000,630.3375,1000.6875,676.9125,1031.0625,653.6250,1015.8750
263,fish,0.7280,246.7406,284.9414,293.8219,323.5430,270.2812,304.2422
263,fish,0.7007,748.9688,645.4125,804.6562,700.0875,776.8125,672.7500
263,fish,0.7007,81.5484,1226.1375,129.3891,1264.6125,105.4688,1245.3750
263,fish,0.6919,333.0000,399.3750,383.6250,439.8750,358.3125,419.6250
263,fish,0.6841,218.0672,679.1063,272.9953,722.6437,245.5312,700.8750
263,fish,0.6758,971.2687,408.0938,1018.8563,443.5312,995.0625,425.8125
263,fish,0.6748,491.9625,1212.7500,538.5375,1253.2500,515.2500,1233.0000
263,fish,0.6714,487.6313,899.1000,537.2437,943.6500,512.4375,921.3750
263,fish,0.6699,731.5312,1239.9750,787.2188,1284.5250,759.3750,1262.2500
263,fish,0.6655,228.0375,914.5125,277.6500,952.9875,252.8438,933.7500
263,fish,0.6504,484.9312,693.2250,536.5688,737.7750,510.7500,715.5000
263,fish,0.6426,931.7250,988.4250,976.2750,1020.8250,954.0000,1004.6250
263,fish,0.6299,917.3250,695.0250,965.9250,731.4750,941.6250,713.2500
263,fish,0.6094,670.2188,273.6211,725.9062,316.0195,698.0625,294.8203
263,fish,0.6074,884.8125,1231.9875,935.4375,1274.5125,910.1250,1253.2500
263,fish,0.5166,630.3375,1000.6875,676.9125,1031.0625,653.6250,1015.8750
264,fish,0.7812,230.5125,923.9625,276.5813,960.4125,253.5469,942.1875
264,fish,0.7217,750.1500,629.6625,806.8500,684.3375,778.5000,657.0000
264,fish,0.7217,77.9484,1215.0000,123.0047,1255.5000,100.4766,1235.2500
264,fish,0.6899,247.5984,291.2063,294.9328,328.6687,271.2656,309.9375
264,fish,0.6836,486.5344,856.9125,536.6531,901.4625,511.5938,879.1875
264,fish,0.6665,732.0375,1239.9750,786.7125,1284.5250,759.3750,1262.2500
264,fish,0.6636,487.4062,693.1688,538.0312,736.7062,512.7188,714.9375
264,fish,0.6558,217.6594,686.4188,272.8406,729.9562,245.2500,708.1875
264,fish,0.6538,492.6938,1204.7625,537.2437,1243.2375,514.9688,1224.0000
264,fish,0.6523,972.3375,408.9094,1018.9125,443.8406,995.6250,426.3750
264,fish,0.6406,931.1625,988.9875,975.7125,1021.3875,953.4375,1005.1875
264,fish,0.6396,349.9875,402.2719,402.6375,444.2906,376.3125,423.2812
264,fish,0.6270,917.3250,695.0250,965.9250,731.4750,941.6250,713.2500
264,fish,0.6069,884.8125,1231.9875,935.4375,1274.5125,910.1250,1253.2500
264,fish,0.5947,669.1500,272.6438,725.8500,315.1687,697.5000,293.9062
264,fish,0.5332,630.3375,1000.6875,676.9125,1031.0625,653.6250,1015.8750
265,fish,0.7969,224.1000,936.3937,273.7125,973.8563,248.9062,955.1250
265,fish,0.6826,245.2922,294.4688,291.6141,329.9062,268.4531,312.1875
265,fish,0.6680,76.9359,1208.2500,122.7516,1248.7500,99.8438,1228.5000
265,fish,0.6655,750.0375,615.0375,804.7125,669.7125,777.3750,642.3750
265,fish,0.6655,486.6187,693.2812,538.2563,738.8438,512.4375,716.0625
265,fish,0.6582,731.5312,1242.1125,787.2188,1284.6375,759.3750,1263.3750
265,fish,0.6504,485.9438,846.2250,535.5562,890.7750,510.7500,868.5000
265,fish,0.6479,970.7062,409.2188,1018.2938,444.6562,994.5000,426.9375
265,fish,0.6460,931.1625,989.5500,975.7125,1021.9500,953.4375,1005.7500
265,fish,0.6436,492.9750,1199.1375,537.5250,1237.6125,515.2500,1218.3750
265,fish,0.6299,915.6938,695.0250,965.3062,731.4750,940.5000,713.2500
265,fish,0.6152,361.9125,410.2031,416.5875,453.2344,389.2500,431.7188
265,fish,0.6152,217.3219,693.7313,271.4906,737.2687,244.4062,715.5000
265,fish,0.6050,884.2500,1231.9875,934.8750,1274.5125,909.5625,1253.2500
265,fish,0.5991,665.8875,271.1039,724.6125,313.7555,695.2500,292.4297
265,fish,0.5391,630.8438,1000.6875,676.4062,1031.0625,653.6250,1015.8750
266,fish,0.7637,77.2383,1199.2500,123.4336,1239.7500,100.3359,1219.5000
266,fish,0.7251,223.5375,948.1500,273.1500,984.6000,248.3438,966.3750
266,fish,0.6958,485.3813,845.1000,534.9937,889.6500,510.1875,867.3750
266,fish,0.6851,487.5469,1197.0000,535.6406,1237.5000,511.5938,1217.2500
266,fish,0.6646,243.6609,296.7750,290.9953,333.2250,267.3281,315.0000
266,fish,0.6636,732.0375,1242.1125,786.7125,1284.6375,759.3750,1263.3750
266,fish,0.6626,663.5812,269.9789,721.2938,312.6305,692.4375,291.3047
266,fish,0.6621,930.6000,990.0562,975.1500,1021.4438,952.8750,1005.7500
266,fish,0.6567,747.6750,607.1063,800.3250,660.7687,774.0000,633.9375
266,fish,0.6436,917.8875,692.7750,966.4875,729.2250,942.1875,711.0000
266,fish,0.6406,971.2125,409.5000,1017.7875,444.9375,994.5000,427.2188
266,fish,0.6323,216.2250,699.7500,270.9000,740.2500,243.5625,720.0000
266,fish,0.6260,374.9625,413.9156,431.6625,457.9594,403.3125,435.9375
266,fish,0.5957,487.8562,695.4750,536.4562,740.0250,512.1562,717.7500
266,fish,0.5957,883.6875,1231.9875,934.3125,1274.5125,909.0000,1253.2500
266,fish,0.5371,630.3375,1001.1938,676.9125,1030.5563,653.6250,1015.8750
267,fish,0.7231,387.8438,415.1812,443.5312,456.6938,415.6875,435.9375
267,fish,0.7202,222.3422,957.0938,270.6891,992.5312,246.5156,974.8125
267,fish,0.7075,483.6938,850.6125,533.3062,893.1375,508.5000,871.8750
267,fish,0.6943,242.6203,293.4000,291.4734,329.8500,267.0469,311.6250
267,fish,0.6875,489.4594,1202.6250,536.5406,1243.1250,513.0000,1222.8750
267,fish,0.6807,77.7656,1188.0000,120.7969,1228.5000,99.2812,1208.2500
267,fish,0.6714,744.8625,605.9250,797.5125,658.5750,771.1875,632.2500
267,fish,0.6689,480.3750,698.7375,531.0000,741.2625,505.6875,720.0000
267,fish,0.6582,920.5875,691.6500,967.1625,728.1000,943.8750,709.8750
267,fish,0.6577,732.0375,1242.1125,786.7125,1284.6375,759.3750,1263.3750
267,fish,0.6494,660.1500,270.4852,716.8500,312.1242,688.5000,291.3047
267,fish,0.6372,971.2125,409.5000,1017.7875,444.9375,994.5000,427.2188
267,fish,0.6343,930.6000,990.6187,975.1500,1022.0063,952.8750,1006.3125
267,fish,0.6133,217.7578,702.4500,272.1797,740.9250,244.9688,721.6875
267,fish,0.5898,882.5625,1231.9875,933.1875,1274.5125,907.8750,1253.2500
267,fish,0.5273,631.4062,1001.1938,676.9688,1030.5563,654.1875,1015.8750
268,fish,0.7759,244.0406,293.4563,293.1469,330.9187,268.5938,312.1875
268,fish,0.7690,76.6266,1179.0000,121.9359,1219.5000,99.2812,1199.2500
268,fish,0.6943,459.1969,700.7625,513.3656,739.2375,486.2812,720.0000
268,fish,0.6919,482.6812,857.9250,534.3188,900.4500,508.5000,879.1875
268,fish,0.6899,223.4531,962.7750,271.5469,999.2250,247.5000,981.0000
268,fish,0.6841,400.7250,415.6875,455.4000,456.1875,428.0625,435.9375
268,fish,0.6646,921.7125,689.9625,968.2875,726.4125,945.0000,708.1875
268,fish,0.6636,732.0375,1242.1125,786.7125,1284.6375,759.3750,1263.3750
268,fish,0.6621,217.2937,699.1875,270.9563,739.6875,244.1250,719.4375
268,fish,0.6533,930.6000,990.0562,975.1500,1021.4438,952.8750,1005.7500
268,fish,0.6426,742.1063,605.4188,795.7687,659.0812,768.9375,632.2500
268,fish,0.6372,487.0125,1212.6375,535.6125,1251.1125,511.3125,1231.8750
268,fish,0.6343,652.3875,269.6836,711.1125,312.0820,681.7500,290.8828
268,fish,0.6260,972.3375,409.7812,1018.9125,445.2188,995.6250,427.5000
268,fish,0.5737,881.4937,1230.9750,933.1313,1275.5250,907.3125,1253.2500
268,fish,0.5371,631.4062,1000.6875,676.9688,1031.0625,654.1875,1015.8750
269,fish,0.7324,490.2750,1222.6500,536.8500,1259.1000,513.5625,1240.8750
269,fish,0.7041,242.4656,291.2063,293.5969,328.6687,268.0312,309.9375
269,fish,0.6772,230.3719,959.9062,276.4406,995.3438,253.4062,977.6250
269,fish,0.6768,433.2937,700.7625,486.9563,739.2375,460.1250,720.0000
269,fish,0.6738,484.4250,875.4750,537.0750,920.0250,510.7500,897.7500
269,fish,0.6699,415.0688,414.6187,469.7437,456.1313,442.4062,435.3750
269,fish,0.6665,647.7750,268.1086,704.4750,312.5320,676.1250,290.3203
269,fish,0.6655,921.7687,688.8375,969.3563,725.2875,945.5625,707.0625
269,fish,0.6582,737.7750,610.3687,794.4750,662.0063,766.1250,636.1875
269,fish,0.6533,219.4594,696.9375,271.6031,737.4375,245.5312,717.1875
269,fish,0.6533,732.0375,1242.1125,786.7125,1284.6375,759.3750,1263.3750
269,fish,0.6450,971.2687,409.2750,1018.8563,445.7250,995.0625,427.5000
269,fish,0.6396,930.6000,990.0562,975.1500,1021.4438,952.8750,1005.7500
269,fish,0.6387,77.7938,1172.1375,121.3312,1210.6125,99.5625,1191.3750
269,fish,0.5718,880.4250,1230.9750,933.0750,1275.5250,906.7500,1253.2500
269,fish,0.5361,632.0812,999.5625,679.6688,1029.9375,655.8750,1014.7500
269,fish,0.4351,73.2375,1167.5250,119.5594,1203.9750,96.3984,1185.7500
270,fish,0.7251,75.9445,1158.7500,120.3680,1199.2500,98.1562,1179.0000
270,fish,0.7139,484.9312,914.8500,536.5688,959.4000,510.7500,937.1250
270,fish,0.7090,242.2406,284.4844,294.3844,322.4531,268.3125,303.4688
270,fish,0.6929,641.0250,269.7750,697.7250,311.2875,669.3750,290.5312
270,fish,0.6909,425.5875,412.1719,482.2875,455.2031,453.9375,433.6875
270,fish,0.6875,233.5500,934.8188,281.1375,974.3062,257.3438,954.5625
270,fish,0.6792,412.7906,702.9562,466.9594,740.4188,439.8750,721.6875
270,fish,0.6665,922.8937,688.2750,970.4813,724.7250,946.6875,706.5000
270,fish,0.6646,491.4000,1230.5250,537.9750,1266.9750,514.6875,1248.7500
270,fish,0.6577,731.5312,1242.1125,787.2188,1284.6375,759.3750,1263.3750
270,fish,0.6523,930.6000,989.5500,975.1500,1021.9500,952.8750,1005.7500
270,fish,0.6460,223.0312,690.8625,273.6562,733.3875,248.3438,712.1250
270,fish,0.6440,737.6625,620.4937,792.3375,672.1313,765.0000,646.3125
270,fish,0.6333,971.2125,409.5281,1017.7875,445.4719,994.5000,427.5000
270,fish,0.5620,878.2313,1235.4750,931.8937,1280.0250,905.0625,1257.7500
270,fish,0.5264,631.0125,998.5500,679.6125,1030.9500,655.3125,1014.7500
271,fish,0.7339,745.5375,637.3125,800.2125,687.9375,772.8750,662.6250
271,fish,0.7104,435.0938,412.3687,490.7812,453.8813,462.9375,433.1250
271,fish,0.6978,233.2688,915.6375,280.8562,954.1125,257.0625,934.8750
271,fish,0.6875,491.4000,1242.7875,537.9750,1277.2125,514.6875,1260.0000
271,fish,0.6841,638.2125,269.6273,694.9125,311.0133,666.5625,290.3203
271,fish,0.6772,73.6594,1144.2375,118.7156,1186.7625,96.1875,1165.5000
271,fish,0.6724,388.5188,700.7625,446.2312,739.2375,417.3750,720.0000
271,fish,0.6704,930.6000,988.4250,975.1500,1020.8250,952.8750,1004.6250
271,fish,0.6689,479.3906,940.7250,532.5469,985.2750,505.9688,963.0000
271,fish,0.6621,923.4562,688.2750,971.0438,724.7250,947.2500,706.5000
271,fish,0.6592,731.5312,1239.9750,787.2188,1284.5250,759.3750,1262.2500
271,fish,0.6489,241.1297,274.0711,293.5266,314.4445,267.3281,294.2578
271,fish,0.6353,971.7750,409.2469,1018.3500,445.1906,995.0625,427.2188
271,fish,0.6177,225.6609,688.6125,278.0578,731.1375,251.8594,709.8750
271,fish,0.5640,877.1625,1235.4750,931.8375,1280.0250,904.5000,1257.7500
271,fish,0.4912,631.5750,998.4937,680.1750,1029.8812,655.8750,1014.1875
272,fish,0.7295,749.5875,649.9125,806.2875,704.5875,777.9375,677.2500
272,fish,0.7266,442.4625,412.9312,499.1625,454.4438,470.8125,433.6875
272,fish,0.6978,363.6281,701.8312,418.8094,739.2938,391.2188,720.5625
272,fish,0.6875,232.4250,906.6938,280.0125,946.1812,256.2188,926.4375
272,fish,0.6792,480.5719,958.6688,534.7406,1002.2062,507.6562,980.4375
272,fish,0.6670,931.7250,988.4250,976.2750,1020.8250,954.0000,1004.6250
272,fish,0.6621,636.5250,270.2812,693.2250,310.7812,664.8750,290.5312
272,fish,0.6567,922.9500,689.4000,971.5500,725.8500,947.2500,707.6250
272,fish,0.6494,732.0375,1239.9750,786.7125,1284.5250,759.3750,1262.2500
272,fish,0.6396,239.9625,271.2656,291.6000,309.2344,265.7812,290.2500
272,fish,0.6396,970.2000,409.2750,1018.8000,445.7250,994.5000,427.5000
272,fish,0.6362,73.1461,1132.9875,117.8227,1175.5125,95.4844,1154.2500
272,fish,0.6270,225.3375,686.8687,276.9750,728.3813,251.1562,707.6250
272,fish,0.5659,494.7750,1248.5250,541.3500,1284.9750,518.0625,1266.7500
272,fish,0.5601,876.6000,1235.4750,931.2750,1280.0250,903.9375,1257.7500
272,fish,0.4980,631.6875,997.4250,682.3125,1029.8250,657.0000,1013.6250
273,fish,0.7285,71.7117,1120.4437,115.8820,1159.9313,93.7969,1140.1875
273,fish,0.7280,477.6750,973.1250,530.3250,1013.6250,504.0000,993.3750
273,fish,0.6870,449.4656,412.1719,505.6594,455.2031,477.5625,433.6875
273,fish,0.6851,228.7688,903.2625,276.3562,941.7375,252.5625,922.5000
273,fish,0.6802,750.6562,665.6625,806.3438,720.3375,778.5000,693.0000
273,fish,0.6772,239.6391,270.8227,290.5172,308.4117,265.0781,289.6172
273,fish,0.6621,930.6000,988.4250,975.1500,1020.8250,952.8750,1004.6250
273,fish,0.6592,732.0375,1239.9750,786.7125,1284.5250,759.3750,1262.2500
273,fish,0.6582,345.0375,700.7625,399.7125,739.2375,372.3750,720.0000
273,fish,0.6548,924.0750,689.4000,972.6750,725.8500,948.3750,707.6250
273,fish,0.6479,224.2406,685.2375,276.3844,727.7625,250.3125,706.5000
273,fish,0.6440,635.9062,271.3500,691.5938,310.8375,663.7500,291.0938
273,fish,0.6387,970.7062,409.2750,1018.2938,445.7250,994.5000,427.5000
273,fish,0.5806,489.7406,1250.7750,536.8219,1287.2250,513.2812,1269.0000
273,fish,0.5566,879.8625,1233.2250,932.5125,1277.7750,906.1875,1255.5000
273,fish,0.5146,632.7000,997.4250,681.3000,1029.8250,657.0000,1013.6250
274,fish,0.7075,454.8375,413.4937,511.5375,455.0063,483.1875,434.2500
274,fish,0.7007,746.7750,673.5375,803.4750,728.2125,775.1250,700.8750
274,fish,0.6978,226.2375,900.4500,273.8250,938.9250,250.0312,919.6875
274,fish,0.6807,68.6883,1106.3250,112.8586,1144.8000,90.7734,1125.5625
274,fish,0.6689,730.9125,1239.9750,785.5875,1284.5250,758.2500,1262.2500
274,fish,0.6621,220.8938,684.1125,273.5437,726.6375,247.2188,705.3750
274,fish,0.6611,931.1625,988.4250,975.7125,1020.8250,953.4375,1004.6250
274,fish,0.6611,489.4312,976.3875,536.0063,1014.8625,512.7188,995.6250
274,fish,0.6538,239.8500,269.2125,289.4625,305.6625,264.6562,287.4375
274,fish,0.6504,924.0750,689.9625,972.6750,726.4125,948.3750,708.1875
274,fish,0.6436,635.4000,271.0969,692.1000,311.0906,663.7500,291.0938
274,fish,0.6343,970.2000,409.5562,1018.8000,446.0063,994.5000,427.7812
274,fish,0.6279,332.5781,698.6250,385.7344,739.1250,359.1562,718.8750
274,fish,0.6206,487.8281,1250.7750,535.9219,1287.2250,511.8750,1269.0000
274,fish,0.5679,878.1750,1235.4750,930.8250,1280.0250,904.5000,1257.7500
274,fish,0.5137,632.1938,997.4250,681.8062,1029.8250,657.0000,1013.6250
275,fish,0.7231,226.6031,906.1313,275.7094,945.6187,251.1562,925.8750
275,fish,0.7041,459.9281,412.4531,517.1344,455.4844,488.5312,433.9688
275,fish,0.6772,488.5031,952.9875,538.6219,995.5125,513.5625,974.2500
275,fish,0.6626,220.4578,683.6063,272.8547,727.1437,246.6562,705.3750
275,fish,0.6582,730.9688,1239.9750,786.6562,1284.5250,758.8125,1262.2500
275,fish,0.6582,924.0750,689.4000,972.6750,725.8500,948.3750,707.6250
275,fish,0.6548,635.4000,271.2023,692.1000,310.5633,663.7500,290.8828
275,fish,0.6538,326.1375,695.3062,379.8000,736.8188,352.9688,716.0625
275,fish,0.6387,741.1500,680.2875,797.8500,734.9625,769.5000,707.6250
275,fish,0.6299,930.6000,990.0562,975.1500,1021.4438,952.8750,1005.7500
275,fish,0.6235,973.0125,411.5250,1021.6125,447.9750,997.3125,429.7500
275,fish,0.6196,244.0828,272.2289,288.8859,304.7555,266.4844,288.4922
275,fish,0.6162,490.5562,1254.1500,537.1313,1290.6000,513.8438,1272.3750
275,fish,0.6069,70.3494,1095.8625,117.2092,1138.3875,93.7793,1117.1250
275,fish,0.5659,877.1063,1235.4750,930.7687,1280.0250,903.9375,1257.7500
275,fish,0.4873,632.7563,997.4250,682.3687,1029.8250,657.5625,1013.6250
276,fish,0.7842,491.0625,917.1562,541.6875,962.7188,516.3750,939.9375
276,fish,0.7505,227.7000,920.1375,276.3000,958.6125,252.0000,939.3750
276,fish,0.7153,463.7812,410.2875,519.4688,454.8375,491.6250,432.5625
276,fish,0.6860,67.0781,1080.2250,113.9062,1124.7750,90.4922,1102.5000
276,fish,0.6807,218.3484,680.9062,273.2766,726.4688,245.8125,703.6875
276,fish,0.6626,738.7875,680.2313,793.4625,733.8937,766.1250,707.0625
276,fish,0.6577,320.4844,693.6750,373.6406,736.2000,347.0625,714.9375
276,fish,0.6558,635.9625,269.5711,692.6625,309.9445,664.3125,289.7578
276,fish,0.6538,732.0375,1239.9750,786.7125,1284.5250,759.3750,1262.2500
276,fish,0.6504,925.2000,689.9625,973.8000,726.4125,949.5000,708.1875
276,fish,0.6416,972.4500,412.0312,1021.0500,447.4688,996.7500,429.7500
276,fish,0.6279,929.4750,990.6187,974.0250,1022.0063,951.7500,1006.3125
276,fish,0.6152,491.4281,1253.0250,538.5094,1289.4750,514.9688,1271.2500
276,fish,0.5718,877.0500,1235.4750,929.7000,1280.0250,903.3750,1257.7500
276,fish,0.5508,246.5437,273.2063,290.0813,305.6062,268.3125,289.4062
276,fish,0.5039,631.6875,997.9875,682.3125,1030.3875,657.0000,1014.1875
277,fish,0.8140,492.7500,877.8375,543.3750,924.4125,518.0625,901.1250
277,fish,0.7798,225.6328,936.9000,274.9922,973.3500,250.3125,955.1250
277,fish,0.7461,463.2750,408.6000,519.9750,453.1500,491.6250,430.8750
277,fish,0.6851,219.2203,677.4750,274.6547,722.0250,246.9375,699.7500
277,fish,0.6724,320.6812,692.5500,372.3188,735.0750,346.5000,713.8125
277,fish,0.6621,634.2750,268.3406,690.9750,309.3469,662.6250,288.8438
277,fish,0.6489,730.4625,1239.9750,787.1625,1284.5250,758.8125,1262.2500
277,fish,0.6479,925.7062,690.5250,973.2938,726.9750,949.5000,708.7500
277,fish,0.6406,63.5537,1071.0000,113.3877,1111.5000,88.4707,1091.2500
277,fish,0.6318,929.4750,991.6875,974.0250,1022.0625,951.7500,1006.8750
277,fish,0.6309,486.0000,1251.9000,536.6250,1288.3500,511.3125,1270.1250
277,fish,0.6279,973.0125,411.5250,1021.6125,447.9750,997.3125,429.7500
277,fish,0.6113,246.3750,278.9438,291.9375,313.3687,269.1562,296.1562
277,fish,0.5981,741.2625,676.9125,799.9875,731.5875,770.6250,704.2500
277,fish,0.5757,877.0500,1235.4750,929.7000,1280.0250,903.3750,1257.7500
277,fish,0.5244,632.7563,997.9875,682.3687,1030.3875,657.5625,1014.1875
278,fish,0.7358,462.7406,406.6313,519.9469,451.1812,491.3438,428.9062
278,fish,0.7188,489.3469,851.7938,539.4656,895.3312,514.4062,873.5625
278,fish,0.7090,225.4219,951.5250,273.5156,987.9750,249.4688,969.7500
278,fish,0.6885,318.9375,690.8625,369.5625,733.3875,344.2500,712.1250
278,fish,0.6665,219.6000,674.1000,274.2750,718.6500,246.9375,696.3750
278,fish,0.6655,635.4000,267.1875,692.1000,307.6875,663.7500,287.4375
278,fish,0.6533,731.0250,1239.9750,787.7250,1284.5250,759.3750,1262.2500
278,fish,0.6504,926.3250,690.5250,974.9250,726.9750,950.6250,708.7500
278,fish,0.6450,68.9977,1067.5125,117.4711,1105.9875,93.2344,1086.7500
278,fish,0.6289,930.6000,991.6875,975.1500,1022.0625,952.8750,1006.8750
278,fish,0.6250,973.0125,411.5250,1021.6125,447.9750,997.3125,429.7500
278,fish,0.6245,244.1813,285.5461,290.7563,319.8445,267.4688,302.6953
278,fish,0.6235,487.6313,1253.0250,537.2437,1289.4750,512.4375,1271.2500
278,fish,0.6021,743.4000,675.7875,800.1000,730.4625,771.7500,703.1250
278,fish,0.5757,878.1187,1235.4750,929.7563,1280.0250,903.9375,1257.7500
278,fish,0.5322,632.1938,998.5500,681.8062,1030.9500,657.0000,1014.7500
279,fish,0.7041,490.3594,841.7250,538.4531,886.2750,514.4062,864.0000
279,fish,0.6929,318.3469,690.8625,368.4656,733.3875,343.4062,712.1250
279,fish,0.6870,461.3344,404.6625,518.5406,449.2125,489.9375,426.9375
279,fish,0.6738,636.5250,267.4125,693.2250,306.9000,664.8750,287.1562
279,fish,0.6714,219.3187,672.4125,273.9937,716.9625,246.6562,694.6875
279,fish,0.6655,227.7281,961.6500,274.3031,998.1000,251.0156,979.8750
279,fish,0.6582,731.0250,1239.9750,787.7250,1284.5250,759.3750,1262.2500
279,fish,0.6558,927.4500,690.5250,976.0500,726.9750,951.7500,708.7500
279,fish,0.6377,746.1562,670.1625,801.8438,724.8375,774.0000,697.5000
279,fish,0.6333,930.6000,990.6187,975.1500,1022.0063,952.8750,1006.3125
279,fish,0.6279,244.4062,292.7812,289.9688,328.2188,267.1875,310.5000
279,fish,0.6216,493.0312,1252.9125,538.5938,1287.3375,515.8125,1270.1250
279,fish,0.6206,73.2586,1068.3563,116.1633,1101.7687,94.7109,1085.0625
279,fish,0.6167,973.5750,411.5250,1022.1750,447.9750,997.8750,429.7500
279,fish,0.5889,878.0625,1235.4750,928.6875,1280.0250,903.3750,1257.7500
279,fish,0.5410,632.1938,998.5500,681.8062,1030.9500,657.0000,1014.7500
280,fish,0.6826,318.6562,691.9875,369.2812,734.5125,343.9688,713.2500
280,fish,0.6738,635.4000,267.4688,692.1000,307.9688,663.7500,287.7188
280,fish,0.6724,493.0875,1246.2750,539.6625,1282.7250,516.3750,1264.5000
280,fish,0.6704,748.9688,663.3000,804.6562,715.9500,776.8125,689.6250
280,fish,0.6704,230.9344,957.6562,277.0031,993.0938,253.9688,975.3750
280,fish,0.6704,219.3328,670.7250,274.2609,715.2750,246.7969,693.0000
280,fish,0.6704,66.7828,1074.0375,109.5609,1108.4625,88.1719,1091.2500
280,fish,0.6670,928.5750,690.5250,977.1750,726.9750,952.8750,708.7500
280,fish,0.6636,487.2937,840.6000,535.8937,885.1500,511.5938,862.8750
280,fish,0.6626,461.0250,403.5094,517.7250,447.5531,489.3750,425.5312
280,fish,0.6489,729.9000,1239.9750,786.6000,1284.5250,758.2500,1262.2500
280,fish,0.6309,973.5750,411.4688,1022.1750,446.9062,997.8750,429.1875
280,fish,0.6177,243.5906,300.6562,289.6594,336.0938,266.6250,318.3750
280,fish,0.6152,930.6000,991.6875,975.1500,1022.0625,952.8750,1006.8750
280,fish,0.5972,876.9937,1236.4875,928.6313,1279.0125,902.8125,1257.7500
280,fish,0.5459,632.1938,998.5500,681.8062,1030.9500,657.0000,1014.7500
281,fish,0.7388,482.6812,842.7375,534.3188,885.2625,508.5000,864.0000
281,fish,0.7163,495.2531,1233.9000,540.3094,1270.3500,517.7812,1252.1250
281,fish,0.6875,69.4477,1085.9625,110.8336,1122.4125,90.1406,1104.1875
281,fish,0.6870,931.3875,689.4000,979.9875,725.8500,955.6875,707.6250
281,fish,0.6733,230.7937,930.3750,279.3938,970.8750,255.0938,950.6250
281,fish,0.6699,634.2750,267.4828,690.9750,308.2359,662.6250,287.8594
281,fish,0.6626,730.4625,1242.1125,787.1625,1284.6375,758.8125,1263.3750
281,fish,0.6611,744.5250,652.7812,801.2250,708.4688,772.8750,680.6250
281,fish,0.6611,460.9125,402.8625,515.5875,445.3875,488.2500,424.1250
281,fish,0.6523,220.9219,668.4750,274.0781,713.0250,247.5000,690.7500
281,fish,0.6362,973.5750,411.4688,1022.1750,446.9062,997.8750,429.1875
281,fish,0.6152,930.6000,991.6875,975.1500,1022.0625,952.8750,1006.8750
281,fish,0.6113,875.8687,1236.4875,927.5063,1279.0125,901.6875,1257.7500
281,fish,0.6094,318.6000,695.5312,373.2750,741.0938,345.9375,718.3125
281,fish,0.5820,243.3656,308.5312,290.4469,343.9688,266.9062,326.2500
281,fish,0.5127,630.5625,997.4813,681.1875,1030.8937,655.8750,1014.1875
282,fish,0.7007,230.6391,915.6375,278.9859,954.1125,254.8125,934.8750
282,fish,0.6919,933.0750,688.2750,981.6750,724.7250,957.3750,706.5000
282,fish,0.6909,637.0312,268.6852,692.7188,308.2992,664.8750,288.4922
282,fish,0.6841,748.8000,646.4813,801.4500,700.1437,775.1250,673.3125
282,fish,0.6802,492.4688,1228.2750,538.0312,1264.7250,515.2500,1246.5000
282,fish,0.6792,485.1844,853.9875,536.3156,896.5125,510.7500,875.2500
282,fish,0.6689,73.4150,1105.6500,112.1748,1142.1000,92.7949,1123.8750
282,fish,0.6504,219.0094,661.7250,273.1781,706.2750,246.0938,684.0000
282,fish,0.6489,458.9719,402.5531,514.1531,444.5719,486.5625,423.5625
282,fish,0.6436,731.0250,1239.9750,787.7250,1284.5250,759.3750,1262.2500
282,fish,0.6318,973.5750,411.1875,1022.1750,446.6250,997.8750,428.9062
282,fish,0.6216,326.3625,693.2812,379.0125,738.8438,352.6875,716.0625
282,fish,0.6177,875.8687,1235.4750,927.5063,1280.0250,901.6875,1257.7500
282,fish,0.6152,931.7250,991.6875,976.2750,1022.0625,954.0000,1006.8750
282,fish,0.5859,241.1297,312.5250,288.4641,348.9750,264.7969,330.7500
282,fish,0.5293,631.0688,998.5500,680.6812,1030.9500,655.8750,1014.7500
283,fish,0.7090,639.7875,269.6344,694.4625,308.6156,667.1250,289.1250
283,fish,0.7026,753.1875,639.4500,803.8125,688.0500,778.5000,663.7500
283,fish,0.6929,227.6719,906.1313,275.7656,945.6187,251.7188,925.8750
283,fish,0.6885,934.7625,686.0250,983.3625,722.4750,959.0625,704.2500
283,fish,0.6768,491.9625,1219.2750,538.5375,1255.7250,515.2500,1237.5000
283,fish,0.6704,488.3062,875.5875,539.9438,922.1625,514.1250,898.8750
283,fish,0.6577,459.7594,402.8062,513.9281,444.3188,486.8438,423.5625
283,fish,0.6538,348.1594,691.8188,398.2781,731.3062,373.2188,711.5625
283,fish,0.6489,730.9688,1242.1125,786.6562,1284.6375,758.8125,1263.3750
283,fish,0.6440,216.0141,653.9625,271.9547,700.5375,243.9844,677.2500
283,fish,0.6372,972.3375,408.9937,1018.9125,445.4438,995.6250,427.2188
283,fish,0.6216,931.7250,991.6875,976.2750,1022.0625,954.0000,1006.8750
283,fish,0.6113,874.8000,1236.4875,927.4500,1279.0125,901.1250,1257.7500
283,fish,0.6050,241.5797,316.3500,286.8891,350.7750,264.2344,333.5625
283,fish,0.5381,631.5750,998.5500,680.1750,1030.9500,655.8750,1014.7500
283,fish,0.4504,75.3187,1140.4125,109.7438,1174.8375,92.5312,1157.6250
284,fish,0.7339,226.8281,904.3875,274.9219,942.8625,250.8750,923.6250
284,fish,0.7251,494.6625,1201.2750,539.2125,1237.7250,516.9375,1219.5000
284,fish,0.6978,486.6187,922.8375,538.2563,969.4125,512.4375,946.1250
284,fish,0.6885,640.9125,267.6938,695.5875,307.1812,668.2500,287.4375
284,fish,0.6826,369.0000,691.7625,419.6250,730.2375,394.3125,711.0000
284,fish,0.6826,936.4500,684.9000,985.0500,721.3500,960.7500,703.1250
284,fish,0.6646,463.7812,400.0219,519.4688,442.0406,491.6250,421.0312
284,fish,0.6558,730.4625,1239.9750,787.1625,1284.5250,758.8125,1262.2500
284,fish,0.6548,217.3359,654.3000,271.7578,696.8250,244.5469,675.5625
284,fish,0.6489,755.2125,637.0875,801.7875,683.6625,778.5000,660.3750
284,fish,0.6396,972.3375,409.2469,1018.9125,445.1906,995.6250,427.2188
284,fish,0.6245,930.6000,991.6875,975.1500,1022.0625,952.8750,1006.8750
284,fish,0.6226,243.5062,314.1562,288.0562,349.5938,265.7812,331.8750
284,fish,0.6187,74.7141,1168.7625,110.9109,1207.2375,92.8125,1188.0000
284,fish,0.6162,874.8000,1236.4875,927.4500,1279.0125,901.1250,1257.7500
284,fish,0.5205,630.4500,998.5500,679.0500,1030.9500,654.7500,1014.7500
285,fish,0.7520,228.7406,920.1375,275.8219,958.6125,252.2812,939.3750
285,fish,0.6909,486.9000,963.0000,538.5375,1003.5000,512.7188,983.2500
285,fish,0.6875,937.5750,684.9000,986.1750,721.3500,961.8750,703.1250
285,fish,0.6870,642.0375,266.8219,696.7125,305.8031,669.3750,286.3125
285,fish,0.6836,471.9375,390.9937,527.6250,432.5063,499.7812,411.7500
285,fish,0.6772,79.8891,1188.0000,118.1109,1228.5000,99.0000,1208.2500
285,fish,0.6768,240.8625,313.0875,288.4500,349.5375,264.6562,331.3125
285,fish,0.6758,387.3094,694.1250,438.4406,734.6250,412.8750,714.3750
285,fish,0.6646,491.4000,1183.5000,537.9750,1224.0000,514.6875,1203.7500
285,fish,0.6538,729.9000,1239.9750,786.6000,1284.5250,758.2500,1262.2500
285,fish,0.6489,754.3687,642.7125,806.0063,689.2875,780.1875,666.0000
285,fish,0.6426,972.3375,409.2188,1018.9125,444.6562,995.6250,426.9375
285,fish,0.6372,219.4594,659.3625,271.6031,701.8875,245.5312,680.6250
285,fish,0.6235,874.8000,1236.4875,927.4500,1279.0125,901.1250,1257.7500
285,fish,0.6206,930.6000,990.6187,975.1500,1022.0063,952.8750,1006.3125
285,fish,0.5342,630.4500,998.5500,679.0500,1030.9500,654.7500,1014.7500
286,fish,0.8032,230.0625,936.9562,275.6250,974.4188,252.8438,955.6875
286,fish,0.7090,220.2328,669.3750,273.6422,709.8750,246.9375,689.6250
286,fish,0.7007,238.4578,314.0437,288.3234,352.5188,263.3906,333.2812
286,fish,0.6841,937.6875,684.9562,988.3125,722.4188,963.0000,703.6875
286,fish,0.6704,478.1812,991.6313,529.8188,1031.1188,504.0000,1011.3750
286,fish,0.6602,480.5719,380.8969,534.7406,422.9156,507.6562,401.9062
286,fish,0.6577,729.9000,1242.1125,786.6000,1284.6375,758.2500,1263.3750
286,fish,0.6567,488.0813,1176.7500,535.6688,1217.2500,511.8750,1197.0000
286,fish,0.6548,971.2687,409.2188,1018.8563,444.6562,995.0625,426.9375
286,fish,0.6514,402.2437,698.6250,453.8813,739.1250,428.0625,718.8750
286,fish,0.6406,645.4125,265.7250,700.0875,305.2125,672.7500,285.4688
286,fish,0.6187,873.6750,1235.4750,926.3250,1280.0250,900.0000,1257.7500
286,fish,0.6113,931.7250,990.6187,976.2750,1022.0063,954.0000,1006.3125
286,fish,0.5957,751.0500,650.3062,803.7000,701.9438,777.3750,676.1250
286,fish,0.5264,630.4500,998.5500,679.0500,1030.9500,654.7500,1014.7500
286,fish,0.5205,86.3016,1208.4750,128.5734,1253.0250,107.4375,1230.7500
287,fish,0.7490,236.8125,315.4500,287.4375,353.9250,262.1250,334.6875
287,fish,0.7461,226.8000,945.4500,274.3875,983.9250,250.5938,964.6875
287,fish,0.7065,471.2063,997.6500,528.9188,1034.1000,500.0625,1015.8750
287,fish,0.6836,937.6875,685.0125,988.3125,723.4875,963.0000,704.2500
287,fish,0.6758,483.9187,368.5500,537.5812,411.0750,510.7500,389.8125
287,fish,0.6758,747.7875,657.6187,802.4625,709.2563,775.1250,683.4375
287,fish,0.6733,220.6125,675.0000,273.2625,715.5000,246.9375,695.2500
287,fish,0.6611,971.2125,408.6844,1017.7875,444.6281,994.5000,426.6562
287,fish,0.6582,730.4625,1239.9750,787.1625,1284.5250,758.8125,1262.2500
287,fish,0.6353,649.2375,265.6266,701.8875,303.3422,675.5625,284.4844
287,fish,0.6245,88.8469,1213.7625,131.3719,1252.2375,110.1094,1233.0000
287,fish,0.6235,931.7250,991.6875,976.2750,1022.0625,954.0000,1006.8750
287,fish,0.6226,490.7812,1174.5000,536.3438,1215.0000,513.5625,1194.7500
287,fish,0.6162,873.6750,1236.4875,926.3250,1279.0125,900.0000,1257.7500
287,fish,0.5679,417.7406,698.6250,469.8844,739.1250,443.8125,718.8750
287,fish,0.5420,629.8875,998.0438,678.4875,1031.4562,654.1875,1014.7500
288,fish,0.7505,235.1813,314.6625,286.8188,354.1500,261.0000,334.4062
288,fish,0.7168,224.5781,952.7625,272.6719,991.2375,248.6250,972.0000
288,fish,0.6978,483.3562,363.4875,537.0187,406.0125,510.1875,384.7500
288,fish,0.6895,88.3125,1214.7750,131.3438,1251.2250,109.8281,1233.0000
288,fish,0.6841,223.0594,682.7625,274.1906,721.2375,248.6250,702.0000
288,fish,0.6826,939.9375,686.0250,990.5625,722.4750,965.2500,704.2500
288,fish,0.6592,732.0375,1242.1125,786.7125,1284.6375,759.3750,1263.3750
288,fish,0.6538,650.9250,266.1469,703.5750,303.1031,677.2500,284.6250
288,fish,0.6523,972.3375,408.7125,1018.9125,445.1625,995.6250,426.9375
288,fish,0.6479,489.1219,1176.6375,535.1906,1215.1125,512.1562,1195.8750
288,fish,0.6387,433.9125,694.2375,488.5875,736.7625,461.2500,715.5000
288,fish,0.6245,874.2375,1236.4875,926.8875,1279.0125,900.5625,1257.7500
288,fish,0.6196,931.7250,991.6875,976.2750,1022.0625,954.0000,1006.8750
288,fish,0.6152,745.5375,668.8125,800.2125,719.4375,772.8750,694.1250
288,fish,0.6001,470.4750,996.6375,530.2125,1035.1125,500.3438,1015.8750
288,fish,0.5679,629.3250,998.5500,677.9250,1030.9500,653.6250,1014.7500
289,fish,0.7373,489.7125,1183.5000,536.2875,1224.0000,513.0000,1203.7500
289,fish,0.7339,482.2875,357.8906,536.9625,400.9219,509.6250,379.4062
289,fish,0.7251,89.4094,1218.0375,131.9344,1252.4625,110.6719,1235.2500
289,fish,0.7041,234.3516,309.9375,286.2422,350.4375,260.2969,330.1875
289,fish,0.6909,223.5938,691.7625,276.7500,730.2375,250.1719,711.0000
289,fish,0.6802,225.3797,965.0250,272.7141,1001.4750,249.0469,983.2500
289,fish,0.6724,942.1875,687.1500,992.8125,723.6000,967.5000,705.3750
289,fish,0.6699,475.4250,991.1250,528.0750,1031.6250,501.7500,1011.3750
289,fish,0.6577,732.0375,1242.1125,786.7125,1284.6375,759.3750,1263.3750
289,fish,0.6558,972.4500,409.7812,1021.0500,445.2188,996.7500,427.5000
289,fish,0.6504,652.0500,265.8938,704.7000,303.3562,678.3750,284.6250
289,fish,0.6479,451.2937,690.9750,504.9563,735.5250,478.1250,713.2500
289,fish,0.6406,740.0812,672.8062,797.7938,724.4438,768.9375,698.6250
289,fish,0.6299,874.2375,1235.4750,926.8875,1280.0250,900.5625,1257.7500
289,fish,0.6279,931.7250,991.6875,976.2750,1022.0625,954.0000,1006.8750
289,fish,0.5591,629.3250,998.5500,677.9250,1030.9500,653.6250,1014.7500
290,fish,0.7202,482.7937,356.6812,536.4562,398.1938,509.6250,377.4375
290,fish,0.7075,478.4625,987.6938,530.1000,1027.1813,504.2812,1007.4375
290,fish,0.6909,233.9719,307.6313,284.0906,347.1187,259.0312,327.3750
290,fish,0.6885,223.1156,694.1250,275.2594,734.6250,249.1875,714.3750
290,fish,0.6826,89.3672,1221.3000,131.1328,1253.7000,110.2500,1237.5000
290,fish,0.6680,491.9062,1195.8750,537.4688,1236.3750,514.6875,1216.1250
290,fish,0.6665,943.3125,688.2750,993.9375,724.7250,968.6250,706.5000
290,fish,0.6655,731.0250,1242.1125,787.7250,1284.6375,759.3750,1263.3750
290,fish,0.6567,227.8406,968.4000,273.9094,1004.8500,250.8750,986.6250
290,fish,0.6489,650.9250,265.5844,703.5750,302.5406,677.2500,284.0625
290,fish,0.6406,873.6750,1235.4750,926.3250,1280.0250,900.0000,1257.7500
290,fish,0.6353,465.5250,689.8500,522.2250,734.4000,493.8750,712.1250
290,fish,0.6333,973.5187,409.7812,1021.1063,445.2188,997.3125,427.5000
290,fish,0.6250,739.0125,674.5500,797.7375,727.2000,768.3750,700.8750
290,fish,0.6162,931.7250,991.6875,976.2750,1022.0625,954.0000,1006.8750
290,fish,0.5527,629.3250,999.1125,677.9250,1031.5125,653.6250,1015.3125
291,fish,0.7432,482.1187,358.3125,533.7563,398.8125,507.9375,378.5625
291,fish,0.7041,236.5594,304.7063,287.6906,342.1687,262.1250,323.4375
291,fish,0.6992,90.9984,1215.6750,129.2203,1248.0750,110.1094,1231.8750
291,fish,0.6782,484.7344,983.1375,532.8281,1021.6125,508.7812,1002.3750
291,fish,0.6714,228.4172,962.7750,274.7391,999.2250,251.5781,981.0000
291,fish,0.6626,650.3062,265.1062,701.9438,303.5813,676.1250,284.3438
291,fish,0.6577,731.0250,1239.9750,787.7250,1284.5250,759.3750,1262.2500
291,fish,0.6523,483.3562,689.9625,537.0187,736.5375,510.1875,713.2500
291,fish,0.6489,489.2063,1212.5250,536.7938,1248.9750,513.0000,1230.7500
291,fish,0.6470,945.0000,688.3875,995.6250,726.8625,970.3125,707.6250
291,fish,0.6450,220.8516,693.6750,272.7422,736.2000,246.7969,714.9375
291,fish,0.6333,873.6750,1235.4750,926.3250,1280.0250,900.0000,1257.7500
291,fish,0.6196,974.0812,410.3438,1021.6688,445.7812,997.8750,428.0625
291,fish,0.6133,930.6000,991.6875,975.1500,1022.0625,952.8750,1006.8750
291,fish,0.6113,738.0000,674.5500,798.7500,727.2000,768.3750,700.8750
291,fish,0.5498,629.3250,998.5500,677.9250,1030.9500,653.6250,1014.7500
292,fish,0.7476,237.6984,298.2375,289.0828,335.7000,263.3906,316.9688
292,fish,0.7358,486.2250,1223.7750,535.8375,1260.2250,511.0312,1242.0000
292,fish,0.7104,478.5750,367.9875,532.2375,410.5125,505.4062,389.2500
292,fish,0.6992,88.4250,1212.3000,128.4187,1244.7000,108.4219,1228.5000
292,fish,0.6699,488.6156,979.7625,535.6969,1018.2375,512.1562,999.0000
292,fish,0.6680,225.3797,958.3312,272.7141,995.7938,249.0469,977.0625
292,fish,0.6611,649.7437,266.4563,701.3813,303.9187,675.5625,285.1875
292,fish,0.6489,483.3562,688.8375,537.0187,735.4125,510.1875,712.1250
292,fish,0.6426,732.0375,1242.1125,786.7125,1284.6375,759.3750,1263.3750
292,fish,0.6353,973.5750,410.3438,1022.1750,445.7812,997.8750,428.0625
292,fish,0.6343,873.6750,1236.4875,926.3250,1279.0125,900.0000,1257.7500
292,fish,0.6318,946.1250,690.0187,996.7500,727.4813,971.4375,708.7500
292,fish,0.6270,219.3469,695.3625,271.9969,737.8875,245.6719,716.6250
292,fish,0.6152,931.7250,990.6187,976.2750,1022.0063,954.0000,1006.3125
292,fish,0.6069,739.6313,674.5500,799.3687,727.2000,769.5000,700.8750
292,fish,0.5571,629.3250,998.5500,677.9250,1030.9500,653.6250,1014.7500
293,fish,0.7388,475.4812,378.1125,529.1437,420.6375,502.3125,399.3750
293,fish,0.7373,238.3172,287.8313,290.7141,325.2937,264.5156,306.5625
293,fish,0.7280,85.5563,1208.0250,127.0687,1244.4750,106.3125,1226.2500
293,fish,0.7266,229.6969,946.0125,276.2719,984.4875,252.9844,965.2500
293,fish,0.6699,490.5844,1230.5250,537.6656,1266.9750,514.1250,1248.7500
293,fish,0.6621,648.0562,267.3562,699.6938,305.8313,673.8750,286.5938
293,fish,0.6602,484.2563,975.3750,533.8687,1015.8750,509.0625,995.6250
293,fish,0.6440,216.7594,694.2938,270.9281,737.8312,243.8438,716.0625
293,fish,0.6426,484.9875,688.8937,537.6375,736.4813,511.3125,712.6875
293,fish,0.6416,973.0125,410.3438,1021.6125,445.7812,997.3125,428.0625
293,fish,0.6406,732.0375,1240.9875,786.7125,1283.5125,759.3750,1262.2500
293,fish,0.6323,873.6750,1235.4750,926.3250,1280.0250,900.0000,1257.7500
293,fish,0.6260,950.0625,691.1437,1000.6875,728.6063,975.3750,709.8750
293,fish,0.6167,931.7250,990.6187,976.2750,1022.0063,954.0000,1006.3125
293,fish,0.6001,741.2625,674.7188,799.9875,730.4062,770.6250,702.5625
293,fish,0.5527,629.3250,998.5500,677.9250,1030.9500,653.6250,1014.7500
294,fish,0.7969,81.4008,1205.7750,125.3180,1242.2250,103.3594,1224.0000
294,fish,0.7188,240.7078,275.0273,290.5734,312.3633,265.6406,293.6953
294,fish,0.7104,230.9062,937.4625,276.4688,973.9125,253.6875,955.6875
294,fish,0.6733,647.5500,267.3703,700.2000,306.0984,673.8750,286.7344
294,fish,0.6655,474.4688,383.7937,530.1562,427.3313,502.3125,405.5625
294,fish,0.6582,483.2437,963.0562,534.8813,1004.5688,509.0625,983.8125
294,fish,0.6533,730.9688,1239.9750,786.6562,1284.5250,758.8125,1262.2500
294,fish,0.6426,488.3906,1239.4125,536.4844,1273.8375,512.4375,1256.6250
294,fish,0.6377,972.3375,409.2188,1018.9125,444.6562,995.6250,426.9375
294,fish,0.6372,873.6750,1236.4875,926.3250,1279.0125,900.0000,1257.7500
294,fish,0.6362,950.6250,692.8312,1001.2500,730.2938,975.9375,711.5625
294,fish,0.6318,740.7000,676.2375,799.4250,728.8875,770.0625,702.5625
294,fish,0.6289,220.7812,697.3875,273.9375,735.8625,247.3594,716.6250
294,fish,0.6250,931.7250,990.6187,976.2750,1022.0063,954.0000,1006.3125
294,fish,0.6206,485.4937,690.0750,537.1313,738.6750,511.3125,714.3750
294,fish,0.5601,629.3250,998.5500,677.9250,1030.9500,653.6250,1014.7500
295,fish,0.7402,78.4828,1194.5250,120.5016,1230.9750,99.4922,1212.7500
295,fish,0.7153,230.4281,929.1375,277.5094,967.6125,253.9688,948.3750
295,fish,0.6792,647.0438,266.5688,700.7062,306.0562,673.8750,286.3125
295,fish,0.6748,489.5719,935.6625,538.6781,980.2125,514.1250,957.9375
295,fish,0.6538,472.7250,387.6750,527.4000,430.2000,500.0625,408.9375
295,fish,0.6514,950.1750,693.9562,1002.8250,731.4188,976.5000,712.6875
295,fish,0.6514,730.9688,1239.9750,786.6562,1284.5250,758.8125,1262.2500
295,fish,0.6504,745.6500,672.3000,802.3500,724.9500,774.0000,698.6250
295,fish,0.6406,972.3375,408.6562,1018.9125,444.0938,995.6250,426.3750
295,fish,0.6396,874.1812,1236.4875,925.8188,1279.0125,900.0000,1257.7500
295,fish,0.6235,931.7250,990.6187,976.2750,1022.0063,954.0000,1006.3125
295,fish,0.6196,484.0875,692.7750,535.7250,739.3500,509.9062,716.0625
295,fish,0.6143,488.1938,1246.2750,537.8062,1282.7250,513.0000,1264.5000
295,fish,0.6123,220.1344,696.3750,274.3031,736.8750,247.2188,716.6250
295,fish,0.6021,240.6375,263.4047,289.2375,301.6266,264.9375,282.5156
295,fish,0.5581,629.3250,999.1125,677.9250,1031.5125,653.6250,1015.3125
296,fish,0.7432,75.7898,1179.0000,118.6945,1219.5000,97.2422,1199.2500
296,fish,0.7168,487.7156,903.6000,538.8469,948.1500,513.2812,925.8750
296,fish,0.7168,229.4859,926.8875,277.3266,965.3625,253.4062,946.1250
296,fish,0.6992,751.2750,659.9250,807.9750,712.5750,779.6250,686.2500
296,fish,0.6733,648.6750,267.7219,701.3250,307.7156,675.0000,287.7188
296,fish,0.6567,730.9688,1239.9750,786.6562,1284.5250,758.8125,1262.2500
296,fish,0.6504,951.8062,695.0250,1003.4438,731.4750,977.6250,713.2500
296,fish,0.6494,972.3375,408.0938,1018.9125,443.5312,995.6250,425.8125
296,fish,0.6343,223.5516,693.5625,275.9484,734.0625,249.7500,713.8125
296,fish,0.6318,874.6875,1236.4875,925.3125,1279.0125,900.0000,1257.7500
296,fish,0.6206,931.7250,990.6187,976.2750,1022.0063,954.0000,1006.3125
296,fish,0.6113,471.7969,384.1031,524.9531,423.0844,498.3750,403.5938
296,fish,0.6069,240.3000,259.9594,287.8875,296.9156,264.0938,278.4375
296,fish,0.6060,489.5156,1253.0250,537.6094,1289.4750,513.5625,1271.2500
296,fish,0.5972,482.1750,693.3375,534.8250,739.9125,508.5000,716.6250
296,fish,0.5669,629.3250,999.1125,677.9250,1031.5125,653.6250,1015.3125
297,fish,0.7578,750.1500,643.7250,806.8500,698.4000,778.5000,671.0625
297,fish,0.7075,227.1375,925.7625,275.7375,964.2375,251.4375,945.0000
297,fish,0.6802,75.5930,1165.2750,117.4852,1201.7250,96.5391,1183.5000
297,fish,0.6621,485.7750,887.8500,537.4125,932.4000,511.5938,910.1250
297,fish,0.6577,731.5312,1239.9750,787.2188,1284.5250,759.3750,1262.2500
297,fish,0.6533,972.3375,407.8406,1018.9125,443.7844,995.6250,425.8125
297,fish,0.6440,491.4000,1257.5250,537.9750,1293.9750,514.6875,1275.7500
297,fish,0.6372,473.3156,375.0750,523.4344,413.5500,498.3750,394.3125
297,fish,0.6353,648.6750,269.3039,701.3250,309.9305,675.0000,289.6172
297,fish,0.6343,224.8594,689.6812,278.0156,731.1938,251.4375,710.4375
297,fish,0.6333,955.0688,696.1500,1004.6812,732.6000,979.8750,714.3750
297,fish,0.6309,873.6750,1236.4875,926.3250,1279.0125,900.0000,1257.7500
297,fish,0.6270,481.1062,692.2125,534.7687,738.7875,507.9375,715.5000
297,fish,0.6226,931.7250,990.6187,976.2750,1022.0063,954.0000,1006.3125
297,fish,0.6050,239.4563,258.3000,287.0437,295.7625,263.2500,277.0312
297,fish,0.5688,629.3250,999.1125,677.9250,1031.5125,653.6250,1015.3125
298,fish,0.7417,482.7375,882.1125,535.3875,924.6375,509.0625,903.3750
298,fish,0.7007,73.3852,1143.0000,116.0367,1183.5000,94.7109,1163.2500
298,fish,0.6860,229.4719,925.7062,277.0594,963.1688,253.2656,944.4375
298,fish,0.6592,972.3375,407.8125,1018.9125,443.2500,995.6250,425.5312
298,fish,0.6523,495.7031,1258.4250,538.7344,1290.8250,517.2188,1274.6250
298,fish,0.6514,732.0375,1239.9750,786.7125,1284.5250,759.3750,1262.2500
298,fish,0.6470,748.2938,631.1812,801.9562,682.8188,775.1250,657.0000
298,fish,0.6406,223.7906,687.4312,277.9594,728.9438,250.8750,708.1875
298,fish,0.6387,473.1187,363.4312,524.7563,404.9438,498.9375,384.1875
298,fish,0.6318,955.6313,696.1500,1005.2437,732.6000,980.4375,714.3750
298,fish,0.6245,874.6875,1236.4875,925.3125,1279.0125,900.0000,1257.7500
298,fish,0.6226,648.7875,270.9000,703.4625,312.4125,676.1250,291.6562
298,fish,0.6206,931.7250,990.6187,976.2750,1022.0063,954.0000,1006.3125
298,fish,0.6084,239.9625,258.2719,286.5375,295.2281,263.2500,276.7500
298,fish,0.5659,481.7250,687.3188,536.4000,736.9312,509.0625,712.1250
298,fish,0.5640,629.8875,999.1125,678.4875,1031.5125,654.1875,1015.3125
299,fish,0.7231,71.1615,1121.5125,113.6549,1159.9875,92.4082,1140.7500
299,fish,0.6870,471.9375,359.9719,522.5625,399.9656,497.2500,379.9688
299,fish,0.6816,485.7750,882.2250,537.4125,926.7750,511.5938,904.5000
299,fish,0.6680,652.0500,273.3469,704.7000,313.3406,678.3750,293.3438
299,fish,0.6611,230.1750,925.1437,277.7625,962.6063,253.9688,943.8750
299,fish,0.6592,972.9000,407.5312,1019.4750,442.9688,996.1875,425.2500
299,fish,0.6494,732.0375,1239.9750,786.7125,1284.5250,759.3750,1262.2500
299,fish,0.6479,744.4125,621.2250,799.0875,675.9000,771.7500,648.5625
299,fish,0.6343,222.6656,685.2375,276.8344,727.7625,249.7500,706.5000
299,fish,0.6299,874.1812,1236.4875,925.8188,1279.0125,900.0000,1257.7500
299,fish,0.6299,956.7000,696.7125,1005.3000,733.1625,981.0000,714.9375
299,fish,0.6162,931.7250,990.6187,976.2750,1022.0063,954.0000,1006.3125
299,fish,0.6152,240.5813,259.6641,288.1687,296.3672,264.3750,278.0156
299,fish,0.6060,484.8750,682.5375,535.5000,727.0875,510.1875,704.8125
299,fish,0.6011,491.1187,1250.7750,537.6938,1287.2250,514.4062,1269.0000
299,fish,0.5679,629.3250,999.1125,677.9250,1031.5125,653.6250,1015.3125
300,fish,0.7593,489.4312,664.0875,541.0688,710.6625,515.2500,687.3750
300,fish,0.7007,483.4125,905.8500,538.0875,950.4000,510.7500,928.1250
300,fish,0.6909,650.9250,275.0063,703.5750,314.4937,677.2500,294.7500
300,fish,0.6602,221.8219,682.9875,275.9906,725.5125,248.9062,704.2500
300,fish,0.6592,972.3375,407.5594,1018.9125,443.5031,995.6250,425.5312
300,fish,0.6489,731.5312,1239.9750,787.2188,1284.5250,759.3750,1262.2500
300,fish,0.6479,469.9125,352.8562,524.5875,396.3938,497.2500,374.6250
300,fish,0.6343,741.1500,617.2313,797.8500,670.8937,769.5000,644.0625
300,fish,0.6323,955.6875,696.2625,1006.3125,734.7375,981.0000,715.5000
300,fish,0.6309,67.9588,1095.8625,114.8186,1138.3875,91.3887,1117.1250
300,fish,0.6270,873.6750,1235.4750,926.3250,1280.0250,900.0000,1257.7500
300,fish,0.6196,487.0688,1246.2750,536.6812,1282.7250,511.8750,1264.5000
300,fish,0.6152,931.7250,990.6750,976.2750,1023.0750,954.0000,1006.8750
300,fish,0.5918,230.5406,923.5125,279.6469,961.9875,255.0938,942.7500
300,fish,0.5889,239.2875,267.8625,288.9000,305.3250,264.0938,286.5938
300,fish,0.5557,629.3250,999.1125,677.9250,1031.5125,653.6250,1015.3125
301,fish,0.7905,485.1844,932.7375,536.3156,975.2625,510.7500,954.0000
301,fish,0.7358,498.3188,636.0187,547.9312,683.6063,523.1250,659.8125
301,fish,0.7163,649.8000,276.6656,702.4500,315.6469,676.1250,296.1562
301,fish,0.6748,63.3727,1072.2375,111.8461,1114.7625,87.6094,1093.5000
301,fish,0.6665,219.7688,684.0000,272.4187,724.5000,246.0938,704.2500
301,fish,0.6655,737.7750,615.9937,794.4750,667.6313,766.1250,641.8125
301,fish,0.6621,972.3375,407.2781,1018.9125,443.2219,995.6250,425.2500
301,fish,0.6611,238.4437,280.3781,288.0562,315.3094,263.2500,297.8438
301,fish,0.6567,731.5312,1239.9750,787.2188,1284.5250,759.3750,1262.2500
301,fish,0.6416,230.2031,923.5125,278.2969,961.9875,254.2500,942.7500
301,fish,0.6406,468.7312,349.9312,522.3937,391.4438,495.5625,370.6875
301,fish,0.6353,955.6875,696.2625,1006.3125,734.7375,981.0000,715.5000
301,fish,0.6289,873.6187,1235.4750,925.2563,1280.0250,899.4375,1257.7500
301,fish,0.6143,487.0125,1241.7750,535.6125,1278.2250,511.3125,1260.0000
301,fish,0.6050,932.2313,990.6750,975.7687,1023.0750,954.0000,1006.8750
301,fish,0.5498,629.3250,999.1125,677.9250,1031.5125,653.6250,1015.3125
302,fish,0.7217,499.3031,609.0750,546.3844,657.6750,522.8438,633.3750
302,fish,0.7168,235.9969,289.2094,287.1281,326.1656,261.5625,307.6875
302,fish,0.7129,650.9250,278.2969,703.5750,316.2656,677.2500,297.2812
302,fish,0.6733,738.9000,617.0063,795.6000,666.6187,767.2500,641.8125
302,fish,0.6704,67.1572,1070.7750,112.2451,1107.2250,89.7012,1089.0000
302,fish,0.6621,218.9812,682.4250,272.6438,724.9500,245.8125,703.6875
302,fish,0.6611,495.8156,1237.2750,540.8719,1273.7250,518.3438,1255.5000
302,fish,0.6602,973.5750,407.0250,1022.1750,443.4750,997.8750,425.2500
302,fish,0.6602,468.1687,347.0625,521.8312,387.5625,495.0000,367.3125
302,fish,0.6538,225.4219,924.6375,273.5156,963.1125,249.4688,943.8750
302,fish,0.6538,731.5312,1239.9750,787.2188,1284.5250,759.3750,1262.2500
302,fish,0.6353,956.8125,696.2062,1007.4375,733.6688,982.1250,714.9375
302,fish,0.6260,873.5625,1236.4875,924.1875,1279.0125,898.8750,1257.7500
302,fish,0.6167,485.3250,956.5875,538.9875,1003.1625,512.1562,979.8750
302,fish,0.6060,932.2313,990.6750,975.7687,1023.0750,954.0000,1006.8750
302,fish,0.5391,630.3937,999.6187,677.9813,1031.0062,654.1875,1015.3125
303,fish,0.7432,233.1844,297.6469,284.3156,334.6031,258.7500,316.1250
303,fish,0.7148,649.8000,278.3531,702.4500,317.3344,676.1250,297.8438
303,fish,0.6958,481.2750,977.7375,532.9125,1020.2625,507.0938,999.0000
303,fish,0.6860,744.5250,632.9250,801.2250,685.5750,772.8750,659.2500
303,fish,0.6802,221.4563,681.7500,274.1062,722.2500,247.7812,702.0000
303,fish,0.6738,496.6875,591.2437,547.3125,642.8813,522.0000,617.0625
303,fish,0.6724,226.7578,926.7750,273.5859,963.2250,250.1719,945.0000
303,fish,0.6704,497.4750,1235.0250,542.0250,1271.4750,519.7500,1253.2500
303,fish,0.6680,467.5781,346.4438,520.7344,385.9312,494.1562,366.1875
303,fish,0.6621,973.5750,406.4625,1022.1750,442.9125,997.8750,424.6875
303,fish,0.6567,731.0250,1239.9750,787.7250,1284.5250,759.3750,1262.2500
303,fish,0.6514,72.2742,1066.8937,121.5070,1104.3563,96.8906,1085.6250
303,fish,0.6387,957.9375,696.7687,1008.5625,734.2313,983.2500,715.5000
303,fish,0.6196,873.6187,1236.4875,925.2563,1279.0125,899.4375,1257.7500
303,fish,0.6094,932.2313,990.6750,975.7687,1023.0750,954.0000,1006.8750
303,fish,0.5571,629.8875,998.5500,678.4875,1030.9500,654.1875,1014.7500
304,fish,0.7534,231.7781,302.5406,282.9094,341.5219,257.3438,322.0312
304,fish,0.7124,650.9250,278.8875,703.5750,317.3625,677.2500,298.1250
304,fish,0.7007,477.0562,988.2563,528.6938,1027.7438,502.8750,1008.0000
304,fish,0.6929,223.6500,680.6250,275.2875,721.1250,249.4688,700.8750
304,fish,0.6919,226.5609,930.2625,274.9078,968.7375,250.7344,949.5000
304,fish,0.6841,744.0187,644.8500,801.7313,699.5250,772.8750,672.1875
304,fish,0.6689,973.0125,406.4625,1021.6125,442.9125,997.3125,424.6875
304,fish,0.6665,465.7219,343.8562,515.8406,382.3313,490.7812,363.0938
304,fish,0.6621,497.8125,1230.6375,543.3750,1269.1125,520.5938,1249.8750
304,fish,0.6602,497.1375,575.5500,545.7375,628.2000,521.4375,601.8750
304,fish,0.6538,731.5312,1239.9750,787.2188,1284.5250,759.3750,1262.2500
304,fish,0.6440,72.1828,1067.4000,118.5047,1103.8500,95.3438,1085.6250
304,fish,0.6396,957.9375,697.2750,1008.5625,733.7250,983.2500,715.5000
304,fish,0.6260,873.5625,1236.4875,924.1875,1279.0125,898.8750,1257.7500
304,fish,0.6069,931.7250,990.6750,976.2750,1023.0750,954.0000,1006.8750
304,fish,0.5488,630.4500,999.0562,679.0500,1030.4437,654.7500,1014.7500
305,fish,0.7798,231.0891,305.3813,282.4734,344.8687,256.7812,325.1250
305,fish,0.7563,225.7594,940.3875,274.8656,978.8625,250.3125,959.6250
305,fish,0.7295,496.9125,1222.6500,541.4625,1259.1000,519.1875,1240.8750
305,fish,0.7168,451.8844,345.8813,506.0531,385.3687,478.9688,365.6250
305,fish,0.7026,650.3625,278.8875,703.0125,317.3625,676.6875,298.1250
305,fish,0.6929,498.2063,564.4547,545.7938,614.8266,522.0000,589.6406
305,fish,0.6919,223.6500,680.6250,275.2875,721.1250,249.4688,700.8750
305,fish,0.6885,474.3000,986.0625,526.9500,1026.5625,500.6250,1006.3125
305,fish,0.6836,743.2875,655.3687,797.9625,707.0063,770.6250,681.1875
305,fish,0.6704,973.0125,405.9281,1021.6125,442.8844,997.3125,424.4062
305,fish,0.6533,731.0250,1239.9750,787.7250,1284.5250,759.3750,1262.2500
305,fish,0.6406,957.9375,697.2750,1008.5625,733.7250,983.2500,715.5000
305,fish,0.6309,872.5500,1235.4750,925.2000,1280.0250,898.8750,1257.7500
305,fish,0.5981,931.7250,990.6750,976.2750,1023.0750,954.0000,1006.8750
305,fish,0.5869,72.3375,1066.1625,117.6469,1100.5875,94.9922,1083.3750
305,fish,0.5186,631.5750,998.4937,680.1750,1029.8812,655.8750,1014.1875
306,fish,0.7407,438.3562,354.8813,492.0188,394.3687,465.1875,374.6250
306,fish,0.7310,230.9344,309.4594,282.0656,346.4156,256.5000,327.9375
306,fish,0.7124,497.4750,1212.5250,542.0250,1248.9750,519.7500,1230.7500
306,fish,0.7090,219.2344,679.6125,272.3906,722.1375,245.8125,700.8750
306,fish,0.7090,224.0578,954.9000,272.9109,991.3500,248.4844,973.1250
306,fish,0.6919,649.8000,275.9977,702.4500,315.6117,676.1250,295.8047
306,fish,0.6758,475.2844,982.1250,530.4656,1022.6250,502.8750,1002.3750
306,fish,0.6689,973.5750,406.4625,1022.1750,442.9125,997.8750,424.6875
306,fish,0.6592,497.0813,558.0703,544.6688,604.8984,520.8750,581.4844
306,fish,0.6538,732.0938,1239.9750,787.7812,1284.5250,759.9375,1262.2500
306,fish,0.6396,957.9375,697.2750,1008.5625,733.7250,983.2500,715.5000
306,fish,0.6309,871.4250,1235.4750,924.0750,1280.0250,897.7500,1257.7500
306,fish,0.6226,740.5312,658.7437,796.2188,710.3813,768.3750,684.5625
306,fish,0.6104,932.2313,990.6750,975.7687,1023.0750,954.0000,1006.8750
306,fish,0.5659,69.8994,1069.4250,111.1904,1101.8250,90.5449,1085.6250
306,fish,0.5156,631.5750,998.4937,680.1750,1029.8812,655.8750,1014.1875
307,fish,0.7773,222.4125,965.0250,272.0250,1001.4750,247.2188,983.2500
307,fish,0.7705,496.8562,1201.2750,540.3937,1237.7250,518.6250,1219.5000
307,fish,0.7217,236.4750,302.4000,286.0875,338.8500,261.2812,320.6250
307,fish,0.7153,424.9125,366.1313,479.5875,405.6187,452.2500,385.8750
307,fish,0.6934,475.7625,977.5688,529.4250,1017.0562,502.5938,997.3125
307,fish,0.6851,489.8813,559.4203,539.4937,610.2984,514.6875,584.8594
307,fish,0.6851,649.8000,274.6336,702.4500,315.0070,676.1250,294.8203
307,fish,0.6772,973.5750,406.4625,1022.1750,442.9125,997.8750,424.6875
307,fish,0.6689,213.6375,677.3625,267.3000,719.8875,240.4688,698.6250
307,fish,0.6592,732.0375,1242.1125,786.7125,1284.6375,759.3750,1263.3750
307,fish,0.6353,957.8813,696.2062,1007.4937,733.6688,982.6875,714.9375
307,fish,0.6299,66.5068,1071.1688,108.7471,1104.5812,87.6270,1087.8750
307,fish,0.6162,739.9125,664.4250,794.5875,717.0750,767.2500,690.7500
307,fish,0.6094,868.1625,1235.4750,922.8375,1280.0250,895.5000,1257.7500
307,fish,0.6069,932.2313,990.6750,975.7687,1023.0750,954.0000,1006.8750
307,fish,0.5098,631.5750,998.4937,680.1750,1029.8812,655.8750,1014.1875
308,fish,0.7402,411.3562,377.3813,465.0188,416.8687,438.1875,397.1250
308,fish,0.7168,225.6750,974.5875,273.2625,1011.0375,249.4688,992.8125
308,fish,0.7153,497.4187,1189.0125,540.9562,1227.4875,519.1875,1208.2500
308,fish,0.6875,973.5750,405.6469,1022.1750,442.6031,997.8750,424.1250
308,fish,0.6836,67.6477,1071.9000,112.0711,1108.3500,89.8594,1090.1250
308,fish,0.6714,648.1125,273.0938,700.7625,313.5938,674.4375,293.3438
308,fish,0.6704,485.9438,557.8312,535.5562,605.4188,510.7500,581.6250
308,fish,0.6626,238.0078,282.9023,289.8984,320.2383,263.9531,301.5703
308,fish,0.6592,475.5094,973.6313,529.6781,1013.1187,502.5938,993.3750
308,fish,0.6577,733.1625,1242.1125,787.8375,1284.6375,760.5000,1263.3750
308,fish,0.6523,736.6500,671.6812,793.3500,723.3188,765.0000,697.5000
308,fish,0.6406,210.3750,672.8625,266.0625,715.3875,238.2188,694.1250
308,fish,0.6353,957.9375,696.2625,1008.5625,734.7375,983.2500,715.5000
308,fish,0.6133,931.7250,990.1125,976.2750,1022.5125,954.0000,1006.3125
308,fish,0.6021,866.9250,1236.4875,919.5750,1279.0125,893.2500,1257.7500
308,fish,0.4834,631.6313,997.4250,681.2437,1029.8250,656.4375,1013.6250
309,fish,0.7139,69.8115,1073.7562,113.3174,1113.2438,91.5645,1093.5000
309,fish,0.7056,734.4000,680.1750,791.1000,732.8250,762.7500,706.5000
309,fish,0.7007,973.5750,405.9000,1022.1750,442.3500,997.8750,424.1250
309,fish,0.6943,394.8750,383.7375,450.5625,426.2625,422.7188,405.0000
309,fish,0.6943,476.0156,969.6938,529.1719,1009.1812,502.5938,989.4375
309,fish,0.6724,646.4250,271.5539,699.0750,312.1805,672.7500,291.8672
309,fish,0.6714,494.3531,1183.5000,538.3969,1224.0000,516.3750,1203.7500
309,fish,0.6670,231.6937,973.9125,276.2437,1008.3375,253.9688,991.1250
309,fish,0.6621,239.2312,268.6781,287.8313,305.6344,263.5312,287.1562
309,fish,0.6582,732.0375,1242.1125,786.7125,1284.6375,759.3750,1263.3750
309,fish,0.6440,213.4406,667.3500,268.6219,711.9000,241.0312,689.6250
309,fish,0.6372,480.8813,560.1375,530.4937,608.7375,505.6875,584.4375
309,fish,0.6333,957.9375,696.2062,1008.5625,733.6688,983.2500,714.9375
309,fish,0.6206,931.7250,990.1125,976.2750,1022.5125,954.0000,1006.3125
309,fish,0.5908,866.9250,1235.4750,919.5750,1280.0250,893.2500,1257.7500
309,fish,0.5010,630.5625,997.4250,681.1875,1029.8250,655.8750,1013.6250
310,fish,0.7231,472.6125,567.4500,525.2625,616.0500,498.9375,591.7500
310,fish,0.6992,232.5656,950.4000,280.1531,986.8500,256.3594,968.6250
310,fish,0.6841,973.5750,405.3938,1022.1750,442.8562,997.8750,424.1250
310,fish,0.6782,492.4688,1183.5000,538.0312,1224.0000,515.2500,1203.7500
310,fish,0.6748,643.6125,269.8664,696.2625,310.4930,669.9375,290.1797
310,fish,0.6724,216.7875,662.8500,271.4625,707.4000,244.1250,685.1250
310,fish,0.6680,482.4281,959.7375,534.5719,1002.2625,508.5000,981.0000
310,fish,0.6548,730.0125,679.6688,788.7375,733.3312,759.3750,706.5000
310,fish,0.6489,731.5312,1239.9750,787.2188,1284.5250,759.3750,1262.2500
310,fish,0.6470,77.0344,1084.3875,119.5594,1122.8625,98.2969,1103.6250
310,fish,0.6450,381.7125,390.5437,438.4125,434.0813,410.0625,412.3125
310,fish,0.6372,957.9375,696.2625,1008.5625,734.7375,983.2500,715.5000
310,fish,0.6050,241.1016,262.4766,287.9297,299.1797,264.5156,280.8281
310,fish,0.6011,866.9250,1235.4750,919.5750,1280.0250,893.2500,1257.7500
310,fish,0.5962,930.6000,989.6063,975.1500,1023.0187,952.8750,1006.3125
310,fish,0.4873,632.6437,999.5625,680.2313,1029.9375,656.4375,1014.7500
311,fish,0.7188,487.0125,1183.5000,535.6125,1224.0000,511.3125,1203.7500
311,fish,0.7153,231.5813,928.0125,279.1687,966.4875,255.3750,947.2500
311,fish,0.7124,974.7000,405.3938,1023.3000,442.8562,999.0000,424.1250
311,fish,0.6802,639.6750,270.5344,692.3250,310.5281,666.0000,290.5312
311,fish,0.6772,460.1250,579.7125,510.7500,626.2875,485.4375,603.0000
311,fish,0.6680,374.9062,396.0844,430.5938,438.1031,402.7500,417.0938
311,fish,0.6577,487.9125,941.7375,537.5250,984.2625,512.7188,963.0000
311,fish,0.6548,215.1000,664.9875,269.7750,707.5125,242.4375,686.2500
311,fish,0.6533,731.0250,1239.9750,787.7250,1284.5250,759.3750,1262.2500
311,fish,0.6416,727.7625,677.8125,786.4875,728.4375,757.1250,703.1250
311,fish,0.6260,957.8250,696.2062,1006.4250,733.6688,982.1250,714.9375
311,fish,0.6133,240.5531,262.4625,287.6344,298.9125,264.0938,280.6875
311,fish,0.5918,866.9250,1235.3625,919.5750,1277.8875,893.2500,1256.6250
311,fish,0.5767,79.3969,1090.6312,123.9469,1130.1188,101.6719,1110.3750
311,fish,0.5698,930.0938,988.5375,975.6562,1022.9625,952.8750,1005.7500
311,fish,0.5039,631.5750,999.0562,680.1750,1030.4437,655.8750,1014.7500
312,fish,0.7339,489.9375,899.1000,540.5625,943.6500,515.2500,921.3750
312,fish,0.7251,488.6438,1184.6250,536.2313,1225.1250,512.4375,1204.8750
312,fish,0.7051,76.9992,1111.3875,118.8914,1149.8625,97.9453,1130.6250
312,fish,0.7026,974.7000,404.8313,1023.3000,442.2937,999.0000,423.5625
312,fish,0.6875,445.5000,595.8000,501.1875,648.4500,473.3438,622.1250
312,fish,0.6841,237.8672,268.3687,287.2266,304.8188,262.5469,286.5938
312,fish,0.6792,232.4531,915.5250,280.5469,951.9750,256.5000,933.7500
312,fish,0.6724,636.3000,268.5375,688.9500,308.0250,662.6250,288.2812
312,fish,0.6704,365.4000,402.8062,422.1000,444.3188,393.7500,423.5625
312,fish,0.6470,731.5312,1239.9750,787.2188,1284.5250,759.3750,1262.2500
312,fish,0.6396,214.0594,666.1125,270.2531,708.6375,242.1562,687.3750
312,fish,0.6030,957.8250,697.2750,1006.4250,733.7250,982.1250,715.5000
312,fish,0.6011,725.6250,674.5500,786.3750,727.2000,756.0000,700.8750
312,fish,0.5947,866.9250,1235.3625,919.5750,1277.8875,893.2500,1256.6250
312,fish,0.5591,930.6000,988.5375,975.1500,1022.9625,952.8750,1005.7500
312,fish,0.4961,631.5750,999.5625,680.1750,1029.9375,655.8750,1014.7500
313,fish,0.7104,491.0625,1190.1375,536.6250,1228.6125,513.8438,1209.3750
313,fish,0.6978,974.7000,405.0844,1023.3000,442.0406,999.0000,423.5625
313,fish,0.6958,232.6500,912.1500,279.2250,948.6000,255.9375,930.3750
313,fish,0.6826,488.7563,855.9000,538.3687,902.4750,513.5625,879.1875
313,fish,0.6772,215.0859,670.5000,272.0391,711.0000,243.5625,690.7500
313,fish,0.6738,427.6969,622.6875,481.8656,673.3125,454.7812,648.0000
313,fish,0.6558,635.1750,265.1906,687.8250,305.1844,661.5000,285.1875
313,fish,0.6504,731.0250,1239.9750,787.7250,1284.5250,759.3750,1262.2500
313,fish,0.6494,237.8531,274.0500,286.9594,311.5125,262.4062,292.7812
313,fish,0.6426,360.2812,408.4875,415.9688,451.0125,388.1250,429.7500
313,fish,0.6187,732.2062,668.3625,789.9188,721.0125,761.0625,694.6875
313,fish,0.5991,865.2375,1233.2250,917.8875,1277.7750,891.5625,1255.5000
313,fish,0.5938,958.3875,697.8375,1006.9875,734.2875,982.6875,716.0625
313,fish,0.5830,930.6000,990.6750,975.1500,1023.0750,952.8750,1006.8750
313,fish,0.5830,81.2953,1131.6375,124.5797,1170.1125,102.9375,1150.8750
313,fish,0.5205,632.1375,999.0562,680.7375,1030.4437,656.4375,1014.7500
314,fish,0.7402,230.7094,908.8875,277.7906,947.3625,254.2500,928.1250
314,fish,0.7202,236.8406,283.3313,287.9719,320.7937,262.4062,302.0625
314,fish,0.6943,974.7000,405.3375,1023.3000,441.7875,999.0000,423.5625
314,fish,0.6860,217.9688,676.1250,273.6562,716.6250,245.8125,696.3750
314,fish,0.6724,415.8000,645.0750,468.4500,693.6750,442.1250,669.3750
314,fish,0.6646,490.7812,1201.2750,536.3438,1237.7250,513.5625,1219.5000
314,fish,0.6611,84.4172,1142.8875,125.6766,1181.3625,105.0469,1162.1250
314,fish,0.6504,731.0250,1241.1000,787.7250,1285.6500,759.3750,1263.3750
314,fish,0.6406,485.4375,849.6000,536.0625,894.1500,510.7500,871.8750
314,fish,0.6372,632.4188,262.9547,686.0812,303.2016,659.2500,283.0781
314,fish,0.6318,735.5812,663.8062,793.2938,715.4438,764.4375,689.6250
314,fish,0.6133,357.4688,414.9281,413.1562,456.9469,385.3125,435.9375
314,fish,0.6001,958.3875,698.4000,1006.9875,734.8500,982.6875,716.6250
314,fish,0.5889,863.0438,1233.2250,916.7062,1277.7750,889.8750,1255.5000
314,fish,0.5688,929.4750,990.6750,974.0250,1023.0750,951.7500,1006.8750
314,fish,0.5254,632.1375,998.5500,680.7375,1030.9500,656.4375,1014.7500
315,fish,0.7266,229.0359,907.2563,276.3703,946.7437,252.7031,927.0000
315,fish,0.7056,233.8031,292.2750,285.9469,328.7250,259.8750,310.5000
315,fish,0.7026,974.7000,405.3375,1023.3000,441.7875,999.0000,423.5625
315,fish,0.6802,90.5344,1154.1375,130.5281,1192.6125,110.5312,1173.3750
315,fish,0.6768,220.5844,682.3125,272.7281,722.8125,246.6562,702.5625
315,fish,0.6758,483.2437,851.7375,534.8813,894.2625,509.0625,873.0000
315,fish,0.6416,730.4625,1241.1000,787.1625,1285.6500,758.8125,1263.3750
315,fish,0.6387,356.3438,415.8000,412.0312,458.3250,384.1875,437.0625
315,fish,0.6372,631.2375,263.7844,683.8875,303.7781,657.5625,283.7812
315,fish,0.6318,738.9000,661.6125,795.6000,714.2625,767.2500,687.9375
315,fish,0.6235,492.1875,1214.7750,537.7500,1251.2250,514.9688,1233.0000
315,fish,0.6011,958.9500,698.4000,1007.5500,734.8500,983.2500,716.6250
315,fish,0.5991,400.7250,666.1125,455.4000,708.6375,428.0625,687.3750
315,fish,0.5928,861.4125,1235.4750,916.0875,1280.0250,888.7500,1257.7500
315,fish,0.5850,930.4875,990.6750,973.0125,1023.0750,951.7500,1006.8750
315,fish,0.5234,632.1375,999.0562,680.7375,1030.4437,656.4375,1014.7500
316,fish,0.7720,90.7875,1160.7750,132.8063,1197.2250,111.7969,1179.0000
316,fish,0.7358,484.2844,863.1000,534.4031,907.6500,509.3438,885.3750
316,fish,0.7139,974.7000,405.3375,1023.3000,441.7875,999.0000,423.5625
316,fish,0.7056,390.4312,681.8625,442.0688,724.3875,416.2500,703.1250
316,fish,0.6943,493.0594,1228.2750,539.1281,1264.7250,516.0938,1246.5000
316,fish,0.6792,229.7812,302.3156,280.4062,337.2469,255.0938,319.7812
316,fish,0.6680,220.9359,910.0125,269.2828,948.4875,245.1094,929.2500
316,fish,0.6538,352.9406,416.2500,408.1219,456.7500,380.5312,436.5000
316,fish,0.6396,730.4625,1241.1000,787.1625,1285.6500,758.8125,1263.3750
316,fish,0.6387,219.4875,686.3625,274.6687,728.8875,247.0781,707.6250
316,fish,0.6353,631.6875,265.6969,682.3125,304.6781,657.0000,285.1875
316,fish,0.6279,740.6437,659.9250,798.3563,712.5750,769.5000,686.2500
316,fish,0.6084,958.9500,697.3312,1007.5500,734.7938,983.2500,716.0625
316,fish,0.5879,860.2875,1235.4750,914.9625,1280.0250,887.6250,1257.7500
316,fish,0.5869,930.4875,990.6750,973.0125,1023.0750,951.7500,1006.8750
316,fish,0.5342,631.5750,999.0562,680.1750,1030.4437,655.8750,1014.7500
317,fish,0.7402,228.1219,310.2750,279.2531,346.7250,253.6875,328.5000
317,fish,0.7090,974.7000,404.7750,1023.3000,441.2250,999.0000,423.0000
317,fish,0.7056,485.0437,888.5250,538.7062,935.1000,511.8750,911.8125
317,fish,0.7007,493.6500,1241.7750,540.2250,1278.2250,516.9375,1260.0000
317,fish,0.6851,227.6156,909.4500,274.6969,947.9250,251.1562,928.6875
317,fish,0.6836,383.1187,691.8750,434.7563,732.3750,408.9375,712.1250
317,fish,0.6802,91.4484,1165.2750,135.2391,1201.7250,113.3438,1183.5000
317,fish,0.6567,215.9156,689.7375,270.0844,732.2625,243.0000,711.0000
317,fish,0.6504,350.9156,414.8438,405.0844,455.3438,378.0000,435.0938
317,fish,0.6299,730.4625,1239.9750,787.1625,1284.5250,758.8125,1262.2500
317,fish,0.6143,631.1250,267.8906,681.7500,305.8594,656.4375,286.8750
317,fish,0.6143,958.9500,697.2750,1007.5500,733.7250,983.2500,715.5000
317,fish,0.6084,742.2750,659.9250,798.9750,712.5750,770.6250,686.2500
317,fish,0.6069,860.2875,1235.4750,914.9625,1280.0250,887.6250,1257.7500
317,fish,0.5830,930.4875,990.6750,973.0125,1023.0750,951.7500,1006.8750
317,fish,0.5156,631.5750,998.5500,680.1750,1030.9500,655.8750,1014.7500
318,fish,0.7280,229.4156,908.8875,275.9906,947.3625,252.7031,928.1250
318,fish,0.7139,484.1719,924.4125,537.3281,968.9625,510.7500,946.6875
318,fish,0.7090,974.7000,405.0562,1023.3000,441.5063,999.0000,423.2812
318,fish,0.6816,230.3438,319.2469,280.9688,355.1906,255.6562,337.2188
318,fish,0.6514,215.2266,693.1125,272.1797,735.6375,243.7031,714.3750
318,fish,0.6460,347.8500,413.3813,402.5250,452.8687,375.1875,433.1250
318,fish,0.6460,491.7375,1246.2750,539.3250,1282.7250,515.5312,1264.5000
318,fish,0.6440,376.7625,695.2500,430.4250,735.7500,403.5938,715.5000
318,fish,0.6362,729.9000,1239.9750,786.6000,1284.5250,758.2500,1262.2500
318,fish,0.6309,630.6187,270.2250,682.2563,309.7125,656.4375,289.9688
318,fish,0.6279,94.5141,1165.2750,140.3297,1201.7250,117.4219,1183.5000
318,fish,0.6143,958.9500,697.2750,1007.5500,733.7250,983.2500,715.5000
318,fish,0.6050,860.2875,1235.4750,914.9625,1280.0250,887.6250,1257.7500
318,fish,0.5859,928.8563,990.1688,972.3937,1023.5812,950.6250,1006.8750
318,fish,0.5830,742.2750,659.9250,798.9750,712.5750,770.6250,686.2500
318,fish,0.5225,631.5750,998.5500,680.1750,1030.9500,655.8750,1014.7500
319,fish,0.7534,229.6969,325.1812,281.3344,361.6313,255.5156,343.4062
319,fish,0.7075,974.7000,404.7750,1023.3000,441.2250,999.0000,423.0000
319,fish,0.7041,100.2938,1169.7750,143.8313,1206.2250,122.0625,1188.0000
319,fish,0.6860,348.2437,407.7563,399.8813,447.2437,374.0625,427.5000
319,fish,0.6714,229.8797,912.2625,277.2141,950.7375,253.5469,931.5000
319,fish,0.6582,216.4781,696.3750,270.6469,736.8750,243.5625,716.6250
319,fish,0.6523,729.9000,1239.9750,786.6000,1284.5250,758.2500,1262.2500
319,fish,0.6387,485.2125,957.6000,536.8500,1002.1500,511.0312,979.8750
319,fish,0.6152,491.3438,1247.2875,536.9062,1281.7125,514.1250,1264.5000
319,fish,0.6113,629.5500,273.0094,682.2000,311.9906,655.8750,292.5000
319,fish,0.6104,860.2875,1235.4750,914.9625,1280.0250,887.6250,1257.7500
319,fish,0.6104,958.9500,697.2750,1007.5500,733.7250,983.2500,715.5000
319,fish,0.6069,374.7094,693.6750,426.8531,736.2000,400.7812,714.9375
319,fish,0.5918,928.3500,990.6750,972.9000,1023.0750,950.6250,1006.8750
319,fish,0.5830,739.1250,661.0500,799.8750,713.7000,769.5000,687.3750
319,fish,0.5186,631.0125,998.5500,679.6125,1030.9500,655.3125,1014.7500
320,fish,0.7432,229.2188,332.1562,279.8438,367.5938,254.5312,349.8750
320,fish,0.7188,105.1453,1174.2750,147.4172,1210.7250,126.2812,1192.5000
320,fish,0.7075,974.7000,404.2125,1023.3000,440.6625,999.0000,422.4375
320,fish,0.6836,480.9375,979.8750,531.5625,1020.3750,506.2500,1000.1250
320,fish,0.6768,213.7500,697.5000,269.4375,738.0000,241.5938,717.7500
320,fish,0.6714,229.5844,916.7625,276.6656,955.2375,253.1250,936.0000
320,fish,0.6558,350.3813,404.4375,399.9937,444.9375,375.1875,424.6875
320,fish,0.6450,732.0938,1241.1000,787.7812,1285.6500,759.9375,1263.3750
320,fish,0.6289,633.8250,278.2969,682.4250,316.2656,658.1250,297.2812
320,fish,0.6001,860.2875,1235.4750,914.9625,1280.0250,887.6250,1257.7500
320,fish,0.6001,958.9500,697.3312,1007.5500,734.7938,983.2500,716.0625
320,fish,0.5991,928.2375,991.8000,970.7625,1024.2000,949.5000,1008.0000
320,fish,0.5776,490.8375,1248.5250,537.4125,1284.9750,514.1250,1266.7500
320,fish,0.5537,376.0875,695.3625,427.7250,737.8875,401.9062,716.6250
320,fish,0.5410,740.1375,660.5438,798.8625,714.2062,769.5000,687.3750
320,fish,0.5166,631.5750,998.5500,680.1750,1030.9500,655.8750,1014.7500
321,fish,0.7324,109.7438,1179.7875,151.2562,1214.2125,130.5000,1197.0000
321,fish,0.6992,232.7484,337.8375,281.0953,374.2875,256.9219,356.0625
321,fish,0.6992,974.7000,404.2125,1023.3000,440.6625,999.0000,422.4375
321,fish,0.6958,227.6156,920.1375,274.6969,958.6125,251.1562,939.3750
321,fish,0.6714,478.7156,990.0000,529.8469,1030.5000,504.2812,1010.2500
321,fish,0.6689,213.3562,697.9500,267.0188,736.4250,240.1875,717.1875
321,fish,0.6538,731.0250,1241.1000,787.7250,1285.6500,759.3750,1263.3750
321,fish,0.6406,631.8000,279.8648,684.4500,323.2758,658.1250,301.5703
321,fish,0.6333,744.5250,661.0500,801.2250,713.7000,772.8750,687.3750
321,fish,0.6084,352.2937,403.4812,405.9563,447.0188,379.1250,425.2500
321,fish,0.6040,381.4312,695.4750,433.0688,740.0250,407.2500,717.7500
321,fish,0.6040,859.7250,1236.6000,914.4000,1281.1500,887.0625,1258.8750
321,fish,0.5991,958.9500,697.2750,1007.5500,733.7250,983.2500,715.5000
321,fish,0.5869,486.5344,1247.4000,536.6531,1283.8500,511.5938,1265.6250
321,fish,0.5806,926.6063,992.8125,970.1437,1023.1875,948.3750,1008.0000
321,fish,0.5176,631.5750,998.5500,680.1750,1030.9500,655.8750,1014.7500
322,fish,0.7188,476.8031,992.1375,528.9469,1030.6125,502.8750,1011.3750
322,fish,0.6992,114.3703,1183.2750,155.6297,1219.7250,135.0000,1201.5000
322,fish,0.6978,212.2875,697.4438,266.9625,736.9312,239.6250,717.1875
322,fish,0.6895,974.7000,404.2125,1023.3000,440.6625,999.0000,422.4375
322,fish,0.6768,491.9906,1244.0250,539.0719,1280.4750,515.5312,1262.2500
322,fish,0.6768,238.5563,336.1500,285.1313,372.6000,261.8438,354.3750
322,fish,0.6699,396.6750,698.1187,449.3250,739.6313,423.0000,718.8750
322,fish,0.6680,746.1000,653.2875,800.7750,707.9625,773.4375,680.6250
322,fish,0.6665,226.0266,923.5125,272.3484,961.9875,249.1875,942.7500
322,fish,0.6655,357.2437,404.3531,408.8813,443.3344,383.0625,423.8438
322,fish,0.6636,634.9500,286.1438,683.5500,328.6687,659.2500,307.4062
322,fish,0.6577,731.0250,1239.9750,787.7250,1284.5250,759.3750,1262.2500
322,fish,0.6333,859.1625,1237.7250,913.8375,1282.2750,886.5000,1260.0000
322,fish,0.6084,928.2375,992.8125,970.7625,1023.1875,949.5000,1008.0000
322,fish,0.6001,958.3875,697.3312,1006.9875,734.7938,982.6875,716.0625
322,fish,0.5156,631.5750,998.4937,680.1750,1029.8812,655.8750,1014.1875
323,fish,0.7388,119.8125,1185.5250,162.8438,1221.9750,141.3281,1203.7500
323,fish,0.7310,234.4781,332.7188,283.5844,368.1562,259.0312,350.4375
323,fish,0.7124,214.3125,695.8687,270.0000,737.3813,242.1562,716.6250
323,fish,0.6978,973.5750,404.2125,1022.1750,440.6625,997.8750,422.4375
323,fish,0.6958,495.2531,1235.0250,540.3094,1271.4750,517.7812,1253.2500
323,fish,0.6851,358.3969,403.2563,410.5406,442.7437,384.4688,423.0000
323,fish,0.6738,749.3625,646.5375,802.0125,701.2125,775.6875,673.8750
323,fish,0.6733,474.8062,994.3875,526.4438,1032.8625,500.6250,1013.6250
323,fish,0.6558,633.9375,291.4312,684.5625,332.9438,659.2500,312.1875
323,fish,0.6538,731.5312,1241.1000,787.2188,1285.6500,759.3750,1263.3750
323,fish,0.6523,224.2406,926.3813,271.3219,965.8687,247.7812,946.1250
323,fish,0.6489,414.0562,700.7625,465.6938,739.2375,439.8750,720.0000
323,fish,0.6289,859.1625,1236.6000,913.8375,1281.1500,886.5000,1258.8750
323,fish,0.6040,927.1125,992.8125,969.6375,1023.1875,948.3750,1008.0000
323,fish,0.5957,958.3875,697.3312,1006.9875,734.7938,982.6875,716.0625
323,fish,0.5352,631.5750,999.0562,680.1750,1030.4437,655.8750,1014.7500
324,fish,0.7358,230.1188,333.9000,281.7563,370.3500,255.9375,352.1250
324,fish,0.7202,229.2188,928.0125,274.7812,966.4875,252.0000,947.2500
324,fish,0.7026,494.4375,1232.7750,540.0000,1269.2250,517.2188,1251.0000
324,fish,0.7007,628.9875,295.8750,681.6375,336.3750,655.3125,316.1250
324,fish,0.6909,123.9855,1192.1625,167.4598,1226.5875,145.7227,1209.3750
324,fish,0.6875,974.1375,404.2125,1022.7375,440.6625,998.4375,422.4375
324,fish,0.6875,748.8000,638.5500,801.4500,691.2000,775.1250,664.8750
324,fish,0.6733,468.5906,993.8250,524.7844,1032.3000,496.6875,1013.0625
324,fish,0.6724,432.7312,698.6250,486.3938,739.1250,459.5625,718.8750
324,fish,0.6680,217.8844,694.2375,272.0531,736.7625,244.9688,715.5000
324,fish,0.6670,369.6750,406.6875,422.3250,447.1875,396.0000,426.9375
324,fish,0.6592,731.0250,1241.1000,787.7250,1285.6500,759.3750,1263.3750
324,fish,0.6318,858.0938,1236.6000,913.7812,1281.1500,885.9375,1258.8750
324,fish,0.5918,924.8625,991.8000,967.3875,1024.2000,946.1250,1008.0000
324,fish,0.5776,957.8250,697.8937,1006.4250,735.3563,982.1250,716.6250
324,fish,0.5195,632.6437,999.5625,680.2313,1029.9375,656.4375,1014.7500
325,fish,0.7578,231.0750,341.8313,279.6750,379.2937,255.3750,360.5625
325,fish,0.7373,125.2125,1198.9125,171.7875,1233.3375,148.5000,1216.1250
325,fish,0.7026,974.7000,404.2125,1023.3000,440.6625,999.0000,422.4375
325,fish,0.7007,494.6906,1230.5250,539.7469,1266.9750,517.2188,1248.7500
325,fish,0.6992,233.4656,911.1375,279.5344,949.6125,256.5000,930.3750
325,fish,0.6836,748.9125,629.6063,803.5875,683.2687,776.2500,656.4375
325,fish,0.6689,382.7250,409.4438,437.4000,448.9312,410.0625,429.1875
325,fish,0.6626,450.7312,695.3062,504.3938,736.8188,477.5625,716.0625
325,fish,0.6611,467.3250,992.7563,526.0500,1032.2438,496.6875,1012.5000
325,fish,0.6533,730.4625,1241.1000,787.1625,1285.6500,758.8125,1263.3750
325,fish,0.6450,858.6000,1237.7250,913.2750,1282.2750,885.9375,1260.0000
325,fish,0.6353,628.3125,300.8250,678.9375,339.3000,653.6250,320.0625
325,fish,0.6167,217.8422,693.6750,271.2516,736.2000,244.5469,714.9375
325,fish,0.6143,923.7375,991.7437,966.2625,1023.1313,945.0000,1007.4375
325,fish,0.5806,958.9500,697.3875,1007.5500,735.8625,983.2500,716.6250
325,fish,0.5293,631.5750,999.5625,680.1750,1029.9375,655.8750,1014.7500
326,fish,0.8105,230.5687,351.9281,280.1812,388.8844,255.3750,370.4062
326,fish,0.7124,974.7000,404.2125,1023.3000,440.6625,999.0000,422.4375
326,fish,0.6992,491.3719,1222.6500,537.4406,1259.1000,514.4062,1240.8750
326,fish,0.6816,469.4062,992.1938,525.0938,1031.6813,497.2500,1011.9375
326,fish,0.6733,747.7875,624.0375,802.4625,678.7125,775.1250,651.3750
326,fish,0.6704,233.4516,889.2000,279.2672,927.6750,256.3594,908.4375
326,fish,0.6577,731.0250,1239.9750,787.7250,1284.5250,759.3750,1262.2500
326,fish,0.6489,219.0375,690.8625,273.7125,733.3875,246.3750,712.1250
326,fish,0.6460,857.4750,1237.7250,912.1500,1282.2750,884.8125,1260.0000
326,fish,0.6426,398.4750,412.3687,453.1500,453.8813,425.8125,433.1250
326,fish,0.6362,468.2250,692.1000,522.9000,736.6500,495.5625,714.3750
326,fish,0.6279,130.0113,1202.4000,178.1684,1238.8500,154.0898,1220.6250
326,fish,0.6196,925.9875,989.5500,968.5125,1021.9500,947.2500,1005.7500
326,fish,0.6094,624.4875,300.9937,677.1375,342.5063,650.8125,321.7500
326,fish,0.5659,957.9375,698.4562,1008.5625,735.9188,983.2500,717.1875
326,fish,0.5195,631.5750,999.5625,680.1750,1029.9375,655.8750,1014.7500
327,fish,0.7891,228.5719,360.9563,277.6781,398.4187,253.1250,379.6875
327,fish,0.7075,230.3156,879.1313,275.3719,918.6187,252.8438,898.8750
327,fish,0.6992,974.1938,404.2125,1023.8062,440.6625,999.0000,422.4375
327,fish,0.6978,476.2125,991.0125,527.8500,1029.4875,502.0312,1010.2500
327,fish,0.6929,411.4125,413.7469,466.0875,454.7531,438.7500,434.2500
327,fish,0.6836,482.2875,689.9062,536.9625,735.4688,509.6250,712.6875
327,fish,0.6670,745.5375,622.3500,800.2125,677.0250,772.8750,649.6875
327,fish,0.6636,491.3438,1219.2750,536.9062,1255.7250,514.1250,1237.5000
327,fish,0.6611,220.1062,687.6000,276.3000,732.1500,248.2031,709.8750
327,fish,0.6592,730.9688,1239.9750,786.6562,1284.5250,758.8125,1262.2500
327,fish,0.6377,856.9125,1237.7250,911.5875,1282.2750,884.2500,1260.0000
327,fish,0.6069,621.6750,302.0625,674.3250,342.5625,648.0000,322.3125
327,fish,0.6069,923.8500,987.4125,968.4000,1021.8375,946.1250,1004.6250
327,fish,0.5889,957.8813,697.3875,1007.4937,735.8625,982.6875,716.6250
327,fish,0.5098,631.5750,998.4937,680.1750,1029.8812,655.8750,1014.1875
327,fish,0.4961,133.8187,1208.0250,180.9000,1244.4750,157.3594,1226.2500
328,fish,0.7676,229.4156,369.3375,278.5219,405.7875,253.9688,387.5625
328,fish,0.7310,227.8969,871.7062,274.9781,909.1688,251.4375,890.4375
328,fish,0.7153,422.1562,413.4375,477.8438,453.9375,450.0000,433.6875
328,fish,0.6958,480.6000,992.1375,530.2125,1030.6125,505.4062,1011.3750
328,fish,0.6885,974.7000,404.2125,1023.3000,440.6625,999.0000,422.4375
328,fish,0.6699,483.6656,687.7125,537.8344,734.2875,510.7500,711.0000
328,fish,0.6514,730.9688,1239.9750,786.6562,1284.5250,758.8125,1262.2500
328,fish,0.6479,219.6844,685.3500,275.8781,729.9000,247.7812,707.6250
328,fish,0.6460,489.7125,1220.4000,536.2875,1256.8500,513.0000,1238.6250
328,fish,0.6450,856.9125,1237.7250,911.5875,1282.2750,884.2500,1260.0000
328,fish,0.6416,744.4125,621.7875,799.0875,676.4625,771.7500,649.1250
328,fish,0.6216,621.6187,299.7563,673.2563,339.2437,647.4375,319.5000
328,fish,0.5991,140.9484,1216.8000,184.7391,1249.2000,162.8438,1233.0000
328,fish,0.5938,921.6000,986.2875,966.1500,1020.7125,943.8750,1003.5000
328,fish,0.5879,958.4438,697.3875,1008.0562,735.8625,983.2500,716.6250
328,fish,0.5107,631.5750,998.4937,680.1750,1029.8812,655.8750,1014.1875
329,fish,0.7202,225.1547,375.5813,276.0328,413.0437,250.5938,394.3125
329,fish,0.7153,478.9969,992.1375,530.1281,1030.6125,504.5625,1011.3750
329,fish,0.6992,226.1953,879.6375,273.0234,918.1125,249.6094,898.8750
329,fish,0.6958,431.1562,414.6187,486.8438,456.1313,459.0000,435.3750
329,fish,0.6929,974.7000,404.2406,1023.3000,441.1969,999.0000,422.7188
329,fish,0.6646,484.7625,686.5875,538.4250,733.1625,511.5938,709.8750
329,fish,0.6626,217.3781,684.2250,272.5594,728.7750,244.9688,706.5000
329,fish,0.6494,731.5312,1239.9750,787.2188,1284.5250,759.3750,1262.2500
329,fish,0.6440,490.7812,1221.5250,536.3438,1257.9750,513.5625,1239.7500
329,fish,0.6333,856.8563,1238.7375,910.5187,1281.2625,883.6875,1260.0000
329,fish,0.6309,746.5500,620.4375,799.2000,671.0625,772.8750,645.7500
329,fish,0.6299,620.4375,295.7906,671.0625,334.7719,645.7500,315.2812
329,fish,0.6270,151.9875,1219.2750,197.0437,1255.7250,174.5156,1237.5000
329,fish,0.6162,922.1625,984.0375,966.7125,1018.4625,944.4375,1001.2500
329,fish,0.5830,958.4438,697.3875,1008.0562,735.8625,983.2500,716.6250
329,fish,0.5039,631.5750,997.9875,680.1750,1030.3875,655.8750,1014.1875
330,fish,0.7788,223.0875,382.9500,274.7250,421.4250,248.9062,402.1875
330,fish,0.7549,229.1766,895.9500,276.5109,934.4250,252.8438,915.1875
330,fish,0.7266,488.6438,1224.9000,536.2313,1261.3500,512.4375,1243.1250
330,fish,0.7202,475.3406,992.1375,526.4719,1030.6125,500.9062,1011.3750
330,fish,0.6992,442.8562,414.8156,496.5188,454.8094,469.6875,434.8125
330,fish,0.6929,974.1375,403.9312,1022.7375,440.3813,998.4375,422.1562
330,fish,0.6577,486.1125,686.5312,538.7625,732.0938,512.4375,709.3125
330,fish,0.6504,749.8125,618.1875,800.4375,668.8125,775.1250,643.5000
330,fish,0.6504,731.5312,1239.9750,787.2188,1284.5250,759.3750,1262.2500
330,fish,0.6470,216.0844,680.8500,273.2906,725.4000,244.6875,703.1250
330,fish,0.6362,856.9125,1238.7375,911.5875,1281.2625,884.2500,1260.0000
330,fish,0.6343,620.4375,292.3875,671.0625,330.8625,645.7500,311.6250
330,fish,0.6113,921.4875,983.4750,964.0125,1017.9000,942.7500,1000.6875
330,fish,0.6011,162.5203,1217.0250,207.3234,1253.4750,184.9219,1235.2500
330,fish,0.5806,957.9375,697.3875,1008.5625,735.8625,983.2500,716.6250
330,fish,0.5127,631.5750,998.5500,680.1750,1030.9500,655.8750,1014.7500
331,fish,0.7339,224.6625,906.7500,274.2750,947.2500,249.4688,927.0000
331,fish,0.7251,224.4938,390.8250,276.1313,429.3000,250.3125,410.0625
331,fish,0.7056,451.9125,413.1844,506.5875,454.1906,479.2500,433.6875
331,fish,0.6992,475.6219,992.1375,526.7531,1030.6125,501.1875,1011.3750
331,fish,0.6919,974.7000,403.6500,1023.3000,440.1000,999.0000,421.8750
331,fish,0.6885,495.7875,1232.7750,540.3375,1269.2250,518.0625,1251.0000
331,fish,0.6548,486.1125,687.6562,538.7625,733.2188,512.4375,710.4375
331,fish,0.6504,731.0250,1239.9750,787.7250,1284.5250,759.3750,1262.2500
331,fish,0.6377,220.3313,684.6750,275.5125,727.2000,247.9219,705.9375
331,fish,0.6362,620.5500,291.3469,673.2000,331.3406,646.8750,311.3438
331,fish,0.6353,749.8125,619.3125,800.4375,669.9375,775.1250,644.6250
331,fish,0.6333,856.9125,1237.7250,911.5875,1282.2750,884.2500,1260.0000
331,fish,0.6050,920.9813,982.9125,964.5187,1017.3375,942.7500,1000.1250
331,fish,0.6030,168.3703,1214.7750,214.6922,1251.2250,191.5312,1233.0000
331,fish,0.5776,957.9375,697.3875,1008.5625,735.8625,983.2500,716.6250
331,fish,0.5039,632.7000,998.4937,681.3000,1029.8812,657.0000,1014.1875
332,fish,0.7607,223.1859,922.8937,271.5328,960.3563,247.3594,941.6250
332,fish,0.7505,222.6937,399.5156,274.8375,437.4844,248.7656,418.5000
332,fish,0.7188,494.9719,1241.5500,540.0281,1273.9500,517.5000,1257.7500
332,fish,0.7056,463.7250,407.5875,518.4000,449.1000,491.0625,428.3438
332,fish,0.6992,974.7000,403.6219,1023.3000,439.5656,999.0000,421.5938
332,fish,0.6895,173.0953,1213.6500,218.4047,1250.1000,195.7500,1231.8750
332,fish,0.6860,472.2188,988.8750,527.9062,1029.3750,500.0625,1009.1250
332,fish,0.6479,218.7844,688.5000,273.9656,729.0000,246.3750,708.7500
332,fish,0.6436,484.4250,687.7687,537.0750,735.3563,510.7500,711.5625
332,fish,0.6396,730.9688,1239.9750,786.6562,1284.5250,758.8125,1262.2500
332,fish,0.6343,621.6750,291.3750,674.3250,331.8750,648.0000,311.6250
332,fish,0.6196,856.3500,1237.7250,911.0250,1282.2750,883.6875,1260.0000
332,fish,0.6084,920.3625,982.9125,962.8875,1017.3375,941.6250,1000.1250
332,fish,0.5981,750.9375,625.5562,801.5625,677.1938,776.2500,651.3750
332,fish,0.5757,958.4438,697.3875,1008.0562,735.8625,983.2500,716.6250
332,fish,0.5264,631.5750,998.5500,680.1750,1030.9500,655.8750,1014.7500
333,fish,0.7905,228.3609,941.9625,276.2016,978.4125,252.2812,960.1875
333,fish,0.7490,749.3062,638.3250,800.9438,686.9250,775.1250,662.6250
333,fish,0.6919,975.2062,403.6219,1022.7938,439.5656,999.0000,421.5938
333,fish,0.6909,176.3156,1213.6500,221.3719,1250.1000,198.8438,1231.8750
333,fish,0.6875,472.7812,399.4031,528.4688,440.4094,500.6250,419.9062
333,fish,0.6670,222.2156,407.1375,273.3469,445.6125,247.7812,426.3750
333,fish,0.6670,213.7219,693.5063,268.9031,732.9937,241.3125,713.2500
333,fish,0.6538,730.9688,1239.9750,786.6562,1284.5250,758.8125,1262.2500
333,fish,0.6514,620.4375,287.9719,671.0625,327.9656,645.7500,307.9688
333,fish,0.6372,480.2344,687.1500,533.3906,733.7250,506.8125,710.4375
333,fish,0.6323,478.5188,979.9875,531.1688,1022.5125,504.8438,1001.2500
333,fish,0.6206,492.8344,1246.2750,539.9156,1282.7250,516.3750,1264.5000
333,fish,0.6167,856.2938,1237.7250,909.9562,1282.2750,883.1250,1260.0000
333,fish,0.6162,920.3625,983.4750,962.8875,1017.9000,941.6250,1000.6875
333,fish,0.5767,958.4438,698.4562,1008.0562,735.9188,983.2500,717.1875
333,fish,0.5410,631.5750,999.0562,680.1750,1030.4437,655.8750,1014.7500
334,fish,0.7563,225.7312,957.1500,274.3313,993.6000,250.0312,975.3750
334,fish,0.6992,480.0375,388.2375,534.7125,430.7625,507.3750,409.5000
334,fish,0.6748,974.7000,403.5938,1023.3000,439.0312,999.0000,421.3125
334,fish,0.6699,619.4250,284.5969,672.0750,324.5906,645.7500,304.5938
334,fish,0.6689,176.8500,1208.1375,221.4000,1246.6125,199.1250,1227.3750
334,fish,0.6567,730.9688,1239.9750,786.6562,1284.5250,758.8125,1262.2500
334,fish,0.6450,221.6531,413.3250,272.7844,451.8000,247.2188,432.5625
334,fish,0.6396,488.0813,970.8750,535.6688,1011.3750,511.8750,991.1250
334,fish,0.6206,856.2938,1237.7250,909.9562,1282.2750,883.1250,1260.0000
334,fish,0.6187,211.1062,697.4438,264.7688,736.9312,237.9375,717.1875
334,fish,0.6152,920.4750,984.0375,965.0250,1018.4625,942.7500,1001.2500
334,fish,0.6113,746.5500,645.3000,799.2000,697.9500,772.8750,671.6250
334,fish,0.5889,491.4000,1250.7750,537.9750,1287.2250,514.6875,1269.0000
334,fish,0.5820,958.4438,697.8937,1008.0562,735.3563,983.2500,716.6250
334,fish,0.5718,473.5406,680.0625,527.7094,730.6875,500.6250,705.3750
334,fish,0.5371,632.0812,999.0562,679.6688,1030.4437,655.8750,1014.7500
335,fish,0.7842,223.7625,967.7250,272.3625,1002.1500,248.0625,984.9375
335,fish,0.6724,975.7687,403.5938,1023.3563,439.0312,999.5625,421.3125
335,fish,0.6646,173.5734,1198.0125,219.8953,1236.4875,196.7344,1217.2500
335,fish,0.6592,219.7125,416.7000,271.3500,455.1750,245.5312,435.9375
335,fish,0.6592,619.9875,282.4031,672.6375,323.4094,646.3125,302.9062
335,fish,0.6567,730.9688,1239.9750,786.6562,1284.5250,758.8125,1262.2500
335,fish,0.6504,484.3687,949.6125,536.0063,992.1375,510.1875,970.8750
335,fish,0.6494,481.7250,377.2125,536.4000,418.7250,509.0625,397.9688
335,fish,0.6333,212.7797,699.1313,266.1891,738.6187,239.4844,718.8750
335,fish,0.6323,490.6406,1254.1500,538.7344,1290.6000,514.6875,1272.3750
335,fish,0.6226,855.7875,1237.7250,910.4625,1282.2750,883.1250,1260.0000
335,fish,0.6074,474.1313,682.0875,523.7437,728.6625,498.9375,705.3750
335,fish,0.5938,920.4750,986.2875,965.0250,1020.7125,942.7500,1003.5000
335,fish,0.5869,957.9375,697.3875,1008.5625,735.8625,983.2500,716.6250
335,fish,0.5796,742.7812,658.2375,798.4688,710.8875,770.6250,684.5625
335,fish,0.5205,631.5750,999.5625,680.1750,1029.9375,655.8750,1014.7500
336,fish,0.7373,225.0844,976.1063,272.1656,1009.5187,248.6250,992.8125
336,fish,0.7188,486.6750,360.3938,539.3250,402.9187,513.0000,381.6562
336,fish,0.7075,214.0031,697.5000,269.1844,738.0000,241.5938,717.7500
336,fish,0.6978,474.8062,666.9000,526.4438,713.4750,500.6250,690.1875
336,fish,0.6782,220.5281,414.7031,271.6594,452.6719,246.0938,433.6875
336,fish,0.6714,484.9312,923.7375,536.5688,966.2625,510.7500,945.0000
336,fish,0.6567,975.8250,403.0875,1024.4250,439.5375,1000.1250,421.3125
336,fish,0.6558,619.4250,281.8125,672.0750,322.3125,645.7500,302.0625
336,fish,0.6523,732.0375,1239.9750,786.7125,1284.5250,759.3750,1262.2500
336,fish,0.6514,495.1969,1257.3000,539.2406,1289.7000,517.2188,1273.5000
336,fish,0.6333,922.6125,988.4250,965.1375,1020.8250,943.8750,1004.6250
336,fish,0.6323,163.1531,1187.7750,209.2219,1224.2250,186.1875,1206.0000
336,fish,0.6309,855.7875,1236.6000,910.4625,1281.1500,883.1250,1258.8750
336,fish,0.6167,739.9688,673.3125,795.6562,723.9375,767.8125,698.6250
336,fish,0.5796,957.9375,697.3875,1008.5625,735.8625,983.2500,716.6250
336,fish,0.5039,632.0812,999.5625,679.6688,1029.9375,655.8750,1014.7500
337,fish,0.7373,489.7406,341.6625,541.8844,386.2125,515.8125,363.9375
337,fish,0.7310,482.1187,642.3750,533.7563,693.0000,507.9375,667.6875
337,fish,0.7075,224.5500,975.1500,272.1375,1011.6000,248.3438,993.3750
337,fish,0.7026,151.3688,1185.6375,197.9437,1224.1125,174.6562,1204.8750
337,fish,0.6758,619.4250,282.6844,672.0750,323.6906,645.7500,303.1875
337,fish,0.6748,218.8125,695.2500,271.9688,735.7500,245.3906,715.5000
337,fish,0.6577,486.0281,901.1250,537.1594,941.6250,511.5938,921.3750
337,fish,0.6538,732.0375,1239.9750,786.7125,1284.5250,759.3750,1262.2500
337,fish,0.6470,975.8250,402.5250,1024.4250,438.9750,1000.1250,420.7500
337,fish,0.6436,737.8312,683.5500,795.5438,736.2000,766.6875,709.8750
337,fish,0.6362,855.7875,1235.4750,910.4625,1280.0250,883.1250,1257.7500
337,fish,0.6270,221.2031,408.8813,274.3594,448.3687,247.7812,428.6250
337,fish,0.6260,494.7188,1251.7875,540.2812,1286.2125,517.5000,1269.0000
337,fish,0.6133,923.7938,989.0438,967.3312,1022.4562,945.5625,1005.7500
337,fish,0.5757,958.5000,697.3875,1009.1250,735.8625,983.8125,716.6250
337,fish,0.5098,632.0812,999.5625,679.6688,1029.9375,655.8750,1014.7500
338,fish,0.7446,140.3859,1185.6375,189.2391,1224.1125,164.8125,1204.8750
338,fish,0.7124,491.7656,612.6750,539.8594,665.3250,515.8125,639.0000
338,fish,0.6816,617.2875,281.4398,671.9625,322.8258,644.6250,302.1328
338,fish,0.6689,227.3063,403.7625,278.9438,442.2375,253.1250,423.0000
338,fish,0.6592,488.3062,327.9937,539.9438,369.5063,514.1250,348.7500
338,fish,0.6567,231.7219,976.1625,276.7781,1010.5875,254.2500,993.3750
338,fish,0.6514,218.1375,691.9875,271.8000,734.5125,244.9688,713.2500
338,fish,0.6514,730.9125,1239.9750,785.5875,1284.5250,758.2500,1262.2500
338,fish,0.6470,975.2625,401.9625,1023.8625,438.4125,999.5625,420.1875
338,fish,0.6470,856.8563,1235.4750,910.5187,1280.0250,883.6875,1257.7500
338,fish,0.6309,487.7156,885.4875,538.8469,928.0125,513.2812,906.7500
338,fish,0.6270,740.0812,682.7625,797.7938,731.3625,768.9375,707.0625
338,fish,0.5947,922.7250,990.6750,967.2750,1023.0750,945.0000,1006.8750
338,fish,0.5947,495.1687,1248.3000,538.7062,1280.7000,516.9375,1264.5000
338,fish,0.5718,959.0625,697.3875,1009.6875,735.8625,984.3750,716.6250
338,fish,0.5107,630.4500,997.9875,679.0500,1030.3875,654.7500,1014.1875
339,fish,0.7266,232.3688,391.6687,284.0063,430.1438,258.1875,410.9062
339,fish,0.7075,233.0719,957.0375,279.6469,991.4625,256.3594,974.2500
339,fish,0.6978,497.1938,590.6250,546.8062,641.2500,522.0000,615.9375
339,fish,0.6899,485.4375,874.2938,536.0625,917.8312,510.7500,896.0625
339,fish,0.6670,739.5750,683.2125,798.3000,729.7875,768.9375,706.5000
339,fish,0.6626,217.6453,690.8625,272.5734,733.3875,245.1094,712.1250
339,fish,0.6621,491.9062,1246.0500,537.4688,1278.4500,514.6875,1262.2500
339,fish,0.6577,618.4125,278.2125,673.0875,319.7250,645.7500,298.9688
339,fish,0.6567,487.2375,321.6656,539.8875,360.6469,513.5625,341.1562
339,fish,0.6489,856.8563,1235.4750,910.5187,1280.0250,883.6875,1257.7500
339,fish,0.6470,131.1328,1194.5250,177.9609,1230.9750,154.5469,1212.7500
339,fish,0.6406,730.9125,1239.9750,785.5875,1284.5250,758.2500,1262.2500
339,fish,0.6406,974.7000,401.9625,1023.3000,438.4125,999.0000,420.1875
339,fish,0.5981,922.7250,989.6063,967.2750,1023.0187,945.0000,1006.3125
339,fish,0.5669,958.5000,697.3875,1009.1250,735.8625,983.8125,716.6250
339,fish,0.5078,632.0812,999.5625,679.6688,1029.9375,655.8750,1014.7500
340,fish,0.6958,231.9328,931.5000,280.7859,972.0000,256.3594,951.7500
340,fish,0.6841,479.4187,869.8500,533.0812,914.4000,506.2500,892.1250
340,fish,0.6558,618.3563,274.4227,672.0187,316.0617,645.1875,295.2422
340,fish,0.6538,232.9031,380.7000,284.0344,419.1750,258.4688,399.9375
340,fish,0.6533,486.5063,1242.9000,536.1187,1279.3500,511.3125,1261.1250
340,fish,0.6514,216.8156,686.5312,274.5281,732.0938,245.6719,709.3125
340,fish,0.6479,497.5875,576.0562,544.1625,627.6938,520.8750,601.8750
340,fish,0.6470,484.9875,315.5063,537.6375,354.9937,511.3125,335.2500
340,fish,0.6460,730.8000,1242.0000,783.4500,1282.5000,757.1250,1262.2500
340,fish,0.6450,856.9125,1235.4750,911.5875,1280.0250,884.2500,1257.7500
340,fish,0.6440,121.7250,1208.0250,168.8063,1244.4750,145.2656,1226.2500
340,fish,0.6406,974.6437,401.4000,1022.2313,437.8500,998.4375,419.6250
340,fish,0.6318,746.1000,681.0750,800.7750,729.6750,773.4375,705.3750
340,fish,0.5889,922.7250,990.6750,967.2750,1023.0750,945.0000,1006.8750
340,fish,0.5640,954.7313,699.6938,1008.3937,739.1812,981.5625,719.4375
340,fish,0.5322,630.3937,997.9875,677.9813,1030.3875,654.1875,1014.1875
341,fish,0.7217,496.4062,574.2563,541.9688,623.8687,519.1875,599.0625
341,fish,0.7139,479.4187,866.4750,533.0812,911.0250,506.2500,888.7500
341,fish,0.7080,114.1523,1219.2750,161.6133,1255.7250,137.8828,1237.5000
341,fish,0.6929,231.5813,920.1375,279.1687,958.6125,255.3750,939.3750
341,fish,0.6826,230.3016,377.1562,282.6984,417.6562,256.5000,397.4062
341,fish,0.6558,618.3000,274.2750,670.9500,315.7875,644.6250,295.0312
341,fish,0.6548,216.1125,687.0375,273.8250,731.5875,244.9688,709.3125
341,fish,0.6479,752.2875,671.1750,806.9625,723.8250,779.6250,697.5000
341,fish,0.6440,485.3813,1239.5250,534.9937,1275.9750,510.1875,1257.7500
341,fish,0.6416,485.4937,310.8938,537.1313,348.3562,511.3125,329.6250
341,fish,0.6406,973.5750,401.9625,1022.1750,438.4125,997.8750,420.1875
341,fish,0.6353,728.6625,1239.9750,783.3375,1284.5250,756.0000,1262.2500
341,fish,0.6343,856.9125,1235.4750,911.5875,1280.0250,884.2500,1257.7500
341,fish,0.5698,954.6750,700.7625,1007.3250,739.2375,981.0000,720.0000
341,fish,0.5669,924.8625,989.6063,967.3875,1023.0187,946.1250,1006.3125
341,fish,0.5322,630.4500,998.5500,679.0500,1030.9500,654.7500,1014.7500
342,fish,0.7310,227.1375,910.5750,275.7375,949.0500,251.4375,929.8125
342,fish,0.7168,104.8430,1226.0250,151.7977,1262.4750,128.3203,1244.2500
342,fish,0.7104,487.0125,574.0875,535.6125,620.6625,511.3125,597.3750
342,fish,0.7090,227.1937,381.5719,279.3375,420.5531,253.2656,401.0625
342,fish,0.7075,487.6313,864.1125,537.2437,906.6375,512.4375,885.3750
342,fish,0.6748,755.6625,659.7563,810.3375,709.3687,783.0000,684.5625
342,fish,0.6680,489.2063,306.8438,536.7938,342.2812,513.0000,324.5625
342,fish,0.6567,618.3000,275.2523,670.9500,316.6383,644.6250,295.9453
342,fish,0.6567,214.1719,687.6000,272.3906,732.1500,243.2812,709.8750
342,fish,0.6558,491.9625,1236.1500,538.5375,1272.6000,515.2500,1254.3750
342,fish,0.6436,973.5750,401.4281,1022.1750,438.3844,997.8750,419.9062
342,fish,0.6387,856.9125,1235.4750,911.5875,1280.0250,884.2500,1257.7500
342,fish,0.6372,728.0438,1240.9875,781.7062,1283.5125,754.8750,1262.2500
342,fish,0.5928,924.8625,990.1125,967.3875,1022.5125,946.1250,1006.3125
342,fish,0.5708,953.5500,700.7625,1006.2000,739.2375,979.8750,720.0000
342,fish,0.5273,630.4500,998.5500,679.0500,1030.9500,654.7500,1014.7500
343,fish,0.7339,228.2906,906.6375,277.3969,945.1125,252.8438,925.8750
343,fish,0.7217,481.4719,571.9500,531.5906,620.5500,506.5312,596.2500
343,fish,0.7041,492.8062,848.9813,539.3813,892.5187,516.0938,870.7500
343,fish,0.6909,752.2875,649.8000,806.9625,702.4500,779.6250,676.1250
343,fish,0.6826,495.4781,1232.7750,539.5219,1269.2250,517.5000,1251.0000
343,fish,0.6816,221.8922,385.7625,274.7953,424.2375,248.3438,405.0000
343,fish,0.6665,489.2625,309.6562,537.8625,345.0938,513.5625,327.3750
343,fish,0.6504,95.6250,1230.5250,143.7188,1266.9750,119.6719,1248.7500
343,fish,0.6479,212.5125,687.9937,266.1750,729.5063,239.3438,708.7500
343,fish,0.6450,618.4125,275.9625,673.0875,317.4750,645.7500,296.7188
343,fish,0.6440,973.5750,401.1469,1022.1750,438.1031,997.8750,419.6250
343,fish,0.6436,856.9125,1235.4750,911.5875,1280.0250,884.2500,1257.7500
343,fish,0.6216,726.4125,1238.7375,781.0875,1281.2625,753.7500,1260.0000
343,fish,0.5947,924.8625,989.5500,967.3875,1021.9500,946.1250,1005.7500
343,fish,0.5659,953.5500,700.7625,1006.2000,739.2375,979.8750,720.0000
343,fish,0.5215,630.4500,997.9875,679.0500,1030.3875,654.7500,1014.1875
344,fish,0.7295,486.0000,317.3062,536.6250,353.7563,511.3125,335.5312
344,fish,0.7295,492.4688,1223.7750,538.0312,1260.2250,515.2500,1242.0000
344,fish,0.7266,224.1844,390.5437,275.3156,429.0188,249.7500,409.7812
344,fish,0.7075,491.4563,830.5875,539.0438,877.1625,515.2500,853.8750
344,fish,0.6909,212.8781,681.7500,262.9969,722.2500,237.9375,702.0000
344,fish,0.6875,225.6328,916.6500,274.9922,953.1000,250.3125,934.8750
344,fish,0.6870,751.1625,647.5500,805.8375,700.2000,778.5000,673.8750
344,fish,0.6841,616.1625,272.8969,670.8375,314.9156,643.5000,293.9062
344,fish,0.6636,93.4453,1230.5250,140.2734,1266.9750,116.8594,1248.7500
344,fish,0.6489,856.9125,1236.6000,911.5875,1281.1500,884.2500,1258.8750
344,fish,0.6479,974.7000,400.5562,1023.3000,437.0063,999.0000,418.7812
344,fish,0.6196,468.6750,576.8297,521.3250,627.2016,495.0000,602.0156
344,fish,0.6069,725.8500,1235.4750,780.5250,1280.0250,753.1875,1257.7500
344,fish,0.6001,925.9875,990.1125,968.5125,1022.5125,947.2500,1006.3125
344,fish,0.5630,952.9875,700.7625,1005.6375,739.2375,979.3125,720.0000
344,fish,0.5342,630.4500,998.5500,679.0500,1030.9500,654.7500,1014.7500
345,fish,0.7578,227.4187,932.9625,276.0188,969.4125,251.7188,951.1875
345,fish,0.7153,486.0562,327.2625,537.6938,365.7375,511.8750,346.5000
345,fish,0.7090,213.0609,677.3625,263.9391,719.8875,238.5000,698.6250
345,fish,0.6992,226.8000,405.3375,276.9187,441.7875,251.8594,423.5625
345,fish,0.6860,724.0500,1235.2500,776.7000,1275.7500,750.3750,1255.5000
345,fish,0.6807,456.7500,591.1875,507.3750,641.8125,482.0625,616.5000
345,fish,0.6782,749.4750,648.6750,804.1500,701.3250,776.8125,675.0000
345,fish,0.6636,613.9125,271.1250,668.5875,311.6250,641.2500,291.3750
345,fish,0.6538,489.4875,1213.7625,537.0750,1252.2375,513.2812,1233.0000
345,fish,0.6489,974.0812,400.8656,1021.6688,437.8219,997.8750,419.3438
345,fish,0.6426,856.9125,1235.4750,911.5875,1280.0250,884.2500,1257.7500
345,fish,0.6372,91.3641,1229.4000,138.6984,1265.8500,115.0312,1247.6250
345,fish,0.6187,489.7406,823.7250,536.8219,868.2750,513.2812,846.0000
345,fish,0.6113,924.8625,990.6750,967.3875,1023.0750,946.1250,1006.8750
345,fish,0.5659,952.4250,700.7625,1005.0750,739.2375,978.7500,720.0000
345,fish,0.5342,631.5187,999.0562,679.1063,1030.4437,655.3125,1014.7500
346,fish,0.7563,212.8500,675.0562,262.4625,716.5688,237.6562,695.8125
346,fish,0.7168,481.1062,337.6125,534.7687,380.1375,507.9375,358.8750
346,fish,0.7090,226.5750,949.2750,275.1750,985.7250,250.8750,967.5000
346,fish,0.7090,720.7875,1235.3625,775.4625,1277.8875,748.1250,1256.6250
346,fish,0.6792,441.7312,613.6313,495.3938,663.2437,468.5625,638.4375
346,fish,0.6724,747.7313,648.6750,801.3937,701.3250,774.5625,675.0000
346,fish,0.6680,222.2719,416.3625,274.4156,453.8250,248.3438,435.0938
346,fish,0.6538,974.5875,400.8375,1021.1625,437.2875,997.8750,419.0625
346,fish,0.6514,613.3500,268.0312,668.0250,308.5312,640.6875,288.2812
346,fish,0.6440,490.3031,1210.2750,537.3844,1246.7250,513.8438,1228.5000
346,fish,0.6333,856.9125,1235.4750,911.5875,1280.0250,884.2500,1257.7500
346,fish,0.6226,489.2063,824.8500,536.7938,869.4000,513.0000,847.1250
346,fish,0.6133,924.3563,990.6750,967.8937,1023.0750,946.1250,1006.8750
346,fish,0.6021,88.0875,1226.2500,137.1937,1266.7500,112.6406,1246.5000
346,fish,0.5449,953.4375,700.6500,1004.0625,737.1000,978.7500,718.8750
346,fish,0.5391,631.5750,999.5625,680.1750,1029.9375,655.8750,1014.7500
347,fish,0.7690,223.2000,961.6500,271.8000,998.1000,247.5000,979.8750
347,fish,0.7534,480.0938,353.3062,535.7812,394.8188,507.9375,374.0625
347,fish,0.7217,213.0750,676.0688,261.6750,715.5562,237.3750,695.8125
347,fish,0.7041,719.6625,1236.4875,774.3375,1279.0125,747.0000,1257.7500
347,fish,0.6875,430.5375,634.3875,485.2125,682.9875,457.8750,658.6875
347,fish,0.6772,748.8000,644.1750,801.4500,696.8250,775.1250,670.5000
347,fish,0.6704,222.4688,419.7375,273.0938,457.2000,247.7812,438.4688
347,fish,0.6689,80.8875,1219.6125,129.4875,1262.1375,105.1875,1240.8750
347,fish,0.6577,613.9125,270.5906,668.5875,311.5969,641.2500,291.0938
347,fish,0.6577,974.5875,400.8375,1021.1625,437.2875,997.8750,419.0625
347,fish,0.6387,856.9125,1235.4750,911.5875,1280.0250,884.2500,1257.7500
347,fish,0.6299,487.5750,826.5375,536.1750,871.0875,511.8750,848.8125
347,fish,0.6187,924.8625,990.6750,967.3875,1023.0750,946.1250,1006.8750
347,fish,0.6104,490.8094,1209.1500,536.8781,1245.6000,513.8438,1227.3750
347,fish,0.5508,952.8750,700.6500,1003.5000,737.1000,978.1875,718.8750
347,fish,0.5410,631.5187,999.0562,679.1063,1030.4437,655.3125,1014.7500
348,fish,0.7881,224.0156,972.9000,272.1094,1009.3500,248.0625,991.1250
348,fish,0.7476,212.8781,676.0125,260.4656,714.4875,236.6719,695.2500
348,fish,0.7266,423.0562,651.7125,474.6938,698.2875,448.8750,675.0000
348,fish,0.7124,476.7750,361.8562,533.4750,405.3938,505.1250,383.6250
348,fish,0.6943,615.6000,272.8687,670.2750,314.3813,642.9375,293.6250
348,fish,0.6748,748.8000,640.6875,801.4500,691.3125,775.1250,666.0000
348,fish,0.6665,717.4125,1237.6125,772.0875,1280.1375,744.7500,1258.8750
348,fish,0.6567,223.0031,419.7375,273.1219,457.2000,248.0625,438.4688
348,fish,0.6548,974.5875,401.3719,1021.1625,437.3156,997.8750,419.3438
348,fish,0.6494,78.6797,1210.5000,125.5078,1251.0000,102.0938,1230.7500
348,fish,0.6450,857.4188,1235.4750,911.0812,1280.0250,884.2500,1257.7500
348,fish,0.6426,493.4812,1210.2750,537.0187,1246.7250,515.2500,1228.5000
348,fish,0.6426,484.3125,827.1000,534.9375,871.6500,509.6250,849.3750
348,fish,0.6235,924.8625,990.6750,967.3875,1023.0750,946.1250,1006.8750
348,fish,0.5371,632.0812,999.5625,679.6688,1029.9375,655.8750,1014.7500
348,fish,0.5146,953.4375,700.6500,1004.0625,737.1000,978.7500,718.8750
349,fish,0.7461,76.8937,1200.3750,124.4813,1240.8750,100.6875,1220.6250
349,fish,0.7280,213.8063,675.9562,260.3813,713.4188,237.0938,694.6875
349,fish,0.7007,475.0875,369.6469,531.7875,411.6656,503.4375,390.6562
349,fish,0.6958,616.7250,275.4000,671.4000,316.9125,644.0625,296.1562
349,fish,0.6875,748.8000,641.7000,801.4500,690.3000,775.1250,666.0000
349,fish,0.6733,416.8687,666.6750,468.5063,709.2000,442.6875,687.9375
349,fish,0.6567,495.9281,1216.9125,537.9469,1251.3375,516.9375,1234.1250
349,fish,0.6523,224.3531,418.3875,273.4594,456.8625,248.9062,437.6250
349,fish,0.6523,228.7969,977.4000,274.3594,1013.8500,251.5781,995.6250
349,fish,0.6504,975.1500,401.4000,1021.7250,437.8500,998.4375,419.6250
349,fish,0.6479,714.1500,1239.9750,770.8500,1284.5250,742.5000,1262.2500
349,fish,0.6426,856.9125,1235.4750,911.5875,1280.0250,884.2500,1257.7500
349,fish,0.6177,925.3687,991.7437,966.8813,1023.1313,946.1250,1007.4375
349,fish,0.5972,955.5750,696.2625,1004.1750,734.7375,979.8750,715.5000
349,fish,0.5947,489.2063,837.0000,536.7938,877.5000,513.0000,857.2500
349,fish,0.5439,631.5187,999.5625,679.1063,1029.9375,655.3125,1014.7500
350,fish,0.7310,415.1812,675.0000,466.8188,715.5000,441.0000,695.2500
350,fish,0.7075,617.2875,276.3773,671.9625,317.7633,644.6250,297.0703
350,fish,0.7056,76.9008,1190.2500,122.0836,1230.7500,99.4922,1210.5000
350,fish,0.6958,212.8781,678.2625,260.4656,716.7375,236.6719,697.5000
350,fish,0.6909,476.4375,366.1875,532.1250,406.6875,504.2812,386.4375
350,fish,0.6875,495.1125,1219.2750,537.6375,1255.7250,516.3750,1237.5000
350,fish,0.6826,231.9469,973.9125,275.9906,1008.3375,253.9688,991.1250
350,fish,0.6699,855.7875,1236.6000,910.4625,1281.1500,883.1250,1258.8750
350,fish,0.6470,228.6281,413.3250,278.7469,451.8000,253.6875,432.5625
350,fish,0.6470,713.0250,1239.9750,769.7250,1284.5250,741.3750,1262.2500
350,fish,0.6450,483.8062,843.3563,535.4438,886.8937,509.6250,865.1250
350,fish,0.6333,974.7000,401.9625,1023.3000,438.4125,999.0000,420.1875
350,fish,0.6323,744.3563,642.9937,798.0187,694.6313,771.1875,668.8125
350,fish,0.6250,954.4500,695.1375,1003.0500,733.6125,978.7500,714.3750
350,fish,0.6187,927.1125,991.1812,969.6375,1022.5688,948.3750,1006.8750
350,fish,0.5479,631.4625,999.0562,678.0375,1030.4437,654.7500,1014.7500
351,fish,0.7993,76.2961,1181.2500,123.2508,1221.7500,99.7734,1201.5000
351,fish,0.7534,492.7219,1227.1500,537.7781,1263.6000,515.2500,1245.3750
351,fish,0.7231,614.5875,273.7125,671.2875,315.2250,642.9375,294.4688
351,fish,0.6992,232.7063,949.9500,280.2937,988.4250,256.5000,969.1875
351,fish,0.6943,481.1062,358.8750,534.7687,399.3750,507.9375,379.1250
351,fish,0.6943,484.3687,859.7250,536.0063,904.2750,510.1875,882.0000
351,fish,0.6909,213.3000,677.1375,260.8875,715.6125,237.0938,696.3750
351,fish,0.6909,744.4125,653.0625,799.0875,703.6875,771.7500,678.3750
351,fish,0.6816,414.3094,677.2500,465.4406,717.7500,439.8750,697.5000
351,fish,0.6636,855.7875,1236.6000,910.4625,1281.1500,883.1250,1258.8750
351,fish,0.6396,713.0812,1239.9750,770.7938,1284.5250,741.9375,1262.2500
351,fish,0.6377,953.3250,694.0125,1001.9250,732.4875,977.6250,713.2500
351,fish,0.6318,974.7000,401.4563,1023.3000,438.9187,999.0000,420.1875
351,fish,0.6187,230.0625,399.8813,280.6875,439.3687,255.3750,419.6250
351,fish,0.6177,926.6063,991.1812,970.1437,1022.5688,948.3750,1006.8750
351,fish,0.5371,631.5187,999.0562,679.1063,1030.4437,655.3125,1014.7500
352,fish,0.7891,79.4180,1178.8875,124.3477,1217.3625,101.8828,1198.1250
352,fish,0.7266,612.9000,271.7156,669.6000,312.7219,641.2500,292.2188
352,fish,0.7026,212.8781,677.1375,260.4656,715.6125,236.6719,696.3750
352,fish,0.6841,231.0469,931.5000,279.1406,972.0000,255.0938,951.7500
352,fish,0.6802,485.1000,341.0437,539.7750,384.5813,512.4375,362.8125
352,fish,0.6782,227.6438,393.6938,280.2937,433.1812,253.9688,413.4375
352,fish,0.6748,483.9187,882.8438,537.5812,928.4062,510.7500,905.6250
352,fish,0.6733,948.9375,695.6437,999.5625,733.1063,974.2500,714.3750
352,fish,0.6646,856.3500,1235.4750,911.0250,1280.0250,883.6875,1257.7500
352,fish,0.6621,490.8375,1232.7750,537.4125,1269.2250,514.1250,1251.0000
352,fish,0.6489,416.2781,682.9312,462.3469,724.4438,439.3125,703.6875
352,fish,0.6396,713.0812,1239.9750,770.7938,1284.5250,741.9375,1262.2500
352,fish,0.6377,744.3563,662.0625,798.0187,712.6875,771.1875,687.3750
352,fish,0.6299,974.7000,402.5813,1023.3000,440.0437,999.0000,421.3125
352,fish,0.6235,926.6063,990.6750,970.1437,1023.0750,948.3750,1006.8750
352,fish,0.5215,630.4500,999.0562,679.0500,1030.4437,654.7500,1014.7500
353,fish,0.7705,80.9930,1180.0125,126.4289,1218.4875,103.7109,1199.2500
353,fish,0.7217,484.6500,909.2812,536.2875,954.8438,510.4688,932.0625
353,fish,0.7153,212.4984,677.1375,260.8453,715.6125,236.6719,696.3750
353,fish,0.7056,229.5281,387.4500,280.6594,425.9250,255.0938,406.6875
353,fish,0.7041,612.3937,268.3687,670.1063,309.8813,641.2500,289.1250
353,fish,0.6870,230.3438,924.6375,278.4375,963.1125,254.3906,943.8750
353,fish,0.6738,856.9125,1236.6000,911.5875,1281.1500,884.2500,1258.8750
353,fish,0.6626,486.7875,320.9625,541.4625,362.4750,514.1250,341.7188
353,fish,0.6577,947.8125,696.1500,998.4375,732.6000,973.1250,714.3750
353,fish,0.6396,713.0812,1239.9750,770.7938,1284.5250,741.9375,1262.2500
353,fish,0.6309,974.7000,402.5813,1023.3000,440.0437,999.0000,421.3125
353,fish,0.6309,742.7250,672.4125,797.4000,727.0875,770.0625,699.7500
353,fish,0.6299,924.9750,990.6750,969.5250,1023.0750,947.2500,1006.8750
353,fish,0.6299,417.2625,679.8375,465.8625,726.4125,441.5625,703.1250
353,fish,0.6196,490.3875,1244.0250,538.9875,1280.4750,514.6875,1262.2500
353,fish,0.5195,631.5187,999.5625,679.1063,1029.9375,655.3125,1014.7500
354,fish,0.7402,84.4031,1185.5250,130.4719,1221.9750,107.4375,1203.7500
354,fish,0.7056,211.1344,676.1250,260.2406,716.6250,235.6875,696.3750
354,fish,0.6958,231.6094,381.0938,279.7031,416.5312,255.6562,398.8125
354,fish,0.6860,611.8312,266.6531,669.5438,307.6594,640.6875,287.1562
354,fish,0.6665,428.0063,677.4750,477.6187,722.0250,452.8125,699.7500
354,fish,0.6621,486.5625,939.0375,537.1875,983.5875,511.8750,961.3125
354,fish,0.6592,856.9125,1235.4750,911.5875,1280.0250,884.2500,1257.7500
354,fish,0.6504,947.2500,696.1500,997.8750,732.6000,972.5625,714.3750
354,fish,0.6504,226.3922,915.5250,274.2328,951.9750,250.3125,933.7500
354,fish,0.6494,487.7437,301.8938,539.3813,339.3562,513.5625,320.6250
354,fish,0.6406,713.0812,1239.9750,770.7938,1284.5250,741.9375,1262.2500
354,fish,0.6343,740.1375,681.5250,798.8625,738.2250,769.5000,709.8750
354,fish,0.6343,974.7000,402.5813,1023.3000,440.0437,999.0000,421.3125
354,fish,0.6343,487.0969,1256.4000,537.2156,1292.8500,512.1562,1274.6250
354,fish,0.6177,924.9188,991.7437,968.4562,1023.1313,946.6875,1007.4375
354,fish,0.5195,631.5187,999.0562,679.1063,1030.4437,655.3125,1014.7500
355,fish,0.7139,211.3875,676.6313,259.9875,716.1187,235.6875,696.3750
355,fish,0.7056,610.7625,266.3719,669.4875,307.3781,640.1250,286.8750
355,fish,0.7041,86.5687,1187.8875,133.6500,1226.3625,110.1094,1207.1250
355,fish,0.6851,486.6750,286.2563,539.3250,325.7437,513.0000,306.0000
355,fish,0.6851,228.2766,916.7625,274.5984,955.2375,251.4375,936.0000
355,fish,0.6841,480.5437,959.2313,534.2062,1002.7687,507.3750,981.0000
355,fish,0.6768,231.3562,377.1000,279.9563,411.5250,255.6562,394.3125
355,fish,0.6626,856.9125,1235.4750,911.5875,1280.0250,884.2500,1257.7500
355,fish,0.6611,947.2500,695.0812,997.8750,732.5438,972.5625,713.8125
355,fish,0.6582,441.1125,674.2125,493.7625,720.7875,467.4375,697.5000
355,fish,0.6494,739.0125,683.6625,797.7375,738.3375,768.3750,711.0000
355,fish,0.6362,974.7000,402.0188,1023.3000,439.4812,999.0000,420.7500
355,fish,0.6343,713.0812,1240.9875,770.7938,1283.5125,741.9375,1262.2500
355,fish,0.6333,491.1469,1255.2750,538.2281,1291.7250,514.6875,1273.5000
355,fish,0.6162,924.9188,991.7437,968.4562,1023.1313,946.6875,1007.4375
355,fish,0.5371,630.9562,998.5500,678.5438,1030.9500,654.7500,1014.7500
356,fish,0.7310,226.8000,927.0000,274.3875,967.5000,250.5938,947.2500
356,fish,0.7090,485.0437,278.4937,538.7062,320.0063,511.8750,299.2500
356,fish,0.7026,212.3156,672.7500,259.9031,713.2500,236.1094,693.0000
356,fish,0.6929,609.5250,266.3719,666.2250,307.3781,637.8750,286.8750
356,fish,0.6860,493.1438,1247.4000,540.7313,1283.8500,516.9375,1265.6250
356,fish,0.6826,230.7656,381.0938,278.8594,416.5312,254.8125,398.8125
356,fish,0.6680,478.4906,977.7375,530.6344,1020.2625,504.5625,999.0000
356,fish,0.6626,87.8766,1192.5000,133.1859,1233.0000,110.5312,1212.7500
356,fish,0.6611,946.6875,695.6437,997.3125,733.1063,972.0000,714.3750
356,fish,0.6494,456.2156,679.7250,507.3469,724.2750,481.7812,702.0000
356,fish,0.6494,860.1750,1237.6125,912.8250,1280.1375,886.5000,1258.8750
356,fish,0.6396,974.7000,401.4563,1023.3000,438.9187,999.0000,420.1875
356,fish,0.6318,713.0812,1240.9875,770.7938,1283.5125,741.9375,1262.2500
356,fish,0.6152,924.9188,990.6750,968.4562,1023.0750,946.6875,1006.8750
356,fish,0.6094,739.0688,681.3000,798.8062,733.9500,768.9375,707.6250
356,fish,0.5361,630.4500,998.5500,679.0500,1030.9500,654.7500,1014.7500
357,fish,0.7705,227.9391,944.7750,275.7797,981.2250,251.8594,963.0000
357,fish,0.7139,85.2609,1203.6375,129.0516,1242.1125,107.1562,1222.8750
357,fish,0.6943,488.8406,276.1031,539.9719,315.0844,514.4062,295.5938
357,fish,0.6943,493.5938,1229.4000,539.1562,1265.8500,516.3750,1247.6250
357,fish,0.6782,606.2625,265.8094,664.9875,306.8156,635.6250,286.3125
357,fish,0.6748,230.8219,384.4688,279.9281,419.9062,255.3750,402.1875
357,fish,0.6636,475.4250,988.8750,528.0750,1029.3750,501.7500,1009.1250
357,fish,0.6489,947.8125,696.7687,998.4375,734.2313,973.1250,715.5000
357,fish,0.6416,975.2062,401.4563,1022.7938,438.9187,999.0000,420.1875
357,fish,0.6396,468.1406,684.3937,521.2969,731.9813,494.7188,708.1875
357,fish,0.6377,713.0812,1239.9750,770.7938,1284.5250,741.9375,1262.2500
357,fish,0.6152,744.5250,678.5438,801.2250,732.2062,772.8750,705.3750
357,fish,0.6143,210.9094,668.3625,263.5594,710.8875,237.2344,689.6250
357,fish,0.6094,925.4813,990.6750,969.0187,1023.0750,947.2500,1006.8750
357,fish,0.6001,858.9937,1237.6125,910.6313,1280.1375,884.8125,1258.8750
357,fish,0.5293,630.4500,998.5500,679.0500,1030.9500,654.7500,1014.7500
358,fish,0.7661,224.0719,959.4000,273.1781,995.8500,248.6250,977.6250
358,fish,0.6978,754.5375,660.9937,809.2125,712.6313,781.8750,686.8125
358,fish,0.6909,605.1375,266.6531,663.8625,307.6594,634.5000,287.1562
358,fish,0.6826,490.8656,1221.5250,537.9469,1257.9750,514.4062,1239.7500
358,fish,0.6792,232.2000,387.9000,280.8000,424.3500,256.5000,406.1250
358,fish,0.6665,471.6562,991.6313,527.3438,1031.1188,499.5000,1011.3750
358,fish,0.6479,480.4875,691.6500,533.1375,738.2250,506.8125,714.9375
358,fish,0.6450,974.7000,401.4281,1023.3000,438.3844,999.0000,419.9062
358,fish,0.6440,714.1500,1240.9875,770.8500,1283.5125,742.5000,1262.2500
358,fish,0.6396,947.8125,697.8375,998.4375,734.2875,973.1250,716.0625
358,fish,0.6196,79.6359,1218.1500,123.4266,1254.6000,101.5312,1236.3750
358,fish,0.6187,925.4813,991.1812,969.0187,1022.5688,947.2500,1006.8750
358,fish,0.5840,857.9250,1236.4875,910.5750,1279.0125,884.2500,1257.7500
358,fish,0.5806,206.4656,660.4875,257.5969,703.0125,232.0312,681.7500
358,fish,0.5640,490.1625,269.2969,539.7750,307.2656,514.9688,288.2812
358,fish,0.5156,630.4500,998.5500,679.0500,1030.9500,654.7500,1014.7500
359,fish,0.8008,223.4109,970.6500,270.7453,1007.1000,247.0781,988.8750
359,fish,0.7461,753.4125,636.3000,808.0875,688.9500,780.7500,662.6250
359,fish,0.7026,603.9562,268.0594,661.6688,309.0656,632.8125,288.5625
359,fish,0.6724,205.5938,658.1250,256.2188,698.6250,230.9062,678.3750
359,fish,0.6655,233.6625,394.1719,283.2750,432.1406,258.4688,413.1562
359,fish,0.6611,488.0250,695.4750,539.6625,740.0250,513.8438,717.7500
359,fish,0.6592,713.0812,1240.9875,770.7938,1283.5125,741.9375,1262.2500
359,fish,0.6567,489.2063,974.2500,536.7938,1014.7500,513.0000,994.5000
359,fish,0.6504,974.7000,401.4000,1023.3000,437.8500,999.0000,419.6250
359,fish,0.6489,946.6875,698.4000,997.3125,734.8500,972.0000,716.6250
359,fish,0.6440,490.2750,1214.7750,536.8500,1251.2250,513.5625,1233.0000
359,fish,0.6152,925.4813,990.6750,969.0187,1023.0750,947.2500,1006.8750
359,fish,0.6123,79.0734,1224.9000,124.1297,1261.3500,101.6016,1243.1250
359,fish,0.5669,861.1313,1234.1250,910.7437,1274.6250,885.9375,1254.3750
359,fish,0.5581,493.6500,263.3344,540.2250,300.2906,516.9375,281.8125
359,fish,0.5107,630.4500,998.5500,679.0500,1030.9500,654.7500,1014.7500
360,fish,0.7217,489.9375,943.4813,540.5625,987.0187,515.2500,965.2500
360,fish,0.7041,230.6953,403.4250,282.5859,440.8875,256.6406,422.1562
360,fish,0.6885,601.1437,269.0648,658.8563,310.4508,630.0000,289.7578
360,fish,0.6724,974.7000,400.2750,1023.3000,436.7250,999.0000,418.5000
360,fish,0.6670,750.0375,615.6000,804.7125,670.2750,777.3750,642.9375
360,fish,0.6602,202.8094,655.8750,253.9406,696.3750,228.3750,676.1250
360,fish,0.6377,713.0812,1239.9750,770.7938,1284.5250,741.9375,1262.2500
360,fish,0.6372,489.6562,693.3375,540.2812,739.9125,514.9688,716.6250
360,fish,0.6372,946.6875,698.4000,997.3125,734.8500,972.0000,716.6250
360,fish,0.6299,79.2562,1223.7750,123.8063,1260.2250,101.5312,1242.0000
360,fish,0.6196,487.5188,1213.6500,535.1063,1250.1000,511.3125,1231.8750
360,fish,0.6162,494.7750,260.5500,541.3500,298.0125,518.0625,279.2812
360,fish,0.6143,924.9750,991.8000,969.5250,1024.2000,947.2500,1008.0000
360,fish,0.6104,229.7812,976.2188,275.3438,1011.6562,252.5625,993.9375
360,fish,0.5679,861.1875,1233.0000,911.8125,1273.5000,886.5000,1253.2500
360,fish,0.5117,630.3937,999.5625,677.9813,1029.9375,654.1875,1014.7500
361,fish,0.7090,487.9688,915.9188,538.5938,959.4562,513.2812,937.6875
361,fish,0.6943,487.0688,1217.2500,536.6812,1257.7500,511.8750,1237.5000
361,fish,0.6680,600.5250,268.7414,657.2250,309.3680,628.8750,289.0547
361,fish,0.6646,746.6625,603.7875,801.3375,658.4625,774.0000,631.1250
361,fish,0.6646,233.2125,959.2875,279.7875,993.7125,256.5000,976.5000
361,fish,0.6582,712.5187,1240.9875,770.2313,1283.5125,741.3750,1262.2500
361,fish,0.6577,975.8250,400.2750,1024.4250,436.7250,1000.1250,418.5000
361,fish,0.6577,200.4047,654.1875,251.2828,694.6875,225.8438,674.4375
361,fish,0.6479,228.4031,413.3813,279.5344,452.8687,253.9688,433.1250
361,fish,0.6387,946.6875,698.4000,997.3125,734.8500,972.0000,716.6250
361,fish,0.6279,80.0016,1223.7750,125.3109,1260.2250,102.6562,1242.0000
361,fish,0.6187,483.8625,692.8312,536.5125,740.4188,510.1875,716.6250
361,fish,0.6113,924.9750,990.6750,969.5250,1023.0750,947.2500,1006.8750
361,fish,0.5957,493.5938,260.7328,539.1562,296.4234,516.3750,278.5781
361,fish,0.5537,862.4250,1233.0000,915.0750,1273.5000,888.7500,1253.2500
361,fish,0.5107,630.9562,999.5625,678.5438,1029.9375,654.7500,1014.7500
362,fish,0.7280,487.9688,893.9813,538.5938,937.5187,513.2812,915.7500
362,fish,0.7007,231.8344,938.0812,278.9156,975.5438,255.3750,956.8125
362,fish,0.6768,490.0219,1232.7750,537.1031,1269.2250,513.5625,1251.0000
362,fish,0.6714,596.0812,267.9398,653.7938,309.3258,624.9375,288.6328
362,fish,0.6621,196.6219,652.5000,247.7531,693.0000,222.1875,672.7500
362,fish,0.6582,974.7000,400.8375,1023.3000,437.2875,999.0000,419.0625
362,fish,0.6577,712.0125,1239.9750,770.7375,1284.5250,741.3750,1262.2500
362,fish,0.6523,743.2875,598.0500,797.9625,650.7000,770.6250,624.3750
362,fish,0.6479,226.4906,415.6313,278.6344,455.1187,252.5625,435.3750
362,fish,0.6387,946.6875,698.4000,997.3125,734.8500,972.0000,716.6250
362,fish,0.6123,924.9750,991.7437,969.5250,1023.1313,947.2500,1007.4375
362,fish,0.6074,84.5016,1222.7625,128.5453,1261.2375,106.5234,1242.0000
362,fish,0.5898,483.7500,691.2000,534.3750,739.8000,509.0625,715.5000
362,fish,0.5669,867.9375,1227.4875,918.5625,1270.0125,893.2500,1248.7500
362,fish,0.5225,630.4500,999.6187,679.0500,1031.0062,654.7500,1015.3125
362,fish,0.4805,490.5844,265.7391,537.6656,300.4172,514.1250,283.0781
363,fish,0.7402,482.1187,884.1375,533.7563,922.6125,507.9375,903.3750
363,fish,0.6919,231.3000,924.0187,278.8875,961.4813,255.0938,942.7500
363,fish,0.6792,593.8312,266.9766,651.5438,308.7422,622.6875,287.8594
363,fish,0.6577,712.0125,1239.9750,770.7375,1284.5250,741.3750,1262.2500
363,fish,0.6567,974.7000,400.3313,1023.3000,437.7937,999.0000,419.0625
363,fish,0.6533,192.0516,651.3750,244.4484,691.8750,218.2500,671.6250
363,fish,0.6514,226.4344,415.8562,277.5656,454.3313,252.0000,435.0938
363,fish,0.6426,741.1500,596.4750,797.8500,651.1500,769.5000,623.8125
363,fish,0.6362,488.7281,1244.0250,537.8344,1280.4750,513.2812,1262.2500
363,fish,0.6289,870.1875,1226.3625,920.8125,1268.8875,895.5000,1247.6250
363,fish,0.6279,945.5625,698.4000,996.1875,734.8500,970.8750,716.6250
363,fish,0.6162,475.0875,691.1437,526.7250,738.7313,500.9062,714.9375
363,fish,0.6084,924.8625,991.7437,967.3875,1023.1313,946.1250,1007.4375
363,fish,0.5806,486.3094,271.2656,537.4406,309.2344,511.8750,290.2500
363,fish,0.5767,89.1211,1219.2750,134.0508,1255.7250,111.5859,1237.5000
363,fish,0.5332,630.3937,999.6187,677.9813,1031.0062,654.1875,1015.3125
364,fish,0.6826,593.8875,266.9906,652.6125,309.0094,623.2500,288.0000
364,fish,0.6807,737.7750,595.9125,794.4750,650.5875,766.1250,623.2500
364,fish,0.6802,487.1812,280.3219,538.8188,319.3031,513.0000,299.8125
364,fish,0.6665,479.4469,888.3563,533.6156,931.8937,506.5312,910.1250
364,fish,0.6655,455.4281,699.7500,507.5719,740.2500,481.5000,720.0000
364,fish,0.6646,227.1937,415.5188,276.8062,452.9812,252.0000,434.2500
364,fish,0.6621,974.7000,400.3031,1023.3000,437.2594,999.0000,418.7812
364,fish,0.6602,189.9000,651.3750,241.5375,691.8750,215.7188,671.6250
364,fish,0.6494,714.1500,1239.9750,770.8500,1284.5250,742.5000,1262.2500
364,fish,0.6406,873.0562,1226.4750,924.6938,1271.0250,898.8750,1248.7500
364,fish,0.6372,226.1391,919.5187,274.4859,956.9813,250.3125,938.2500
364,fish,0.6353,945.5625,698.4000,996.1875,734.8500,970.8750,716.6250
364,fish,0.6216,487.6313,1251.9000,537.2437,1288.3500,512.4375,1270.1250
364,fish,0.6123,924.9188,991.7437,968.4562,1023.1313,946.6875,1007.4375
364,fish,0.6104,95.1891,1219.6125,143.0297,1262.1375,119.1094,1240.8750
364,fish,0.5293,630.4500,998.5500,679.0500,1030.9500,654.7500,1014.7500
365,fish,0.7202,224.3250,920.0250,272.9250,956.4750,248.6250,938.2500
365,fish,0.7202,97.9594,1219.5000,147.5719,1260.0000,122.7656,1239.7500
365,fish,0.7188,483.3562,908.1000,537.0187,952.6500,510.1875,930.3750
365,fish,0.7002,184.2891,649.6313,236.1797,689.1187,210.2344,669.3750
365,fish,0.6841,735.6375,598.0500,794.3625,650.7000,765.0000,624.3750
365,fish,0.6772,590.5125,266.4141,649.2375,308.1797,619.8750,287.2969
365,fish,0.6626,975.8250,399.4312,1024.4250,435.8813,1000.1250,417.6562
365,fish,0.6567,437.7937,698.6250,491.4563,739.1250,464.6250,718.8750
365,fish,0.6494,714.1500,1239.9750,770.8500,1284.5250,742.5000,1262.2500
365,fish,0.6416,945.5063,698.4000,995.1187,734.8500,970.3125,716.6250
365,fish,0.6387,488.7563,1255.2750,538.3687,1291.7250,513.5625,1273.5000
365,fish,0.6387,490.5000,298.5188,541.1250,335.9812,515.8125,317.2500
365,fish,0.6318,225.0563,414.1969,276.6938,453.1781,250.8750,433.6875
365,fish,0.6177,874.7437,1224.2250,926.3813,1268.7750,900.5625,1246.5000
365,fish,0.6113,924.9188,991.7437,968.4562,1023.1313,946.6875,1007.4375
365,fish,0.5264,630.4500,998.5500,679.0500,1030.9500,654.7500,1014.7500
366,fish,0.7637,227.9953,934.7625,274.3172,973.2375,251.1562,954.0000
366,fish,0.7124,104.2734,1220.6250,153.6328,1261.1250,128.9531,1240.8750
366,fish,0.6929,490.1906,314.3813,540.3094,353.8687,515.2500,334.1250
366,fish,0.6909,486.0562,937.4625,537.6938,984.0375,511.8750,960.7500
366,fish,0.6870,178.9594,649.6313,231.1031,689.1187,205.0312,669.3750
366,fish,0.6655,742.1625,611.4937,796.8375,663.1313,769.5000,637.3125
366,fish,0.6621,975.8250,399.7125,1024.4250,436.1625,1000.1250,417.9375
366,fish,0.6602,418.6687,699.6375,472.3313,738.1125,445.5000,718.8750
366,fish,0.6567,588.2625,266.0625,646.9875,306.5625,617.6250,286.3125
366,fish,0.6494,714.1500,1240.9875,770.8500,1283.5125,742.5000,1262.2500
366,fish,0.6323,878.2313,1221.9750,931.8937,1266.5250,905.0625,1244.2500
366,fish,0.6177,924.9188,991.7437,968.4562,1023.1313,946.6875,1007.4375
366,fish,0.6167,945.5625,698.4000,996.1875,734.8500,970.8750,716.6250
366,fish,0.6123,494.7188,1248.5250,540.2812,1284.9750,517.5000,1266.7500
366,fish,0.5850,222.5250,411.1875,274.1625,451.6875,248.3438,431.4375
366,fish,0.5264,630.3937,998.5500,677.9813,1030.9500,654.1875,1014.7500
367,fish,0.7168,116.3602,1222.8750,163.0617,1263.3750,139.7109,1243.1250
367,fish,0.7026,227.4609,950.4000,274.2891,986.8500,250.8750,968.6250
367,fish,0.7007,743.2875,624.9375,797.9625,675.5625,770.6250,650.2500
367,fish,0.7007,484.9875,969.4688,537.6375,1015.0312,511.3125,992.2500
367,fish,0.6978,484.3687,327.9375,536.0063,368.4375,510.1875,348.1875
367,fish,0.6934,496.2937,1230.5250,539.8312,1266.9750,518.0625,1248.7500
367,fish,0.6899,175.2328,650.1375,226.1109,688.6125,200.6719,669.3750
367,fish,0.6714,398.2500,700.7625,453.9375,739.2375,426.0938,720.0000
367,fish,0.6611,714.1500,1240.9875,770.8500,1283.5125,742.5000,1262.2500
367,fish,0.6558,878.2875,1221.9750,932.9625,1266.5250,905.6250,1244.2500
367,fish,0.6514,975.8250,399.7125,1024.4250,436.1625,1000.1250,417.9375
367,fish,0.6504,588.2625,266.6250,646.9875,307.1250,617.6250,286.8750
367,fish,0.6489,943.4250,696.7687,996.0750,734.2313,969.7500,715.5000
367,fish,0.6113,925.4813,991.7437,969.0187,1023.1313,947.2500,1007.4375
367,fish,0.5908,223.6078,408.8531,274.4859,447.8344,249.0469,428.3438
367,fish,0.5342,630.3937,998.5500,677.9813,1030.9500,654.1875,1014.7500
368,fish,0.7852,226.1109,963.9000,273.9516,1000.3500,250.0312,982.1250
368,fish,0.7231,483.7781,331.2000,534.9094,369.6750,509.3438,350.4375
368,fish,0.7041,741.0938,636.3000,796.7812,688.9500,768.9375,662.6250
368,fish,0.7041,173.0813,650.1375,223.2000,688.6125,198.1406,669.3750
368,fish,0.6899,588.2625,266.3719,646.9875,307.3781,617.6250,286.8750
368,fish,0.6782,492.4406,1226.0250,537.4969,1262.4750,514.9688,1244.2500
368,fish,0.6714,714.1500,1240.9875,770.8500,1283.5125,742.5000,1262.2500
368,fish,0.6680,943.9875,697.2750,996.6375,733.7250,970.3125,715.5000
368,fish,0.6636,975.8250,399.7125,1024.4250,436.1625,1000.1250,417.9375
368,fish,0.6611,377.5500,700.2563,435.2625,739.7437,406.4062,720.0000
368,fish,0.6533,475.4250,986.6250,528.0750,1027.1250,501.7500,1006.8750
368,fish,0.6514,878.8500,1221.9750,933.5250,1266.5250,906.1875,1244.2500
368,fish,0.6460,225.5062,408.1500,275.1187,444.6000,250.3125,426.3750
368,fish,0.6260,925.4813,991.7437,969.0187,1023.1313,947.2500,1007.4375
368,fish,0.5767,129.7582,1230.4125,173.3590,1264.8375,151.5586,1247.6250
368,fish,0.5420,630.3937,998.5500,677.9813,1030.9500,654.1875,1014.7500
369,fish,0.7461,227.6297,975.7125,274.9641,1012.1625,251.2969,993.9375
369,fish,0.6992,486.5625,332.0437,537.1875,370.5188,511.8750,351.2812
369,fish,0.6978,171.8016,651.2625,221.6672,689.7375,196.7344,670.5000
369,fish,0.6919,587.1375,265.8516,645.8625,307.6172,616.5000,286.7344
369,fish,0.6895,473.2031,991.0688,526.3594,1030.5563,499.7812,1010.8125
369,fish,0.6636,713.1375,1239.9750,771.8625,1284.5250,742.5000,1262.2500
369,fish,0.6621,740.0250,645.4125,796.7250,700.0875,768.3750,672.7500
369,fish,0.6514,225.6750,407.8406,275.7937,443.7844,250.7344,425.8125
369,fish,0.6514,975.8250,399.4594,1024.4250,436.4156,1000.1250,417.9375
369,fish,0.6353,489.7406,1214.7750,536.8219,1251.2250,513.2812,1233.0000
369,fish,0.6343,360.9000,698.5688,417.6000,738.0562,389.2500,718.3125
369,fish,0.6289,944.3250,698.3438,992.9250,733.7812,968.6250,716.0625
369,fish,0.6289,133.8047,1234.8000,178.1016,1267.2000,155.9531,1251.0000
369,fish,0.6113,925.4813,991.7437,969.0187,1023.1313,947.2500,1007.4375
369,fish,0.5947,879.9750,1224.2250,934.6500,1268.7750,907.3125,1246.5000
369,fish,0.5342,629.3250,998.5500,677.9250,1030.9500,653.6250,1014.7500
370,fish,0.6909,224.2688,984.0938,271.8562,1019.5312,248.0625,1001.8125
370,fish,0.6802,346.7250,695.2500,401.4000,735.7500,374.0625,715.5000
370,fish,0.6782,168.7641,651.2625,219.6422,689.7375,194.2031,670.5000
370,fish,0.6670,586.0125,266.0906,644.7375,307.0969,615.3750,286.5938
370,fish,0.6611,714.2062,1239.9750,771.9188,1284.5250,743.0625,1262.2500
370,fish,0.6567,975.7687,399.1781,1023.3563,436.1344,999.5625,417.6562
370,fish,0.6567,138.0234,1233.7875,182.3203,1268.2125,160.1719,1251.0000
370,fish,0.6548,744.4125,656.5500,799.0875,709.2000,771.7500,682.8750
370,fish,0.6406,944.4375,698.4000,995.0625,734.8500,969.7500,716.6250
370,fish,0.6406,224.3250,407.7563,275.4563,447.2437,249.8906,427.5000
370,fish,0.6396,486.0562,329.5969,537.6938,369.5906,511.8750,349.5938
370,fish,0.6226,925.9875,992.8125,968.5125,1023.1875,947.2500,1008.0000
370,fish,0.6216,472.1625,991.6313,526.8375,1031.1188,499.5000,1011.3750
370,fish,0.6104,493.4812,1203.5250,537.0187,1239.9750,515.2500,1221.7500
370,fish,0.6094,879.4125,1225.4625,934.0875,1272.0375,906.7500,1248.7500
370,fish,0.5098,629.3250,998.5500,677.9250,1030.9500,653.6250,1014.7500
371,fish,0.6958,587.1375,266.6531,645.8625,307.6594,616.5000,287.1562
371,fish,0.6875,224.7469,988.5375,270.8156,1022.9625,247.7812,1005.7500
371,fish,0.6689,492.9750,1193.6250,537.5250,1234.1250,515.2500,1213.8750
371,fish,0.6646,167.7375,652.9500,217.8562,691.4250,192.7969,672.1875
371,fish,0.6621,975.8250,399.1781,1024.4250,436.1344,1000.1250,417.6562
371,fish,0.6592,485.1844,329.0063,536.3156,368.4937,510.7500,348.7500
371,fish,0.6577,475.4250,992.1375,528.0750,1030.6125,501.7500,1011.3750
371,fish,0.6548,142.5516,1234.8000,184.8234,1267.2000,163.6875,1251.0000
371,fish,0.6504,715.8375,1240.9875,772.5375,1283.5125,744.1875,1262.2500
371,fish,0.6470,945.5625,698.4000,996.1875,734.8500,970.8750,716.6250
371,fish,0.6426,880.4813,1228.7250,934.1437,1273.2750,907.3125,1251.0000
371,fish,0.6279,331.5375,696.9375,386.2125,737.4375,358.8750,717.1875
371,fish,0.6206,925.9875,992.8125,968.5125,1023.1875,947.2500,1008.0000
371,fish,0.6152,223.5656,409.8375,273.6844,446.2875,248.6250,428.0625
371,fish,0.6104,744.4125,666.7313,799.0875,720.3937,771.7500,693.5625
371,fish,0.5137,630.4500,998.5500,679.0500,1030.9500,654.7500,1014.7500
372,fish,0.6943,481.4438,988.7625,531.0562,1027.2375,506.2500,1008.0000
372,fish,0.6899,588.2625,266.3859,646.9875,307.6453,617.6250,287.0156
372,fish,0.6841,481.8656,327.5719,534.0094,366.5531,507.9375,347.0625
372,fish,0.6841,975.8250,399.1500,1024.4250,435.6000,1000.1250,417.3750
372,fish,0.6670,716.4000,1239.9750,773.1000,1284.5250,744.7500,1262.2500
372,fish,0.6646,221.9062,412.7625,272.5312,451.2375,247.2188,432.0000
372,fish,0.6646,491.6250,1188.0000,537.1875,1228.5000,514.4062,1208.2500
372,fish,0.6611,166.4578,654.6375,216.3234,693.1125,191.3906,673.8750
372,fish,0.6504,145.1355,1232.7750,189.6223,1269.2250,167.3789,1251.0000
372,fish,0.6426,882.1688,1228.7250,935.8312,1273.2750,909.0000,1251.0000
372,fish,0.6416,320.3438,699.7500,376.0312,740.2500,348.1875,720.0000
372,fish,0.6406,946.5750,698.9062,995.1750,734.3438,970.8750,716.6250
372,fish,0.6333,744.5250,675.9000,801.2250,732.6000,772.8750,704.2500
372,fish,0.6289,925.9875,992.8125,968.5125,1023.1875,947.2500,1008.0000
372,fish,0.6196,225.4781,986.4562,274.5844,1023.9188,250.0312,1005.1875
372,fish,0.5264,630.4500,998.5500,679.0500,1030.9500,654.7500,1014.7500
373,fish,0.7041,588.2625,266.9203,646.9875,307.6734,617.6250,287.2969
373,fish,0.6953,477.7875,328.4438,532.4625,367.9312,505.1250,348.1875
373,fish,0.6792,489.4312,978.0750,536.0063,1016.5500,512.7188,997.3125
373,fish,0.6782,488.6438,1185.7500,536.2313,1226.2500,512.4375,1206.0000
373,fish,0.6655,715.8937,1239.9750,773.6063,1284.5250,744.7500,1262.2500
373,fish,0.6646,975.8250,399.1781,1024.4250,436.1344,1000.1250,417.6562
373,fish,0.6646,223.0031,416.9250,273.1219,454.3875,248.0625,435.6562
373,fish,0.6626,167.7937,656.7750,216.3938,693.2250,192.0938,675.0000
373,fish,0.6611,230.5828,978.9750,275.3859,1013.4000,252.9844,996.1875
373,fish,0.6440,946.5750,698.4000,995.1750,734.8500,970.8750,716.6250
373,fish,0.6416,146.2395,1233.9000,192.8777,1270.3500,169.5586,1252.1250
373,fish,0.6177,740.6437,679.1625,798.3563,733.8375,769.5000,706.5000
373,fish,0.6167,925.4250,992.8125,967.9500,1023.1875,946.6875,1008.0000
373,fish,0.6162,884.3625,1228.7250,937.0125,1273.2750,910.6875,1251.0000
373,fish,0.6060,311.9062,700.3687,367.5938,741.8813,339.7500,721.1250
373,fish,0.5156,630.4500,998.5500,679.0500,1030.9500,654.7500,1014.7500
374,fish,0.6929,477.7312,329.5688,531.3937,369.0562,504.5625,349.3125
374,fish,0.6895,589.3312,268.0031,647.0438,307.9969,618.1875,288.0000
374,fish,0.6875,715.3875,1239.9750,774.1125,1284.5250,744.7500,1262.2500
374,fish,0.6807,232.0594,961.6500,278.1281,998.1000,255.0938,979.8750
374,fish,0.6699,167.0203,656.8875,216.8859,695.3625,191.9531,676.1250
374,fish,0.6655,223.0312,421.1719,273.6562,459.1406,248.3438,440.1562
374,fish,0.6602,491.8500,1185.6375,536.4000,1224.1125,514.1250,1204.8750
374,fish,0.6577,975.8250,399.4594,1024.4250,436.4156,1000.1250,417.9375
374,fish,0.6548,309.0938,696.4875,364.7812,739.0125,336.9375,717.7500
374,fish,0.6416,737.8875,677.4750,796.6125,732.1500,767.2500,704.8125
374,fish,0.6323,946.0688,698.4000,995.6812,734.8500,970.8750,716.6250
374,fish,0.6309,924.8625,992.8125,967.3875,1023.1875,946.1250,1008.0000
374,fish,0.6206,146.6438,1232.7750,194.2312,1269.2250,170.4375,1251.0000
374,fish,0.6152,886.1063,1228.7250,939.7687,1273.2750,912.9375,1251.0000
374,fish,0.6074,488.7000,959.6250,537.3000,1000.1250,513.0000,979.8750
374,fish,0.5020,630.4500,999.0562,679.0500,1030.4437,654.7500,1014.7500
375,fish,0.7124,230.9906,944.3250,278.0719,982.8000,254.5312,963.5625
375,fish,0.7104,488.8125,929.9813,539.4375,973.5187,514.1250,951.7500
375,fish,0.7026,304.2844,693.2250,359.4656,737.7750,331.8750,715.5000
375,fish,0.6836,223.0453,419.7656,273.9234,457.7344,248.4844,438.7500
375,fish,0.6758,167.2031,661.2750,215.2969,697.7250,191.2500,679.5000
375,fish,0.6733,715.3875,1239.9750,774.1125,1284.5250,744.7500,1262.2500
375,fish,0.6689,479.9531,337.1906,533.1094,377.1844,506.5312,357.1875
375,fish,0.6689,734.5125,676.9125,793.2375,731.5875,763.8750,704.2500
375,fish,0.6592,491.0344,1185.7500,536.0906,1226.2500,513.5625,1206.0000
375,fish,0.6577,974.7000,399.4875,1023.3000,436.9500,999.0000,418.2188
375,fish,0.6514,588.8250,268.4461,647.5500,308.8195,618.1875,288.6328
375,fish,0.6323,147.1500,1230.5250,193.7250,1266.9750,170.4375,1248.7500
375,fish,0.6226,945.5625,698.4000,996.1875,734.8500,970.8750,716.6250
375,fish,0.6143,887.1750,1228.7250,939.8250,1273.2750,913.5000,1251.0000
375,fish,0.6040,924.8625,992.3062,967.3875,1023.6938,946.1250,1008.0000
375,fish,0.4961,630.4500,999.0562,679.0500,1030.4437,654.7500,1014.7500
376,fish,0.7168,491.8219,1187.7750,535.8656,1224.2250,513.8438,1206.0000
376,fish,0.7139,490.6969,899.7188,539.8031,945.2812,515.2500,922.5000
376,fish,0.7124,228.4313,935.8312,275.0063,973.2938,251.7188,954.5625
376,fish,0.6860,476.9438,341.1562,531.6187,381.6562,504.2812,361.4062
376,fish,0.6792,715.3875,1239.9750,774.1125,1284.5250,744.7500,1262.2500
376,fish,0.6768,300.5437,692.1000,354.2063,736.6500,327.3750,714.3750
376,fish,0.6758,730.5187,680.2875,788.2313,734.9625,759.3750,707.6250
376,fish,0.6602,224.0719,417.7688,273.1781,455.2312,248.6250,436.5000
376,fish,0.6602,975.7687,399.4594,1023.3563,436.4156,999.5625,417.9375
376,fish,0.6489,590.9625,269.0086,647.6625,309.3820,619.3125,289.1953
376,fish,0.6426,166.0781,666.3375,214.1719,702.7875,190.1250,684.5625
376,fish,0.6426,147.6000,1230.4125,192.1500,1264.8375,169.8750,1247.6250
376,fish,0.6377,945.5625,698.4000,996.1875,734.8500,970.8750,716.6250
376,fish,0.6123,887.1750,1228.7250,939.8250,1273.2750,913.5000,1251.0000
376,fish,0.6094,923.7375,992.8125,966.2625,1023.1875,945.0000,1008.0000
376,fish,0.5137,631.4625,999.0562,678.0375,1030.4437,654.7500,1014.7500
377,fish,0.7432,490.3875,878.3438,538.9875,923.9062,514.6875,901.1250
377,fish,0.7251,490.2188,1190.1375,535.7812,1228.6125,513.0000,1209.3750
377,fish,0.6885,166.1625,672.0187,215.7750,709.4813,190.9688,690.7500
377,fish,0.6851,945.5625,698.4000,996.1875,734.8500,970.8750,716.6250
377,fish,0.6782,715.3875,1239.9750,774.1125,1284.5250,744.7500,1262.2500
377,fish,0.6699,478.8844,345.9375,533.0531,386.4375,505.9688,366.1875
377,fish,0.6670,222.2156,416.9531,273.3469,454.9219,247.7812,435.9375
377,fish,0.6533,975.2062,399.7406,1022.7938,436.6969,999.0000,418.2188
377,fish,0.6387,298.8000,692.1000,351.4500,736.6500,325.1250,714.3750
377,fish,0.6387,146.6438,1227.0375,191.7000,1261.4625,169.1719,1244.2500
377,fish,0.6299,593.1000,271.0406,647.7750,310.0219,620.4375,290.5312
377,fish,0.6299,226.0687,927.9000,273.1500,964.3500,249.6094,946.1250
377,fish,0.6123,886.1063,1228.7250,939.7687,1273.2750,912.9375,1251.0000
377,fish,0.6074,727.6500,680.1750,784.3500,732.8250,756.0000,706.5000
377,fish,0.6069,921.5438,990.6750,965.0812,1023.0750,943.3125,1006.8750
377,fish,0.5312,630.3937,999.0562,677.9813,1030.4437,654.1875,1014.7500
378,fish,0.7266,225.4500,926.8875,274.0500,965.3625,249.7500,946.1250
378,fish,0.7026,734.3438,679.4438,790.0312,729.0562,762.1875,704.2500
378,fish,0.6919,171.7734,679.2750,218.6016,715.7250,195.1875,697.5000
378,fish,0.6826,715.4438,1239.9750,775.1812,1284.5250,745.3125,1262.2500
378,fish,0.6772,480.4031,349.7625,531.5344,388.2375,505.9688,369.0000
378,fish,0.6699,944.4375,698.4000,995.0625,734.8500,969.7500,716.6250
378,fish,0.6680,492.1313,1198.0125,536.6812,1236.4875,514.4062,1217.2500
378,fish,0.6655,488.7281,863.7750,537.8344,910.3500,513.2812,887.0625
378,fish,0.6558,975.7125,399.4594,1022.2875,436.4156,999.0000,417.9375
378,fish,0.6504,222.5391,417.8813,274.4297,457.3687,248.4844,437.6250
378,fish,0.6372,146.4469,1223.6625,190.4906,1258.0875,168.4688,1240.8750
378,fish,0.6362,297.6750,693.8438,350.3250,739.4062,324.0000,716.6250
378,fish,0.6167,887.1750,1228.7250,939.8250,1273.2750,913.5000,1251.0000
378,fish,0.6162,595.9688,273.7477,651.6562,313.3617,623.8125,293.5547
378,fish,0.6060,921.0375,990.6750,965.5875,1023.0750,943.3125,1006.8750
378,fish,0.5498,630.3937,998.5500,677.9813,1030.9500,654.1875,1014.7500
379,fish,0.7534,226.0125,939.7687,274.6125,977.2313,250.3125,958.5000
379,fish,0.7358,175.6406,683.8875,223.7344,722.3625,199.6875,703.1250
379,fish,0.7153,483.8062,353.7281,535.4438,392.7094,509.6250,373.2188
379,fish,0.7007,484.9594,857.5875,537.1031,904.1625,511.0312,880.8750
379,fish,0.6875,715.4438,1239.9750,775.1812,1284.5250,745.3125,1262.2500
379,fish,0.6851,491.8500,1208.0250,536.4000,1244.4750,514.1250,1226.2500
379,fish,0.6538,975.7125,399.7688,1022.2875,437.2312,999.0000,418.5000
379,fish,0.6450,298.5469,694.4062,351.7031,739.9688,325.1250,717.1875
379,fish,0.6406,943.2000,699.4125,991.8000,733.8375,967.5000,716.6250
379,fish,0.6270,229.6687,413.3250,278.2688,451.8000,253.9688,432.5625
379,fish,0.6162,742.0500,675.4500,794.7000,724.0500,768.3750,699.7500
379,fish,0.6162,886.1063,1228.7250,939.7687,1273.2750,912.9375,1251.0000
379,fish,0.6094,601.0312,275.8781,656.7188,315.8719,628.8750,295.8750
379,fish,0.5962,145.5469,1214.7750,191.1094,1251.2250,168.3281,1233.0000
379,fish,0.5776,921.6000,986.2875,966.1500,1020.7125,943.8750,1003.5000
379,fish,0.5547,629.3250,998.5500,677.9250,1030.9500,653.6250,1014.7500
380,fish,0.7163,177.9047,690.6375,228.7828,729.1125,203.3438,709.8750
380,fish,0.7075,484.3125,356.5125,534.9375,394.9875,509.6250,375.7500
380,fish,0.7041,226.8000,956.0250,274.3875,992.4750,250.5938,974.2500
380,fish,0.6826,716.0063,1239.9750,775.7437,1284.5250,745.8750,1262.2500
380,fish,0.6724,230.9484,398.7000,282.3328,437.1750,256.6406,417.9375
380,fish,0.6724,607.2750,279.2250,663.9750,318.7125,635.6250,298.9688
380,fish,0.6655,490.3031,853.0875,537.3844,899.6625,513.8438,876.3750
380,fish,0.6626,975.8250,399.7125,1024.4250,436.1625,1000.1250,417.9375
380,fish,0.6602,300.4875,692.1000,353.1375,736.6500,326.8125,714.3750
380,fish,0.6406,944.3250,699.4688,992.9250,734.9062,968.6250,717.1875
380,fish,0.6396,490.4719,1218.1500,535.5281,1254.6000,513.0000,1236.3750
380,fish,0.6152,886.6688,1228.7250,940.3312,1273.2750,913.5000,1251.0000
380,fish,0.6050,921.0938,986.2875,966.6562,1020.7125,943.8750,1003.5000
380,fish,0.6021,144.9105,1203.5250,190.4098,1239.9750,167.6602,1221.7500
380,fish,0.5815,743.2875,670.0500,797.9625,722.7000,770.6250,696.3750
380,fish,0.5620,629.8312,998.5500,677.4188,1030.9500,653.6250,1014.7500
381,fish,0.7417,233.0719,385.8188,284.7094,425.3062,258.8906,405.5625
381,fish,0.7295,228.7828,971.6625,274.0922,1006.0875,251.4375,988.8750
381,fish,0.7104,485.4375,360.7312,536.0625,399.2063,510.7500,379.9688
381,fish,0.7007,486.7594,1222.7625,535.8656,1261.2375,511.3125,1242.0000
381,fish,0.6982,609.5812,282.0938,667.2938,322.5938,638.4375,302.3438
381,fish,0.6875,715.5000,1239.9750,776.2500,1284.5250,745.8750,1262.2500
381,fish,0.6704,143.4375,1191.1500,189.0000,1227.6000,166.2188,1209.3750
381,fish,0.6680,301.5844,690.9188,353.7281,734.4562,327.6562,712.6875
381,fish,0.6611,185.8219,695.7563,234.9281,735.2437,210.3750,715.5000
381,fish,0.6611,494.6062,852.9750,538.1437,897.5250,516.3750,875.2500
381,fish,0.6538,974.7000,400.8375,1023.3000,437.2875,999.0000,419.0625
381,fish,0.6309,920.5875,985.1625,967.1625,1019.5875,943.8750,1002.3750
381,fish,0.6177,944.8875,698.4000,993.4875,734.8500,969.1875,716.6250
381,fish,0.6123,886.1625,1228.7250,940.8375,1273.2750,913.5000,1251.0000
381,fish,0.5981,746.6625,667.6875,801.3375,718.3125,774.0000,693.0000
381,fish,0.5547,629.8312,999.6187,677.4188,1031.0062,653.6250,1015.3125
382,fish,0.7402,613.4062,285.4969,669.0938,326.5031,641.2500,306.0000
382,fish,0.7339,484.7063,367.7625,537.3563,406.2375,511.0312,387.0000
382,fish,0.7217,235.0969,376.2844,285.2156,416.2781,260.1562,396.2812
382,fish,0.7056,225.4219,980.2125,273.5156,1016.6625,249.4688,998.4375
382,fish,0.6958,489.7125,864.0000,536.2875,904.5000,513.0000,884.2500
382,fish,0.6851,139.3172,1176.6375,186.6516,1215.1125,162.9844,1195.8750
382,fish,0.6816,745.6500,662.6812,802.3500,714.3188,774.0000,688.5000
382,fish,0.6768,717.1313,1239.9750,776.8687,1284.5250,747.0000,1262.2500
382,fish,0.6689,490.8375,1232.7750,537.4125,1269.2250,514.1250,1251.0000
382,fish,0.6504,975.2062,400.8375,1022.7938,437.2875,999.0000,419.0625
382,fish,0.6362,191.4187,700.1437,240.0188,737.6063,215.7188,718.8750
382,fish,0.6343,920.5312,985.1625,966.0938,1019.5875,943.3125,1002.3750
382,fish,0.6177,886.6688,1228.7250,940.3312,1273.2750,913.5000,1251.0000
382,fish,0.6084,945.4500,698.4000,994.0500,734.8500,969.7500,716.6250
382,fish,0.5820,301.1062,689.8500,354.7688,734.4000,327.9375,712.1250
382,fish,0.5488,629.8312,998.5500,677.4188,1030.9500,653.6250,1014.7500
383,fish,0.8257,482.1187,373.3875,533.7563,416.9250,507.9375,395.1562
383,fish,0.7534,612.7875,289.6313,667.4625,329.1187,640.1250,309.3750
383,fish,0.7476,234.3938,367.2563,287.0437,406.7437,260.7188,387.0000
383,fish,0.6909,225.9000,989.5500,272.4750,1021.9500,249.1875,1005.7500
383,fish,0.6895,135.0563,1167.5250,181.6312,1203.9750,158.3438,1185.7500
383,fish,0.6748,717.1313,1239.9750,776.8687,1284.5250,747.0000,1262.2500
383,fish,0.6646,490.2750,1241.7750,536.8500,1278.2250,513.5625,1260.0000
383,fish,0.6489,975.7687,400.8375,1023.3563,437.2875,999.5625,419.0625
383,fish,0.6372,748.3500,651.0375,803.0250,705.7125,775.6875,678.3750
383,fish,0.6235,198.2531,700.7625,248.3719,739.2375,223.3125,720.0000
383,fish,0.6177,886.6688,1228.7250,940.3312,1273.2750,913.5000,1251.0000
383,fish,0.6152,488.1375,873.6187,536.7375,915.1313,512.4375,894.3750
383,fish,0.6113,945.4500,699.5250,994.0500,735.9750,969.7500,717.7500
383,fish,0.6113,919.9125,987.9188,964.4625,1021.3312,942.1875,1004.6250
383,fish,0.6113,307.2937,688.8375,360.9563,735.4125,334.1250,712.1250
383,fish,0.5527,629.8312,998.5500,677.4188,1030.9500,653.6250,1014.7500
384,fish,0.7607,483.8625,878.8500,536.5125,923.4000,510.1875,901.1250
384,fish,0.7534,610.7062,290.3062,668.4188,331.8188,639.5625,311.0625
384,fish,0.7417,234.0703,359.3250,285.9609,397.8000,260.0156,378.5625
384,fish,0.7295,482.3719,391.4438,533.5031,430.9312,507.9375,411.1875
384,fish,0.6943,131.9484,1158.5250,178.2703,1194.9750,155.1094,1176.7500
384,fish,0.6929,718.7625,1238.8500,777.4875,1283.4000,748.1250,1261.1250
384,fish,0.6807,224.2125,988.4813,270.7875,1021.8937,247.5000,1005.1875
384,fish,0.6636,748.9125,648.7313,803.5875,702.3937,776.2500,675.5625
384,fish,0.6577,203.1188,698.5125,254.7562,736.9875,228.9375,717.7500
384,fish,0.6470,975.7125,400.8375,1022.2875,437.2875,999.0000,419.0625
384,fish,0.6206,887.2313,1228.7250,940.8937,1273.2750,914.0625,1251.0000
384,fish,0.6113,320.2312,681.0750,373.8938,729.6750,347.0625,705.3750
384,fish,0.6084,919.9688,989.5500,965.5312,1021.9500,942.7500,1005.7500
384,fish,0.6040,945.4500,699.5250,994.0500,735.9750,969.7500,717.7500
384,fish,0.5649,490.8375,1248.5250,537.4125,1284.9750,514.1250,1266.7500
384,fish,0.5527,629.3250,998.5500,677.9250,1030.9500,653.6250,1014.7500
385,fish,0.7607,607.2750,289.5539,663.9750,330.1805,635.6250,309.8672
385,fish,0.7163,210.7969,693.0000,263.9531,733.5000,237.3750,713.2500
385,fish,0.7041,747.2250,648.6750,801.9000,701.3250,774.5625,675.0000
385,fish,0.6919,230.3859,355.8938,281.7703,393.3562,256.0781,374.6250
385,fish,0.6851,487.0406,394.1438,536.1469,431.6062,511.5938,412.8750
385,fish,0.6758,333.6187,677.4750,385.2563,722.0250,359.4375,699.7500
385,fish,0.6665,721.0125,1238.8500,779.7375,1283.4000,750.3750,1261.1250
385,fish,0.6548,975.8250,400.2750,1024.4250,436.7250,1000.1250,418.5000
385,fish,0.6489,225.6188,989.5500,272.1938,1021.9500,248.9062,1005.7500
385,fish,0.6426,127.4625,1156.2750,174.0375,1192.7250,150.7500,1174.5000
385,fish,0.6362,485.9719,867.0375,536.0906,911.5875,511.0312,889.3125
385,fish,0.6250,887.7938,1228.7250,941.4562,1273.2750,914.6250,1251.0000
385,fish,0.6235,921.6000,990.6750,966.1500,1023.0750,943.8750,1006.8750
385,fish,0.6104,488.1938,1251.9000,537.8062,1288.3500,513.0000,1270.1250
385,fish,0.5981,945.4500,699.5250,994.0500,735.9750,969.7500,717.7500
385,fish,0.5527,630.3937,998.5500,677.9813,1030.9500,654.1875,1014.7500
386,fish,0.7578,482.4281,860.8500,534.5719,905.4000,508.5000,883.1250
386,fish,0.7476,232.2000,352.9125,280.8000,387.3375,256.5000,370.1250
386,fish,0.7139,602.7750,288.0000,659.4750,328.5000,631.1250,308.2500
386,fish,0.6768,217.0969,688.5562,272.2781,730.0688,244.6875,709.3125
386,fish,0.6758,232.5094,986.1750,276.5531,1018.5750,254.5312,1002.3750
386,fish,0.6733,975.8250,400.2750,1024.4250,436.7250,1000.1250,418.5000
386,fish,0.6626,746.5500,648.1125,799.2000,700.7625,772.8750,674.4375
386,fish,0.6626,118.9195,1150.8750,168.6586,1191.3750,143.7891,1171.1250
386,fish,0.6592,487.1250,386.9438,537.7500,426.4312,512.4375,406.6875
386,fish,0.6372,489.2906,1253.0250,538.3969,1289.4750,513.8438,1271.2500
386,fish,0.6235,722.2500,1235.7000,783.0000,1284.3000,752.6250,1260.0000
386,fish,0.6226,887.2875,1228.7250,941.9625,1273.2750,914.6250,1251.0000
386,fish,0.6216,921.0375,990.6750,965.5875,1023.0750,943.3125,1006.8750
386,fish,0.6113,349.9031,669.6000,401.0344,714.1500,375.4688,691.8750
386,fish,0.6074,944.8875,698.9625,993.4875,735.4125,969.1875,717.1875
386,fish,0.5479,630.3937,998.5500,677.9813,1030.9500,654.1875,1014.7500
387,fish,0.7534,229.4156,351.8438,278.5219,387.2812,253.9688,369.5625
387,fish,0.7358,481.3313,857.3625,533.9813,899.8875,507.6562,878.6250
387,fish,0.7227,112.1977,1150.8750,159.9117,1191.3750,136.0547,1171.1250
387,fish,0.7075,597.1500,286.0594,653.8500,327.0656,625.5000,306.5625
387,fish,0.7075,486.5063,385.1438,536.1187,422.6062,511.3125,403.8750
387,fish,0.6841,222.7781,684.6187,276.4406,726.1313,249.6094,705.3750
387,fish,0.6782,231.6234,967.2750,277.4391,1003.7250,254.5312,985.5000
387,fish,0.6523,368.6062,662.8500,422.2688,707.4000,395.4375,685.1250
387,fish,0.6494,975.8250,400.5562,1024.4250,437.0063,1000.1250,418.7812
387,fish,0.6372,747.7875,645.3000,802.4625,697.9500,775.1250,671.6250
387,fish,0.6289,724.5000,1237.7250,785.2500,1282.2750,754.8750,1260.0000
387,fish,0.6206,887.2875,1228.7250,941.9625,1273.2750,914.6250,1251.0000
387,fish,0.6143,920.4750,990.6750,965.0250,1023.0750,942.7500,1006.8750
387,fish,0.6123,495.5625,1248.5250,541.1250,1284.9750,518.3438,1266.7500
387,fish,0.6060,944.3250,699.5250,992.9250,735.9750,968.6250,717.7500
387,fish,0.5469,630.3937,998.5500,677.9813,1030.9500,654.1875,1014.7500
388,fish,0.7744,229.1344,358.5938,278.2406,394.0312,253.6875,376.3125
388,fish,0.7461,592.0312,285.6164,647.7188,326.2430,619.8750,305.9297
388,fish,0.7446,484.8188,862.4250,534.4312,904.9500,509.6250,883.6875
388,fish,0.7324,485.4375,384.1313,536.0625,423.6187,510.7500,403.8750
388,fish,0.7280,104.2102,1151.8875,152.4305,1190.3625,128.3203,1171.1250
388,fish,0.7124,231.5250,944.8875,278.1000,983.3625,254.8125,964.1250
388,fish,0.6982,493.5938,1235.0250,539.1562,1271.4750,516.3750,1253.2500
388,fish,0.6816,222.0750,682.9312,275.7375,724.4438,248.9062,703.6875
388,fish,0.6646,975.8250,400.5562,1024.4250,437.0063,1000.1250,418.7812
388,fish,0.6372,725.6250,1237.7250,786.3750,1282.2750,756.0000,1260.0000
388,fish,0.6362,391.1625,657.3375,445.8375,703.9125,418.5000,680.6250
388,fish,0.6196,888.3563,1228.7250,942.0187,1273.2750,915.1875,1251.0000
388,fish,0.6133,748.8000,650.1375,801.4500,698.7375,775.1250,674.4375
388,fish,0.6050,944.8875,698.9625,993.4875,735.4125,969.1875,717.1875
388,fish,0.6011,920.4750,990.6187,965.0250,1022.0063,942.7500,1006.3125
388,fish,0.5361,630.4500,999.0562,679.0500,1030.4437,654.7500,1014.7500
389,fish,0.7788,228.8531,364.2188,277.9594,399.6562,253.4062,381.9375
389,fish,0.7607,590.4000,285.7500,647.1000,326.2500,618.7500,306.0000
389,fish,0.7153,478.1250,383.0063,528.7500,422.4937,503.4375,402.7500
389,fish,0.7041,491.4000,1227.1500,537.9750,1263.6000,514.6875,1245.3750
389,fish,0.7007,230.2875,928.6313,277.3687,968.1187,253.8281,948.3750
389,fish,0.6929,486.6187,875.5312,538.2563,921.0938,512.4375,898.3125
389,fish,0.6826,92.4891,1158.6375,139.8234,1197.1125,116.1562,1177.8750
389,fish,0.6704,416.1938,654.0750,470.8687,702.6750,443.5312,678.3750
389,fish,0.6665,221.4281,680.6250,273.5719,721.1250,247.5000,700.8750
389,fish,0.6592,747.7313,657.0000,801.3937,707.6250,774.5625,682.3125
389,fish,0.6504,975.8250,401.0906,1024.4250,437.0344,1000.1250,419.0625
389,fish,0.6299,727.2563,1237.8375,786.9937,1284.4125,757.1250,1261.1250
389,fish,0.6226,888.9188,1228.7250,942.5812,1273.2750,915.7500,1251.0000
389,fish,0.6123,944.3250,699.5250,992.9250,735.9750,968.6250,717.7500
389,fish,0.6030,920.4750,989.5500,965.0250,1021.9500,942.7500,1005.7500
389,fish,0.5371,630.3937,999.0562,677.9813,1030.4437,654.1875,1014.7500
390,fish,0.7549,83.2078,1172.0250,128.0109,1208.4750,105.6094,1190.2500
390,fish,0.7432,589.2750,285.7781,645.9750,326.7844,617.6250,306.2812
390,fish,0.7358,468.7031,390.3750,521.8594,430.8750,495.2812,410.6250
390,fish,0.7168,230.0625,372.0375,278.1562,406.4625,254.1094,389.2500
390,fish,0.6724,229.0641,918.9000,276.9047,955.3500,252.9844,937.1250
390,fish,0.6504,221.8641,678.4312,274.2609,719.9438,248.0625,699.1875
390,fish,0.6504,490.2750,1219.2750,536.8500,1255.7250,513.5625,1237.5000
390,fish,0.6470,485.6062,906.0750,539.2687,954.6750,512.4375,930.3750
390,fish,0.6450,974.7000,400.5844,1023.3000,437.5406,999.0000,419.0625
390,fish,0.6377,439.4812,655.0875,493.1438,701.6625,466.3125,678.3750
390,fish,0.6353,727.7625,1237.7250,786.4875,1282.2750,757.1250,1260.0000
390,fish,0.6279,888.9188,1228.7250,942.5812,1273.2750,915.7500,1251.0000
390,fish,0.5981,944.3250,699.5250,992.9250,735.9750,968.6250,717.7500
390,fish,0.5820,745.5375,665.5500,800.2125,718.2000,772.8750,691.8750
390,fish,0.5806,921.0938,987.3000,966.6562,1019.7000,943.8750,1003.5000
390,fish,0.5273,631.4625,999.5625,678.0375,1029.9375,654.7500,1014.7500
391,fish,0.7295,587.6437,284.1187,645.3563,325.6313,616.5000,304.8750
391,fish,0.7217,82.5891,1181.0250,126.3797,1217.4750,104.4844,1199.2500
391,fish,0.7139,488.3062,947.5312,539.9438,993.0938,514.1250,970.3125
391,fish,0.7124,231.3141,377.7188,279.1547,413.1562,255.2344,395.4375
391,fish,0.6968,456.2719,406.6875,508.4156,447.1875,482.3438,426.9375
391,fish,0.6958,456.3562,655.2000,510.0188,703.8000,483.1875,679.5000
391,fish,0.6792,227.2641,910.0125,275.6109,948.4875,251.4375,929.2500
391,fish,0.6538,975.8250,400.8375,1024.4250,437.2875,1000.1250,419.0625
391,fish,0.6504,221.4703,677.3625,274.3734,719.8875,247.9219,698.6250
391,fish,0.6406,727.7625,1237.7250,786.4875,1282.2750,757.1250,1260.0000
391,fish,0.6343,742.2750,672.7500,798.9750,723.3750,770.6250,698.0625
391,fish,0.6323,889.4250,1230.8625,942.0750,1273.3875,915.7500,1252.1250
391,fish,0.6206,489.7125,1213.6500,536.2875,1250.1000,513.0000,1231.8750
391,fish,0.6104,920.5312,986.2313,966.0938,1019.6437,943.3125,1002.9375
391,fish,0.5947,944.3813,699.5812,993.9937,737.0438,969.1875,718.3125
391,fish,0.5371,631.4625,1000.1250,678.0375,1030.5000,654.7500,1015.3125
392,fish,0.7324,83.5594,1192.2750,127.0969,1228.7250,105.3281,1210.5000
392,fish,0.7295,231.3281,381.1500,279.4219,417.6000,255.3750,399.3750
392,fish,0.7251,587.0250,281.7563,643.7250,321.2437,615.3750,301.5000
392,fish,0.6992,224.8875,912.2625,273.4875,950.7375,249.1875,931.5000
392,fish,0.6841,455.3719,414.0000,506.5031,454.5000,480.9375,434.2500
392,fish,0.6621,482.4000,978.8625,534.0375,1021.3875,508.2188,1000.1250
392,fish,0.6602,491.3438,1214.8875,536.9062,1253.3625,514.1250,1234.1250
392,fish,0.6533,975.8250,400.8375,1024.4250,437.2875,1000.1250,419.0625
392,fish,0.6396,468.7031,660.8250,521.8594,709.4250,495.2812,685.1250
392,fish,0.6387,727.7625,1238.8500,786.4875,1283.4000,757.1250,1261.1250
392,fish,0.6343,221.1750,678.4875,273.8250,721.0125,247.5000,699.7500
392,fish,0.6318,889.4250,1230.8625,942.0750,1273.3875,915.7500,1252.1250
392,fish,0.6143,919.9688,985.1625,965.5312,1019.5875,942.7500,1002.3750
392,fish,0.5957,944.3813,699.5812,993.9937,737.0438,969.1875,718.3125
392,fish,0.5737,741.2625,671.2875,799.9875,725.9625,770.6250,698.6250
392,fish,0.5488,632.0250,999.5625,678.6000,1029.9375,655.3125,1014.7500
393,fish,0.7798,226.3781,384.8344,276.4969,421.7906,251.4375,403.3125
393,fish,0.7402,226.6875,926.2687,274.7812,963.7313,250.7344,945.0000
393,fish,0.7402,81.8578,1208.0250,125.1422,1244.4750,103.5000,1226.2500
393,fish,0.7266,446.2312,415.6313,499.8938,455.1187,473.0625,435.3750
393,fish,0.7266,489.7688,1228.2750,537.3563,1264.7250,513.5625,1246.5000
393,fish,0.6943,477.1687,667.4625,530.8312,714.0375,504.0000,690.7500
393,fish,0.6772,479.0250,990.0000,530.6625,1030.5000,504.8438,1010.2500
393,fish,0.6523,975.8250,401.4000,1024.4250,437.8500,1000.1250,419.6250
393,fish,0.6450,586.4625,279.7312,643.1625,318.2063,614.8125,298.9688
393,fish,0.6416,219.7969,678.4875,272.9531,721.0125,246.3750,699.7500
393,fish,0.6318,889.4813,1230.8625,943.1437,1273.3875,916.3125,1252.1250
393,fish,0.6279,727.6500,1239.9750,784.3500,1284.5250,756.0000,1262.2500
393,fish,0.6187,918.3375,985.1625,964.9125,1019.5875,941.6250,1002.3750
393,fish,0.5918,944.3813,699.5812,993.9937,737.0438,969.1875,718.3125
393,fish,0.5547,741.2625,669.0375,799.9875,723.7125,770.6250,696.3750
393,fish,0.5488,631.4625,999.5625,678.0375,1029.9375,654.7500,1014.7500
394,fish,0.7983,229.0500,944.1562,276.6375,979.5938,252.8438,961.8750
394,fish,0.7388,226.1250,390.2063,276.7500,427.6687,251.4375,408.9375
394,fish,0.7266,432.5063,412.8750,487.1812,453.3750,459.8438,433.1250
394,fish,0.6943,473.7656,990.0000,526.9219,1030.5000,500.3438,1010.2500
394,fish,0.6738,490.0219,1239.5250,537.1031,1275.9750,513.5625,1257.7500
394,fish,0.6621,80.3391,1219.2750,124.1297,1255.7250,102.2344,1237.5000
394,fish,0.6523,483.9469,672.0750,538.1156,720.6750,511.0312,696.3750
394,fish,0.6426,220.3453,678.4875,275.7797,721.0125,248.0625,699.7500
394,fish,0.6377,974.7000,401.7094,1023.3000,438.6656,999.0000,420.1875
394,fish,0.6333,728.7188,1239.9750,784.4062,1284.5250,756.5625,1262.2500
394,fish,0.6299,889.4813,1228.7250,943.1437,1273.2750,916.3125,1251.0000
394,fish,0.6167,585.9000,277.0031,642.6000,316.9969,614.2500,297.0000
394,fish,0.6152,918.3375,985.1625,964.9125,1019.5875,941.6250,1002.3750
394,fish,0.5908,944.3813,699.5250,993.9937,735.9750,969.1875,717.7500
394,fish,0.5610,740.1375,665.1000,798.8625,719.7750,769.5000,692.4375
394,fish,0.5498,631.4625,999.5625,678.0375,1029.9375,654.7500,1014.7500
395,fish,0.7690,226.8281,960.5250,274.9219,996.9750,250.8750,978.7500
395,fish,0.6807,227.7844,395.9156,277.9031,434.8969,252.8438,415.4062
395,fish,0.6733,745.6500,659.4188,802.3500,713.0812,774.0000,686.2500
395,fish,0.6689,420.1313,411.7500,474.8062,452.2500,447.4688,432.0000
395,fish,0.6665,489.0094,1245.1500,538.1156,1281.6000,513.5625,1263.3750
395,fish,0.6655,486.8719,677.5875,538.0031,724.1625,512.4375,700.8750
395,fish,0.6626,475.9875,992.1375,528.6375,1030.6125,502.3125,1011.3750
395,fish,0.6592,82.4344,1228.2750,125.9719,1264.7250,104.2031,1246.5000
395,fish,0.6494,222.8625,682.8750,275.5125,723.3750,249.1875,703.1250
395,fish,0.6387,974.7000,402.2437,1023.3000,438.6938,999.0000,420.4688
395,fish,0.6362,727.6500,1240.9875,784.3500,1283.5125,756.0000,1262.2500
395,fish,0.6309,889.4813,1228.7250,943.1437,1273.2750,916.3125,1251.0000
395,fish,0.6270,585.7875,276.1031,640.4625,315.0844,613.1250,295.5938
395,fish,0.6167,917.2125,985.1625,963.7875,1019.5875,940.5000,1002.3750
395,fish,0.5889,944.3813,699.5250,993.9937,735.9750,969.1875,717.7500
395,fish,0.5508,631.4625,999.5625,678.0375,1029.9375,654.7500,1014.7500
396,fish,0.7461,224.3531,975.7125,273.4594,1012.1625,248.9062,993.9375
396,fish,0.7139,410.3438,411.8062,466.0312,453.3188,438.1875,432.5625
396,fish,0.6772,484.5094,987.6375,533.6156,1026.1125,509.0625,1006.8750
396,fish,0.6733,485.9438,1246.2750,535.5562,1282.7250,510.7500,1264.5000
396,fish,0.6724,85.4578,1227.0375,130.2609,1261.4625,107.8594,1244.2500
396,fish,0.6689,228.0656,402.5813,278.1844,440.0437,253.1250,421.3125
396,fish,0.6621,749.4750,645.3563,804.1500,699.0187,776.8125,672.1875
396,fish,0.6592,583.5375,275.7023,638.2125,315.0633,610.8750,295.3828
396,fish,0.6577,219.8812,682.5375,274.5562,727.0875,247.2188,704.8125
396,fish,0.6416,486.1125,685.3500,538.7625,729.9000,512.4375,707.6250
396,fish,0.6396,975.2062,402.5250,1022.7938,438.9750,999.0000,420.7500
396,fish,0.6333,727.0312,1242.1125,782.7188,1284.6375,754.8750,1263.3750
396,fish,0.6309,889.4813,1228.7250,943.1437,1273.2750,916.3125,1251.0000
396,fish,0.6060,914.8500,987.9188,959.4000,1021.3312,937.1250,1004.6250
396,fish,0.5918,944.3813,699.5250,993.9937,735.9750,969.1875,717.7500
396,fish,0.5342,630.9562,999.0562,678.5438,1030.4437,654.7500,1014.7500
397,fish,0.6851,217.5469,686.3625,270.7031,728.8875,244.1250,707.6250
397,fish,0.6851,580.2750,275.5688,636.9750,315.0562,608.6250,295.3125
397,fish,0.6836,749.9250,636.1875,802.5750,686.8125,776.2500,661.5000
397,fish,0.6733,401.3438,411.8062,457.0312,453.3188,429.1875,432.5625
397,fish,0.6714,224.5781,986.2875,272.6719,1020.7125,248.6250,1003.5000
397,fish,0.6523,490.2750,967.6125,536.8500,1010.1375,513.5625,988.8750
397,fish,0.6426,727.5375,1242.0000,782.2125,1282.5000,754.8750,1262.2500
397,fish,0.6416,974.7000,402.2437,1023.3000,438.6938,999.0000,420.4688
397,fish,0.6323,889.4250,1230.8625,942.0750,1273.3875,915.7500,1252.1250
397,fish,0.6206,488.1938,1248.5250,537.8062,1284.9750,513.0000,1266.7500
397,fish,0.6104,913.7250,990.1125,958.2750,1022.5125,936.0000,1006.3125
397,fish,0.6060,87.2789,1221.5250,131.9555,1257.9750,109.6172,1239.7500
397,fish,0.6050,224.5219,409.4438,276.6656,448.9312,250.5938,429.1875
397,fish,0.5938,486.1125,697.6125,538.7625,740.1375,512.4375,718.8750
397,fish,0.5908,944.3813,699.5250,993.9937,735.9750,969.1875,717.7500
397,fish,0.5361,630.9562,999.6187,678.5438,1031.0062,654.7500,1015.3125
398,fish,0.7295,216.6047,691.8750,270.5203,732.3750,243.5625,712.1250
398,fish,0.7231,396.2812,413.4656,451.9688,454.4719,424.1250,433.9688
398,fish,0.6992,578.5875,275.8500,635.2875,315.3375,606.9375,295.5938
398,fish,0.6807,745.5375,629.5500,800.2125,682.2000,772.8750,655.8750
398,fish,0.6802,487.1250,950.6250,537.7500,991.1250,512.4375,970.8750
398,fish,0.6626,226.2094,987.4125,273.2906,1021.8375,249.7500,1004.6250
398,fish,0.6582,87.6234,1221.5250,130.9078,1257.9750,109.2656,1239.7500
398,fish,0.6436,975.8250,401.9344,1024.4250,437.8781,1000.1250,419.9062
398,fish,0.6416,484.3687,694.3500,536.0063,738.9000,510.1875,716.6250
398,fish,0.6362,911.4750,990.1125,956.0250,1022.5125,933.7500,1006.3125
398,fish,0.6323,725.2875,1244.2500,779.9625,1284.7500,752.6250,1264.5000
398,fish,0.6309,889.4250,1230.8625,942.0750,1273.3875,915.7500,1252.1250
398,fish,0.6279,492.9750,1248.5250,537.5250,1284.9750,515.2500,1266.7500
398,fish,0.6021,222.5391,413.6062,274.4297,452.0813,248.4844,432.8438
398,fish,0.5938,944.3250,699.5250,992.9250,735.9750,968.6250,717.7500
398,fish,0.5078,630.4500,999.0562,679.0500,1030.4437,654.7500,1014.7500
399,fish,0.7266,394.0594,414.8719,450.2531,455.8781,422.1562,435.3750
399,fish,0.7178,575.7750,275.8500,632.4750,315.3375,604.1250,295.5938
399,fish,0.7153,214.0734,693.9562,265.4578,731.4188,239.7656,712.6875
399,fish,0.6899,483.7500,690.9188,534.3750,734.4562,509.0625,712.6875
399,fish,0.6611,743.2875,623.9250,797.9625,676.5750,770.6250,650.2500
399,fish,0.6592,485.4375,935.1000,536.0625,979.6500,510.7500,957.3750
399,fish,0.6577,87.9328,1223.7750,131.7234,1260.2250,109.8281,1242.0000
399,fish,0.6558,491.9062,1244.0250,537.4688,1280.4750,514.6875,1262.2500
399,fish,0.6548,909.2250,990.1125,953.7750,1022.5125,931.5000,1006.3125
399,fish,0.6436,974.7000,401.4000,1023.3000,437.8500,999.0000,419.6250
399,fish,0.6377,724.1625,1244.2500,778.8375,1284.7500,751.5000,1264.5000
399,fish,0.6309,226.4906,987.4125,273.5719,1021.8375,250.0312,1004.6250
399,fish,0.6299,221.9344,413.8875,273.0656,452.3625,247.5000,433.1250
399,fish,0.6299,889.4813,1230.8625,943.1437,1273.3875,916.3125,1252.1250
399,fish,0.6030,944.3250,699.5250,992.9250,735.9750,968.6250,717.7500
399,fish,0.5156,630.9562,999.0562,678.5438,1030.4437,654.7500,1014.7500
400,fish,0.7104,391.8938,415.9969,449.6062,457.0031,420.7500,436.5000
400,fish,0.7031,571.3312,276.1594,629.0438,316.1531,600.1875,296.1562
400,fish,0.6782,906.9750,990.6750,951.5250,1023.0750,929.2500,1006.8750
400,fish,0.6689,489.1500,1238.4000,535.7250,1274.8500,512.4375,1256.6250
400,fish,0.6665,484.6500,910.8563,536.2875,954.3937,510.4688,932.6250
400,fish,0.6523,746.5500,619.8750,799.2000,670.5000,772.8750,645.1875
400,fish,0.6504,226.4766,987.4125,273.3047,1021.8375,249.8906,1004.6250
400,fish,0.6504,92.7141,1221.5250,139.0359,1257.9750,115.8750,1239.7500
400,fish,0.6460,220.4297,415.0125,272.3203,453.4875,246.3750,434.2500
400,fish,0.6440,974.7000,401.7094,1023.3000,438.6656,999.0000,420.1875
400,fish,0.6343,720.8438,1243.2375,776.5312,1285.7625,748.6875,1264.5000
400,fish,0.6270,889.4813,1228.7250,943.1437,1273.2750,916.3125,1251.0000
400,fish,0.6216,479.8687,688.8375,531.5063,735.4125,505.6875,712.1250
400,fish,0.6167,208.4203,691.7625,259.2984,730.2375,233.8594,711.0000
400,fish,0.6074,944.3813,699.5250,993.9937,735.9750,969.1875,717.7500
400,fish,0.5176,630.3375,999.5625,676.9125,1029.9375,653.6250,1014.7500
401,fish,0.6992,390.7688,416.2781,448.4812,457.2844,419.6250,436.7812
401,fish,0.6929,571.5422,277.3898,627.9891,316.7508,599.7656,297.0703
401,fish,0.6782,482.6531,902.8125,533.7844,943.3125,508.2188,923.0625
401,fish,0.6772,97.6500,1217.2500,144.2250,1257.7500,120.9375,1237.5000
401,fish,0.6670,491.6531,1230.6375,537.7219,1269.1125,514.6875,1249.8750
401,fish,0.6577,975.2625,400.8375,1023.8625,437.2875,999.5625,419.0625
401,fish,0.6558,477.5625,682.0875,528.1875,728.6625,502.8750,705.3750
401,fish,0.6494,746.5500,618.1875,799.2000,668.8125,772.8750,643.5000
401,fish,0.6440,719.6625,1244.3625,774.3375,1286.8875,747.0000,1265.6250
401,fish,0.6436,226.7719,987.9750,273.8531,1022.4000,250.3125,1005.1875
401,fish,0.6426,220.5563,415.0125,272.1938,453.4875,246.3750,434.2500
401,fish,0.6289,890.5500,1228.7250,943.2000,1273.2750,916.8750,1251.0000
401,fish,0.6245,905.2875,989.5500,949.8375,1021.9500,927.5625,1005.7500
401,fish,0.6226,944.3250,699.5250,992.9250,735.9750,968.6250,717.7500
401,fish,0.6094,205.7625,691.7625,254.3625,730.2375,230.0625,711.0000
401,fish,0.5234,630.3375,999.5625,676.9125,1029.9375,653.6250,1014.7500
402,fish,0.7168,493.0312,1223.7750,538.5938,1260.2250,515.8125,1242.0000
402,fish,0.6958,571.7812,278.5148,627.4688,317.8758,599.6250,298.1953
402,fish,0.6943,477.8156,902.4750,532.9969,947.0250,505.4062,924.7500
402,fish,0.6909,389.6438,416.8125,447.3562,457.3125,418.5000,437.0625
402,fish,0.6826,463.1625,678.6562,517.8375,724.2188,490.5000,701.4375
402,fish,0.6768,974.7000,401.0906,1023.3000,437.0344,999.0000,419.0625
402,fish,0.6738,718.5375,1244.3625,773.2125,1286.8875,745.8750,1265.6250
402,fish,0.6602,223.2562,416.0813,272.8687,453.5437,248.0625,434.8125
402,fish,0.6450,745.9312,613.1250,797.5688,663.7500,771.7500,638.4375
402,fish,0.6396,226.7719,987.9750,273.8531,1022.4000,250.3125,1005.1875
402,fish,0.6377,98.3180,1216.9125,141.7289,1251.3375,120.0234,1234.1250
402,fish,0.6318,901.9125,986.2875,946.4625,1020.7125,924.1875,1003.5000
402,fish,0.6299,889.9875,1230.8625,942.6375,1273.3875,916.3125,1252.1250
402,fish,0.6289,944.3250,699.5250,992.9250,735.9750,968.6250,717.7500
402,fish,0.5962,203.6109,690.6375,251.4516,729.1125,227.5312,709.8750
402,fish,0.5254,630.3375,1000.1250,676.9125,1030.5000,653.6250,1015.3125
403,fish,0.7100,573.2578,276.4125,630.2109,315.9000,601.7344,296.1562
403,fish,0.7090,227.0109,413.6906,275.8641,448.6219,251.4375,431.1562
403,fish,0.6992,480.4875,918.1125,533.1375,960.6375,506.8125,939.3750
403,fish,0.6899,491.1187,1202.5125,537.6938,1240.9875,514.4062,1221.7500
403,fish,0.6875,389.5875,417.6281,446.2875,457.6219,417.9375,437.6250
403,fish,0.6733,975.2062,401.3438,1022.7938,436.7812,999.0000,419.0625
403,fish,0.6689,718.5375,1244.4750,773.2125,1289.0250,745.8750,1266.7500
403,fish,0.6533,743.1750,612.5625,795.8250,663.1875,769.5000,637.8750
403,fish,0.6440,227.0391,987.4125,273.8672,1021.8375,250.4531,1004.6250
403,fish,0.6377,899.1000,985.7250,943.6500,1020.1500,921.3750,1002.9375
403,fish,0.6318,890.5500,1230.9750,943.2000,1275.5250,916.8750,1253.2500
403,fish,0.6309,449.1000,675.7875,503.7750,720.3375,476.4375,698.0625
403,fish,0.6289,944.3250,700.5938,992.9250,736.0312,968.6250,718.3125
403,fish,0.6060,94.6477,1218.0375,136.5398,1252.4625,115.5938,1235.2500
403,fish,0.5947,202.5844,688.9500,249.6656,727.4250,226.1250,708.1875
403,fish,0.5322,631.4625,1000.1250,678.0375,1030.5000,654.7500,1015.3125
404,fish,0.7461,226.8703,411.4688,275.7234,446.9062,251.2969,429.1875
404,fish,0.7373,483.2156,947.7563,534.3469,987.2437,508.7812,967.5000
404,fish,0.7139,738.8438,617.1187,794.5312,668.7563,766.6875,642.9375
404,fish,0.7065,577.4625,276.1313,634.1625,315.6187,605.8125,295.8750
404,fish,0.6934,433.8844,676.2375,488.0531,718.7625,460.9688,697.5000
404,fish,0.6792,389.3062,417.3750,446.0063,457.8750,417.6562,437.6250
404,fish,0.6680,974.7000,401.3719,1023.3000,437.3156,999.0000,419.3438
404,fish,0.6548,490.2469,1185.7500,536.3156,1226.2500,513.2812,1206.0000
404,fish,0.6548,717.9750,1244.3625,772.6500,1286.8875,745.3125,1265.6250
404,fish,0.6470,93.6844,1212.5250,134.6906,1248.9750,114.1875,1230.7500
404,fish,0.6318,890.5500,1230.9750,943.2000,1275.5250,916.8750,1253.2500
404,fish,0.6289,226.6312,987.4125,273.7125,1021.8375,250.1719,1004.6250
404,fish,0.6162,201.2344,686.2500,249.3281,726.7500,225.2812,706.5000
404,fish,0.6143,944.3250,699.5250,992.9250,735.9750,968.6250,717.7500
404,fish,0.6123,895.2188,986.2875,940.7812,1020.7125,918.0000,1003.5000
404,fish,0.5400,630.3375,999.5625,676.9125,1029.9375,653.6250,1014.7500
405,fish,0.7534,225.1687,413.1562,273.7688,448.5938,249.4688,430.8750
405,fish,0.7124,742.7812,634.0500,798.4688,686.7000,770.6250,660.3750
405,fish,0.6875,581.2875,276.4125,635.9625,315.9000,608.6250,296.1562
405,fish,0.6870,389.0250,417.6281,445.7250,457.6219,417.3750,437.6250
405,fish,0.6738,477.1969,964.1250,531.3656,1004.6250,504.2812,984.3750
405,fish,0.6646,488.1375,1180.0125,536.7375,1218.4875,512.4375,1199.2500
405,fish,0.6548,975.7687,401.9344,1023.3563,437.8781,999.5625,419.9062
405,fish,0.6479,96.5812,1214.7750,136.5750,1251.2250,116.5781,1233.0000
405,fish,0.6396,717.9750,1244.3625,772.6500,1286.8875,745.3125,1265.6250
405,fish,0.6353,418.6969,677.4750,472.8656,722.0250,445.7812,699.7500
405,fish,0.6343,890.5500,1230.9750,943.2000,1275.5250,916.8750,1253.2500
405,fish,0.6289,200.6859,685.0688,249.0328,724.5562,224.8594,704.8125
405,fish,0.6206,944.3250,700.5938,992.9250,736.0312,968.6250,718.3125
405,fish,0.6001,891.3375,987.9188,937.9125,1021.3312,914.6250,1004.6250
405,fish,0.5591,231.1031,988.5938,277.6781,1024.0312,254.3906,1006.3125
405,fish,0.5420,630.3375,999.6187,676.9125,1031.0062,653.6250,1015.3125
406,fish,0.7104,491.7937,1185.5250,535.3312,1221.9750,513.5625,1203.7500
406,fish,0.7065,402.4125,680.7375,457.0875,723.2625,429.7500,702.0000
406,fish,0.6895,476.3250,981.0000,529.9875,1021.5000,503.1562,1001.2500
406,fish,0.6841,581.4000,276.1594,638.1000,316.1531,609.7500,296.1562
406,fish,0.6792,389.0250,417.0938,445.7250,457.5938,417.3750,437.3438
406,fish,0.6704,744.5250,650.9250,801.2250,703.5750,772.8750,677.2500
406,fish,0.6680,974.7000,402.7781,1023.3000,438.7219,999.0000,420.7500
406,fish,0.6670,224.1000,414.7875,273.7125,449.2125,248.9062,432.0000
406,fish,0.6450,716.8500,1244.3625,771.5250,1286.8875,744.1875,1265.6250
406,fish,0.6343,102.3609,1214.7750,145.1391,1251.2250,123.7500,1233.0000
406,fish,0.6309,890.0438,1230.8625,943.7062,1273.3875,916.8750,1252.1250
406,fish,0.6216,944.3250,700.5375,992.9250,734.9625,968.6250,717.7500
406,fish,0.6152,234.3094,980.7750,280.3781,1017.2250,257.3438,999.0000
406,fish,0.6143,195.5391,685.0125,244.8984,723.4875,220.2188,704.2500
406,fish,0.5669,886.8375,986.2875,933.4125,1020.7125,910.1250,1003.5000
406,fish,0.5479,630.3375,999.6187,676.9125,1031.0062,653.6250,1015.3125
407,fish,0.7505,478.6313,990.9000,528.2437,1027.3500,503.4375,1009.1250
407,fish,0.6934,580.8375,275.8781,637.5375,315.8719,609.1875,295.8750
407,fish,0.6934,383.8500,689.1750,438.5250,731.7000,411.1875,710.4375
407,fish,0.6816,388.4625,416.8406,445.1625,457.8469,416.8125,437.3438
407,fish,0.6704,975.8250,403.0875,1024.4250,439.5375,1000.1250,421.3125
407,fish,0.6699,491.3156,1192.2750,536.3719,1228.7250,513.8438,1210.5000
407,fish,0.6426,716.2875,1244.2500,770.9625,1284.7500,743.6250,1264.5000
407,fish,0.6289,890.5500,1230.9750,943.2000,1275.5250,916.8750,1253.2500
407,fish,0.6152,223.6500,415.8281,275.2875,453.7969,249.4688,434.8125
407,fish,0.6152,744.4125,667.8000,799.0875,720.4500,771.7500,694.1250
407,fish,0.6152,944.3250,699.5250,992.9250,735.9750,968.6250,717.7500
407,fish,0.6069,234.6188,978.5250,281.1938,1014.9750,257.9062,996.7500
407,fish,0.5972,884.4750,985.6688,929.0250,1019.0812,906.7500,1002.3750
407,fish,0.5879,194.4422,683.7750,241.7766,720.2250,218.1094,702.0000
407,fish,0.5815,109.2516,1212.5250,154.5609,1248.9750,131.9062,1230.7500
407,fish,0.5488,630.3375,999.6187,676.9125,1031.0062,653.6250,1015.3125
408,fish,0.7090,577.5187,275.4352,635.2313,315.0492,606.3750,295.2422
408,fish,0.6943,487.8000,1201.5000,535.3875,1242.0000,511.5938,1221.7500
408,fish,0.6802,388.4625,416.3062,445.1625,457.8188,416.8125,437.0625
408,fish,0.6714,975.2625,404.2125,1023.8625,440.6625,999.5625,422.4375
408,fish,0.6416,220.0500,417.2625,272.7000,455.7375,246.3750,436.5000
408,fish,0.6396,479.2500,996.0187,529.8750,1033.4813,504.5625,1014.7500
408,fish,0.6362,715.1063,1244.2500,768.7687,1284.7500,741.9375,1264.5000
408,fish,0.6318,878.9625,985.1625,925.5375,1019.5875,902.2500,1002.3750
408,fish,0.6318,890.5500,1230.9750,943.2000,1275.5250,916.8750,1253.2500
408,fish,0.6289,742.2750,679.7250,798.9750,734.4000,770.6250,707.0625
408,fish,0.6162,116.5359,1211.4000,161.3391,1247.8500,138.9375,1229.6250
408,fish,0.6162,367.5938,695.3625,423.2812,737.8875,395.4375,716.6250
408,fish,0.6074,944.3250,699.5250,992.9250,735.9750,968.6250,717.7500
408,fish,0.5972,234.0844,976.3875,281.1656,1014.8625,257.6250,995.6250
408,fish,0.5767,195.3000,679.3875,242.8875,717.8625,219.0938,698.6250
408,fish,0.5620,629.2687,999.1125,676.8563,1031.5125,653.0625,1015.3125
409,fish,0.7227,576.3937,275.5969,634.1063,315.5906,605.2500,295.5938
409,fish,0.6929,469.0406,995.5125,528.2719,1033.9875,498.6562,1014.7500
409,fish,0.6802,219.7969,418.9500,272.9531,457.4250,246.3750,438.1875
409,fish,0.6772,388.1812,416.3062,444.8813,457.8188,416.5312,437.0625
409,fish,0.6738,975.8250,403.7063,1024.4250,441.1687,1000.1250,422.4375
409,fish,0.6548,874.4625,985.1625,921.0375,1019.5875,897.7500,1002.3750
409,fish,0.6504,489.1500,1217.0250,535.7250,1253.4750,512.4375,1235.2500
409,fish,0.6299,740.0250,681.3563,796.7250,735.0187,768.3750,708.1875
409,fish,0.6279,890.6063,1230.9750,944.2687,1275.5250,917.4375,1253.2500
409,fish,0.6270,712.2938,1244.2500,765.9562,1284.7500,739.1250,1264.5000
409,fish,0.6177,194.8078,672.7500,246.1922,713.2500,220.5000,693.0000
409,fish,0.6167,127.0020,1213.5375,171.6152,1247.9625,149.3086,1230.7500
409,fish,0.6167,355.9500,696.3750,414.6750,736.8750,385.3125,716.6250
409,fish,0.6021,944.3250,699.5250,992.9250,735.9750,968.6250,717.7500
409,fish,0.5938,230.1750,975.2625,277.7625,1013.7375,253.9688,994.5000
409,fish,0.5630,629.2125,999.6750,675.7875,1032.0750,652.5000,1015.8750
410,fish,0.7202,577.7578,275.3156,634.7109,315.3094,606.2344,295.3125
410,fish,0.7104,467.3813,994.3875,527.1187,1032.8625,497.2500,1013.6250
410,fish,0.6836,492.4125,1228.2750,536.9625,1264.7250,514.6875,1246.5000
410,fish,0.6802,389.5875,416.3062,446.2875,457.8188,417.9375,437.0625
410,fish,0.6704,352.2375,695.1938,404.8875,734.6812,378.5625,714.9375
410,fish,0.6611,975.3188,404.2688,1024.9313,441.7312,1000.1250,423.0000
410,fish,0.6592,220.8375,418.8938,272.4750,456.3562,246.6562,437.6250
410,fish,0.6533,231.8766,974.0250,277.1859,1010.4750,254.5312,992.2500
410,fish,0.6309,889.5375,1230.9750,944.2125,1275.5250,916.8750,1253.2500
410,fish,0.6260,710.6625,1244.2500,765.3375,1284.7500,738.0000,1264.5000
410,fish,0.6235,945.4500,700.0875,994.0500,736.5375,969.7500,718.3125
410,fish,0.6206,196.1719,670.5562,249.3281,712.0688,222.7500,691.3125
410,fish,0.6123,869.4000,986.8500,915.9750,1021.2750,892.6875,1004.0625
410,fish,0.6113,145.7543,1214.7750,191.2535,1251.2250,168.5039,1233.0000
410,fish,0.6040,741.2062,680.1750,798.9188,732.8250,770.0625,706.5000
410,fish,0.5630,628.7062,999.6750,676.2938,1032.0750,652.5000,1015.8750
411,fish,0.7285,573.5812,276.8836,631.2938,317.2570,602.4375,297.0703
411,fish,0.7065,467.3250,994.9500,526.0500,1033.4250,496.6875,1014.1875
411,fish,0.6836,390.9656,416.8406,447.1594,457.8469,419.0625,437.3438
411,fish,0.6704,975.3188,404.2688,1024.9313,441.7312,1000.1250,423.0000
411,fish,0.6626,231.9047,962.8875,277.7203,1001.3625,254.8125,982.1250
411,fish,0.6621,490.8375,1232.7750,537.4125,1269.2250,514.1250,1251.0000
411,fish,0.6567,216.0563,418.8938,267.6938,456.3562,241.8750,437.6250
411,fish,0.6514,347.1750,694.1250,399.8250,734.6250,373.5000,714.3750
411,fish,0.6387,865.3500,989.6063,909.9000,1023.0187,887.6250,1006.3125
411,fish,0.6289,889.5375,1230.8625,944.2125,1273.3875,916.8750,1252.1250
411,fish,0.6162,944.3813,700.6500,993.9937,737.1000,969.1875,718.8750
411,fish,0.6094,707.3438,1244.2500,763.0312,1284.7500,735.1875,1264.5000
411,fish,0.6074,161.6625,1219.2750,208.7438,1255.7250,185.2031,1237.5000
411,fish,0.5928,745.5375,674.6625,800.2125,729.3375,772.8750,702.0000
411,fish,0.5869,201.1078,668.8687,251.9859,710.3813,226.5469,689.6250
411,fish,0.5679,628.7062,999.6750,676.2938,1032.0750,652.5000,1015.8750
412,fish,0.7256,572.4562,278.8102,630.1688,318.4242,601.3125,298.6172
412,fish,0.6870,231.4969,953.7750,277.5656,990.2250,254.5312,972.0000
412,fish,0.6689,178.1156,1223.7750,225.1969,1260.2250,201.6562,1242.0000
412,fish,0.6680,488.4187,1235.0250,537.0187,1271.4750,512.7188,1253.2500
412,fish,0.6665,975.8250,404.2688,1024.4250,441.7312,1000.1250,423.0000
412,fish,0.6665,467.8313,993.8250,525.5438,1032.3000,496.6875,1013.0625
412,fish,0.6514,216.8719,414.0844,268.0031,451.0406,242.4375,432.5625
412,fish,0.6504,390.0938,417.3750,445.7812,457.8750,417.9375,437.6250
412,fish,0.6494,336.7688,695.3625,394.4812,737.8875,365.6250,716.6250
412,fish,0.6450,704.5875,1244.4750,761.2875,1289.0250,732.9375,1266.7500
412,fish,0.6377,752.4000,662.7938,809.1000,716.4562,780.7500,689.6250
412,fish,0.6318,861.0187,989.6625,908.6063,1024.0875,884.8125,1006.8750
412,fish,0.6299,890.1000,1230.8625,944.7750,1273.3875,917.4375,1252.1250
412,fish,0.6245,201.7547,668.3625,254.1516,710.8875,227.9531,689.6250
412,fish,0.6084,944.3813,700.6500,993.9937,737.1000,969.1875,718.8750
412,fish,0.5708,628.7062,999.6750,676.2938,1032.0750,652.5000,1015.8750
413,fish,0.7520,750.0938,646.0875,805.7812,702.7875,777.9375,674.4375
413,fish,0.7168,230.1469,946.0688,277.2281,985.5562,253.6875,965.8125
413,fish,0.7051,218.5031,408.7688,268.6219,446.2312,243.5625,427.5000
413,fish,0.6919,570.4172,278.1000,626.8641,317.5875,598.6406,297.8438
413,fish,0.6841,479.5312,992.1375,530.1562,1030.6125,504.8438,1011.3750
413,fish,0.6836,974.7563,404.2688,1024.3688,441.7312,999.5625,423.0000
413,fish,0.6626,390.4875,417.8813,443.1375,457.3687,416.8125,437.6250
413,fish,0.6538,195.4688,1230.5250,241.0312,1266.9750,218.2500,1248.7500
413,fish,0.6523,705.0375,1245.4875,759.7125,1288.0125,732.3750,1266.7500
413,fish,0.6387,206.7469,665.0438,260.4094,708.5812,233.5781,686.8125
413,fish,0.6377,321.8062,696.4875,378.5063,739.0125,350.1562,717.7500
413,fish,0.6270,858.1500,988.5375,904.7250,1022.9625,881.4375,1005.7500
413,fish,0.6235,889.5375,1230.8625,944.2125,1273.3875,916.8750,1252.1250
413,fish,0.6094,943.8188,700.1437,993.4312,737.6063,968.6250,718.8750
413,fish,0.5957,490.2750,1241.7750,536.8500,1278.2250,513.5625,1260.0000
413,fish,0.5679,629.2125,999.6750,675.7875,1032.0750,652.5000,1015.8750
414,fish,0.7153,225.1687,405.5625,273.7688,441.0000,249.4688,423.2812
414,fish,0.7075,230.5969,942.6375,278.1844,981.1125,254.3906,961.8750
414,fish,0.7026,217.0125,1235.1375,265.6125,1273.6125,241.3125,1254.3750
414,fish,0.6826,973.6875,404.5500,1024.3125,442.0125,999.0000,423.2812
414,fish,0.6816,750.0375,631.8563,804.7125,685.5187,777.3750,658.6875
414,fish,0.6792,388.8562,416.8125,442.5188,457.3125,415.6875,437.0625
414,fish,0.6602,487.2656,982.0125,535.3594,1020.4875,511.3125,1001.2500
414,fish,0.6514,703.9125,1245.4875,758.5875,1288.0125,731.2500,1266.7500
414,fish,0.6479,567.3375,277.2563,624.0375,316.7437,595.6875,297.0000
414,fish,0.6226,311.0063,694.2375,365.6812,736.7625,338.3438,715.5000
414,fish,0.6196,494.6906,1243.9125,539.7469,1278.3375,517.2188,1261.1250
414,fish,0.6187,890.6625,1230.8625,945.3375,1273.3875,918.0000,1252.1250
414,fish,0.6123,943.3125,700.1437,993.9375,737.6063,968.6250,718.8750
414,fish,0.5898,215.5781,660.7125,268.7344,707.2875,242.1562,684.0000
414,fish,0.5889,854.2125,986.3438,900.7875,1021.7812,877.5000,1004.0625
414,fish,0.5601,628.2000,999.6750,676.8000,1032.0750,652.5000,1015.8750
415,fish,0.7280,302.9062,696.0375,358.5938,740.5875,330.7500,718.3125
415,fish,0.7124,227.3906,403.6219,275.4844,439.5656,251.4375,421.5938
415,fish,0.7007,746.6625,625.7250,801.3375,680.4000,774.0000,653.0625
415,fish,0.6992,389.9250,417.2906,442.5750,456.2719,416.2500,436.7812
415,fish,0.6851,232.1438,929.1938,279.7312,968.6812,255.9375,948.9375
415,fish,0.6782,974.7563,405.3656,1024.3688,442.3219,999.5625,423.8438
415,fish,0.6577,496.3500,1237.2750,540.9000,1273.7250,518.6250,1255.5000
415,fish,0.6533,220.0781,659.0250,273.2344,705.6000,246.6562,682.3125
415,fish,0.6514,486.7875,967.3875,536.4000,1005.8625,511.5938,986.6250
415,fish,0.6489,240.9609,1237.5000,290.3203,1278.0000,265.6406,1257.7500
415,fish,0.6299,943.8188,700.7062,993.4312,738.1688,968.6250,719.4375
415,fish,0.6167,565.0312,274.7250,620.7188,314.2125,592.8750,294.4688
415,fish,0.6123,890.6625,1230.8625,945.3375,1273.3875,918.0000,1252.1250
415,fish,0.6113,849.8250,983.0250,898.4250,1019.4750,874.1250,1001.2500
415,fish,0.5981,701.1000,1246.6125,755.7750,1289.1375,728.4375,1267.8750
415,fish,0.5508,629.2687,999.6750,676.8563,1032.0750,653.0625,1015.8750
416,fish,0.7075,390.4875,416.7563,443.1375,456.2437,416.8125,436.5000
416,fish,0.7056,230.3016,402.1594,277.6359,437.0906,253.9688,419.6250
416,fish,0.7041,489.3188,947.3625,538.9312,989.8875,514.1250,968.6250
416,fish,0.6992,232.4812,917.8875,281.0813,956.3625,256.7812,937.1250
416,fish,0.6958,846.3375,985.1625,892.9125,1019.5875,869.6250,1002.3750
416,fish,0.6899,494.7188,1228.3875,540.2812,1266.8625,517.5000,1247.6250
416,fish,0.6636,296.6625,696.4875,351.3375,739.0125,324.0000,717.7500
416,fish,0.6636,245.2922,1239.5250,291.6141,1275.9750,268.4531,1257.7500
416,fish,0.6621,974.7563,405.3938,1024.3688,442.8562,999.5625,424.1250
416,fish,0.6245,745.5375,620.6625,800.2125,675.3375,772.8750,648.0000
416,fish,0.6206,219.2344,656.8312,272.3906,704.4188,245.8125,680.6250
416,fish,0.6196,943.3125,700.6500,993.9375,737.1000,968.6250,718.8750
416,fish,0.6123,889.5375,1229.7375,944.2125,1272.2625,916.8750,1251.0000
416,fish,0.6021,562.5422,272.7563,618.9891,312.2437,590.7656,292.5000
416,fish,0.5508,701.6625,1246.5000,756.3375,1287.0000,729.0000,1266.7500
416,fish,0.5312,629.2125,1000.1812,675.7875,1031.5687,652.5000,1015.8750
417,fish,0.7266,245.0813,1244.0250,292.6687,1280.4750,268.8750,1262.2500
417,fish,0.7168,486.6750,929.4750,539.3250,974.0250,513.0000,951.7500
417,fish,0.7056,230.3578,396.9281,278.7047,433.8844,254.5312,415.4062
417,fish,0.6909,391.1062,416.2500,444.7688,456.7500,417.9375,436.5000
417,fish,0.6841,231.3141,913.8937,279.1547,951.3563,255.2344,932.6250
417,fish,0.6714,492.5250,1221.7500,539.1000,1262.2500,515.8125,1242.0000
417,fish,0.6689,842.9625,987.4125,889.5375,1021.8375,866.2500,1004.6250
417,fish,0.6636,561.6000,270.2250,616.2750,309.7125,588.9375,289.9688
417,fish,0.6548,744.9188,610.4250,798.5812,663.0750,771.7500,636.7500
417,fish,0.6470,975.3188,405.4219,1024.9313,443.3906,1000.1250,424.4062
417,fish,0.6460,296.5781,693.2812,349.7344,738.8438,323.1562,716.0625
417,fish,0.6162,889.5375,1229.7375,944.2125,1272.2625,916.8750,1251.0000
417,fish,0.6123,943.3125,700.6500,993.9375,737.1000,968.6250,718.8750
417,fish,0.6074,218.9953,654.0750,272.9109,702.6750,245.9531,678.3750
417,fish,0.5830,703.9125,1243.3500,758.5875,1287.9000,731.2500,1265.6250
417,fish,0.5283,629.2687,999.6187,676.8563,1031.0062,653.0625,1015.3125
418,fish,0.7402,488.2500,910.2938,538.8750,953.8312,513.5625,932.0625
418,fish,0.7231,233.1000,388.5188,282.7125,425.9812,257.9062,407.2500
418,fish,0.7104,227.0953,911.7000,274.9359,950.1750,251.0156,930.9375
418,fish,0.6992,242.0578,1247.4000,290.9109,1283.8500,266.4844,1265.6250
418,fish,0.6851,391.0500,417.3188,443.7000,456.8062,417.3750,437.0625
418,fish,0.6807,562.7250,271.0125,617.4000,309.4875,590.0625,290.2500
418,fish,0.6602,975.8250,405.6750,1024.4250,443.1375,1000.1250,424.4062
418,fish,0.6592,744.9188,606.4875,798.5812,659.1375,771.7500,632.8125
418,fish,0.6426,491.6812,1214.7750,538.2563,1251.2250,514.9688,1233.0000
418,fish,0.6426,703.7437,1239.7500,755.3813,1280.2500,729.5625,1260.0000
418,fish,0.6377,839.5875,990.1688,886.1625,1023.5812,862.8750,1006.8750
418,fish,0.6323,295.3687,695.5875,347.0063,742.1625,321.1875,718.8750
418,fish,0.6250,219.4453,651.2625,273.8672,699.8625,246.6562,675.5625
418,fish,0.6143,943.3125,699.6375,993.9375,738.1125,968.6250,718.8750
418,fish,0.6123,890.6625,1228.7250,945.3375,1273.2750,918.0000,1251.0000
418,fish,0.5332,629.2687,999.6750,676.8563,1032.0750,653.0625,1015.8750
419,fish,0.7202,487.4625,894.0375,539.1000,938.5875,513.2812,916.3125
419,fish,0.7056,493.0312,1201.2750,538.5938,1237.7250,515.8125,1219.5000
419,fish,0.6958,746.4937,604.6313,798.1313,654.2437,772.3125,629.4375
419,fish,0.6802,392.1750,416.7563,444.8250,456.2437,418.5000,436.5000
419,fish,0.6782,232.5516,382.3313,282.4172,419.7937,257.4844,401.0625
419,fish,0.6772,975.2625,406.4625,1023.8625,442.9125,999.5625,424.6875
419,fish,0.6558,835.5938,990.6750,881.1562,1023.0750,858.3750,1006.8750
419,fish,0.6533,238.7109,1244.2500,288.0703,1284.7500,263.3906,1264.5000
419,fish,0.6523,220.3594,916.6500,268.4531,953.1000,244.4062,934.8750
419,fish,0.6479,218.5031,649.4625,273.6844,696.0375,246.0938,672.7500
419,fish,0.6450,561.8953,271.2023,616.8234,310.5633,589.3594,290.8828
419,fish,0.6362,700.5375,1239.7500,755.2125,1280.2500,727.8750,1260.0000
419,fish,0.6226,943.3125,700.7062,993.9375,738.1688,968.6250,719.4375
419,fish,0.6104,890.6625,1230.8625,945.3375,1273.3875,918.0000,1252.1250
419,fish,0.5786,296.4937,694.2938,348.1313,737.8312,322.3125,716.0625
419,fish,0.5479,629.2125,1000.1812,675.7875,1031.5687,652.5000,1015.8750
420,fish,0.7056,485.4094,879.8625,535.5281,922.3875,510.4688,901.1250
420,fish,0.6909,231.9187,381.7125,280.5188,418.1625,256.2188,399.9375
420,fish,0.6885,225.1406,923.4000,273.2344,959.8500,249.1875,941.6250
420,fish,0.6870,745.4250,607.3875,798.0750,655.9875,771.7500,631.6875
420,fish,0.6807,700.1437,1239.7500,757.8563,1280.2500,729.0000,1260.0000
420,fish,0.6748,492.9750,1194.6375,537.5250,1233.1125,515.2500,1213.8750
420,fish,0.6733,393.8625,415.6875,446.5125,456.1875,420.1875,435.9375
420,fish,0.6670,975.8250,406.4625,1024.4250,442.9125,1000.1250,424.6875
420,fish,0.6396,560.7703,272.1938,615.6984,311.6812,588.2344,291.9375
420,fish,0.6362,219.2063,644.9062,274.3875,690.4688,246.7969,667.6875
420,fish,0.6250,891.1688,1231.9875,944.8312,1274.5125,918.0000,1253.2500
420,fish,0.6133,943.8188,700.6500,993.4312,737.1000,968.6250,718.8750
420,fish,0.6084,834.9750,989.0438,879.5250,1022.4562,857.2500,1005.7500
420,fish,0.5962,241.2562,1243.2375,290.8687,1285.7625,266.0625,1264.5000
420,fish,0.5947,296.0719,695.4750,350.2406,740.0250,323.1562,717.7500
420,fish,0.5400,630.3937,1000.1250,677.9813,1030.5000,654.1875,1015.3125
421,fish,0.7358,487.0406,876.4875,536.1469,919.0125,511.5938,897.7500
421,fish,0.7124,229.4156,380.5875,278.5219,417.0375,253.9688,398.8125
421,fish,0.6978,487.5188,1199.0250,535.1063,1235.4750,511.3125,1217.2500
421,fish,0.6899,700.7625,1239.7500,759.4875,1280.2500,730.1250,1260.0000
421,fish,0.6826,299.4187,695.9813,353.0813,739.5187,326.2500,717.7500
421,fish,0.6792,975.2625,406.4625,1023.8625,442.9125,999.5625,424.6875
421,fish,0.6738,224.2406,933.5250,271.3219,969.9750,247.7812,951.7500
421,fish,0.6680,396.1125,415.6875,448.7625,456.1875,422.4375,435.9375
421,fish,0.6655,744.4125,619.3125,799.0875,669.9375,771.7500,644.6250
421,fish,0.6479,830.4750,985.1625,875.0250,1019.5875,852.7500,1002.3750
421,fish,0.6470,217.3500,646.5375,272.0250,691.0875,244.6875,668.8125
421,fish,0.6299,944.3250,700.6500,992.9250,737.1000,968.6250,718.8750
421,fish,0.6270,891.1688,1231.9875,944.8312,1274.5125,918.0000,1253.2500
421,fish,0.6123,245.5875,1236.2625,292.1625,1274.7375,268.8750,1255.5000
421,fish,0.6094,561.4172,273.0656,617.8641,313.0594,589.6406,293.0625
421,fish,0.5264,630.3375,1000.1250,676.9125,1030.5000,653.6250,1015.3125
422,fish,0.7056,480.6844,879.4688,531.8156,925.0312,506.2500,902.2500
422,fish,0.6958,247.9781,1228.2750,292.0219,1264.7250,270.0000,1246.5000
422,fish,0.6895,745.5375,632.8125,800.2125,683.4375,772.8750,658.1250
422,fish,0.6851,486.1969,1204.6500,535.3031,1241.1000,510.7500,1222.8750
422,fish,0.6826,231.6375,378.8719,280.2375,414.8156,255.9375,396.8438
422,fish,0.6772,975.2625,405.9563,1023.8625,443.4187,999.5625,424.6875
422,fish,0.6748,307.7437,694.4625,359.3813,741.0375,333.5625,717.7500
422,fish,0.6699,225.0141,943.7625,273.3609,982.2375,249.1875,963.0000
422,fish,0.6626,398.8125,415.6031,449.4375,454.5844,424.1250,435.0938
422,fish,0.6626,699.5250,1242.0000,756.2250,1282.5000,727.8750,1262.2500
422,fish,0.6514,213.0750,649.8000,266.7375,692.3250,239.9062,671.0625
422,fish,0.6494,829.2938,983.4750,872.8312,1017.9000,851.0625,1000.6875
422,fish,0.6279,891.1688,1231.9875,944.8312,1274.5125,918.0000,1253.2500
422,fish,0.6216,944.3250,700.6500,992.9250,737.1000,968.6250,718.8750
422,fish,0.6074,562.0078,274.4719,618.9609,314.4656,590.4844,294.4688
422,fish,0.5264,629.8312,999.5625,677.4188,1029.9375,653.6250,1014.7500
423,fish,0.7295,489.5156,1217.0250,537.6094,1253.4750,513.5625,1235.2500
423,fish,0.7280,479.9812,894.7125,533.6437,941.2875,506.8125,918.0000
423,fish,0.7266,230.4703,377.7188,278.3109,413.1562,254.3906,395.4375
423,fish,0.6934,207.5906,653.6250,258.7219,694.1250,233.1562,673.8750
423,fish,0.6929,224.6062,957.1500,273.2063,993.6000,248.9062,975.3750
423,fish,0.6792,402.1875,414.2250,452.8125,453.7125,427.5000,433.9688
423,fish,0.6758,975.2625,406.4625,1023.8625,442.9125,999.5625,424.6875
423,fish,0.6758,827.6063,979.5375,871.1437,1013.9625,849.3750,996.7500
423,fish,0.6714,746.7188,641.3625,802.4062,694.0125,774.5625,667.6875
423,fish,0.6646,561.4172,275.8500,617.8641,315.3375,589.6406,295.5938
423,fish,0.6548,698.1750,1242.1125,750.8250,1284.6375,724.5000,1263.3750
423,fish,0.6538,249.3281,1220.4000,292.3594,1256.8500,270.8438,1238.6250
423,fish,0.6318,891.1688,1233.0000,944.8312,1273.5000,918.0000,1253.2500
423,fish,0.6167,944.4375,700.6500,995.0625,737.1000,969.7500,718.8750
423,fish,0.6094,321.8344,693.2250,373.9781,737.7750,347.9062,715.5000
423,fish,0.5293,629.8312,999.5625,677.4188,1029.9375,653.6250,1014.7500
424,fish,0.7637,222.9469,965.0250,272.0531,1001.4750,247.5000,983.2500
424,fish,0.7388,229.9500,381.3469,278.5500,416.2781,254.2500,398.8125
424,fish,0.6953,490.8938,1233.9000,538.4813,1270.3500,514.6875,1252.1250
424,fish,0.6836,200.4328,654.5812,246.7547,692.0438,223.5938,673.3125
424,fish,0.6758,247.4297,1214.7750,291.7266,1251.2250,269.5781,1233.0000
424,fish,0.6670,561.4172,276.1313,617.8641,315.6187,589.6406,295.8750
424,fish,0.6655,487.4906,925.2000,539.6344,973.8000,513.5625,949.5000
424,fish,0.6523,824.8500,976.2750,869.4000,1012.7250,847.1250,994.5000
424,fish,0.6450,975.8250,405.9563,1024.4250,443.4187,1000.1250,424.6875
424,fish,0.6450,747.2250,654.3000,801.9000,706.9500,774.5625,680.6250
424,fish,0.6440,335.0250,690.9188,386.6625,734.4562,360.8438,712.6875
424,fish,0.6289,891.1688,1233.0000,944.8312,1273.5000,918.0000,1253.2500
424,fish,0.6270,406.6875,413.1000,457.3125,452.5875,432.0000,432.8438
424,fish,0.6167,944.4375,700.0875,995.0625,736.5375,969.7500,718.3125
424,fish,0.5815,695.7563,1248.6375,745.3687,1287.1125,720.5625,1267.8750
424,fish,0.5312,629.8312,999.6187,677.4188,1031.0062,653.6250,1015.3125
425,fish,0.7563,225.9281,975.0375,273.0094,1009.4625,249.4688,992.2500
425,fish,0.7217,227.5172,383.2312,275.3578,416.6438,251.4375,399.9375
425,fish,0.7090,247.1062,1209.1500,290.6438,1245.6000,268.8750,1227.3750
425,fish,0.6636,486.7875,947.7563,541.4625,997.3687,514.1250,972.5625
425,fish,0.6602,561.1500,275.5969,617.8500,315.5906,589.5000,295.5938
425,fish,0.6577,350.4937,691.8750,402.1313,732.3750,376.3125,712.1250
425,fish,0.6558,487.6313,1245.1500,537.2437,1281.6000,512.4375,1263.3750
425,fish,0.6479,190.0687,653.5125,239.6813,691.9875,214.8750,672.7500
425,fish,0.6372,974.7000,406.5469,1023.3000,444.5156,999.0000,425.5312
425,fish,0.6323,823.7250,971.7750,868.2750,1008.2250,846.0000,990.0000
425,fish,0.6279,891.6750,1230.8625,944.3250,1273.3875,918.0000,1252.1250
425,fish,0.6162,944.3813,700.6500,993.9937,737.1000,969.1875,718.8750
425,fish,0.6074,745.4250,661.0500,798.0750,713.7000,771.7500,687.3750
425,fish,0.5796,411.6938,412.8188,461.3062,452.3062,436.5000,432.5625
425,fish,0.5747,693.6187,1248.7500,745.2563,1289.2500,719.4375,1269.0000
425,fish,0.5332,630.3375,1000.6875,676.9125,1031.0625,653.6250,1015.8750
426,fish,0.8130,227.6859,386.1562,276.0328,421.5938,251.8594,403.8750
426,fish,0.7090,484.4812,969.8625,538.1437,1012.3875,511.3125,991.1250
426,fish,0.7041,181.7438,650.1375,233.3812,688.6125,207.5625,669.3750
426,fish,0.6782,224.2688,985.1625,271.8562,1019.5875,248.0625,1002.3750
426,fish,0.6724,244.0266,1202.4000,287.8172,1238.8500,265.9219,1220.6250
426,fish,0.6646,822.4875,969.3000,865.0125,1001.7000,843.7500,985.5000
426,fish,0.6636,370.5750,694.0125,424.2375,732.4875,397.4062,713.2500
426,fish,0.6479,975.8250,405.9844,1024.4250,443.9531,1000.1250,424.9688
426,fish,0.6377,561.1500,274.7531,617.8500,314.7469,589.5000,294.7500
426,fish,0.6333,891.6750,1233.0000,944.3250,1273.5000,918.0000,1253.2500
426,fish,0.6250,489.8250,1253.0250,538.4250,1289.4750,514.1250,1271.2500
426,fish,0.6216,746.5500,664.3687,799.2000,716.0063,772.8750,690.1875
426,fish,0.6069,944.4375,700.6500,995.0625,737.1000,969.7500,718.8750
426,fish,0.5669,688.2188,1247.7375,743.9062,1290.2625,716.0625,1269.0000
426,fish,0.5620,413.4375,412.8188,464.0625,452.3062,438.7500,432.5625
426,fish,0.5332,630.3937,999.6187,677.9813,1031.0062,654.1875,1015.3125
427,fish,0.7139,227.5734,392.4000,276.4266,428.8500,252.0000,410.6250
427,fish,0.7075,242.8734,1194.5250,286.1578,1230.9750,264.5156,1212.7500
427,fish,0.7041,223.9594,989.6625,271.0406,1024.0875,247.5000,1006.8750
427,fish,0.6978,175.9219,646.7625,229.0781,685.2375,202.5000,666.0000
427,fish,0.6851,477.3938,983.2500,530.0438,1023.7500,503.7188,1003.5000
427,fish,0.6836,389.3062,696.3750,440.9438,736.8750,415.1250,716.6250
427,fish,0.6772,693.3937,1244.4750,751.1063,1289.0250,722.2500,1266.7500
427,fish,0.6514,816.9750,964.3500,861.5250,998.7750,839.2500,981.5625
427,fish,0.6426,490.0781,1255.0500,538.1719,1287.4500,514.1250,1271.2500
427,fish,0.6416,975.8250,406.2656,1024.4250,444.2344,1000.1250,425.2500
427,fish,0.6235,890.6625,1231.9875,945.3375,1274.5125,918.0000,1253.2500
427,fish,0.6162,561.1500,273.3750,617.8500,313.8750,589.5000,293.6250
427,fish,0.6113,943.3125,700.1437,993.9375,737.6063,968.6250,718.8750
427,fish,0.6021,746.5500,668.3062,799.2000,719.9438,772.8750,694.1250
427,fish,0.5342,630.3937,999.6187,677.9813,1031.0062,654.1875,1015.3125
427,fish,0.5225,416.5031,412.0312,466.6219,452.5312,441.5625,432.2812
428,fish,0.7476,173.8688,637.8750,225.5062,678.3750,199.6875,658.1250
428,fish,0.7090,749.9250,675.5625,802.5750,726.1875,776.2500,700.8750
428,fish,0.6826,473.2312,986.6250,526.8937,1027.1250,500.0625,1006.8750
428,fish,0.6792,695.2500,1244.4750,756.0000,1289.0250,725.6250,1266.7500
428,fish,0.6602,228.0656,403.1438,278.1844,440.6062,253.1250,421.8750
428,fish,0.6567,404.9156,697.6125,459.0844,740.1375,432.0000,718.8750
428,fish,0.6426,975.8250,405.9844,1024.4250,443.9531,1000.1250,424.9688
428,fish,0.6416,240.2438,1185.5250,284.2875,1221.9750,262.2656,1203.7500
428,fish,0.6270,223.5797,985.1625,271.4203,1019.5875,247.5000,1002.3750
428,fish,0.6206,890.6625,1230.9750,945.3375,1275.5250,918.0000,1253.2500
428,fish,0.6177,490.9500,1250.7750,539.5500,1287.2250,515.2500,1269.0000
428,fish,0.6143,561.8953,274.3102,616.8234,313.9242,589.3594,294.1172
428,fish,0.6143,815.7938,958.2188,859.3312,993.6562,837.5625,975.9375
428,fish,0.6094,943.3125,700.6500,993.9375,737.1000,968.6250,718.8750
428,fish,0.5776,420.0750,412.2563,468.6750,451.7437,444.3750,432.0000
428,fish,0.5273,631.4625,999.6187,678.0375,1031.0062,654.7500,1015.3125
429,fish,0.7007,234.7875,1172.1375,279.3375,1210.6125,257.0625,1191.3750
429,fish,0.6992,746.7750,680.2875,803.4750,734.9625,775.1250,707.6250
429,fish,0.6724,695.3625,1244.4750,758.1375,1289.0250,726.7500,1266.7500
429,fish,0.6670,171.2672,634.8937,221.6391,672.3563,196.4531,653.6250
429,fish,0.6567,974.8125,405.9844,1025.4375,443.9531,1000.1250,424.9688
429,fish,0.6538,472.2188,984.3188,527.9062,1023.8062,500.0625,1004.0625
429,fish,0.6479,420.3562,694.2375,474.0188,736.7625,447.1875,715.5000
429,fish,0.6406,560.6578,274.8727,613.5609,314.4867,587.1094,294.6797
429,fish,0.6343,225.5344,984.0375,270.5906,1018.4625,248.0625,1001.2500
429,fish,0.6333,222.8906,413.3813,276.0469,452.8687,249.4688,433.1250
429,fish,0.6270,811.9688,956.0250,857.5312,992.4750,834.7500,974.2500
429,fish,0.6245,891.1688,1230.8625,944.8312,1273.3875,918.0000,1252.1250
429,fish,0.6162,943.3125,700.6500,993.9375,737.1000,968.6250,718.8750
429,fish,0.6030,490.1062,1248.5250,538.7062,1284.9750,514.4062,1266.7500
429,fish,0.5630,423.5063,413.3250,473.1187,451.8000,448.3125,432.5625
429,fish,0.5459,630.3937,999.6187,677.9813,1031.0062,654.1875,1015.3125
430,fish,0.6958,561.1922,277.1719,613.5891,315.1406,587.3906,296.1562
430,fish,0.6934,223.6781,1163.2500,270.7594,1203.7500,247.2188,1183.5000
430,fish,0.6860,697.5000,1244.4750,758.2500,1289.0250,727.8750,1266.7500
430,fish,0.6851,231.7078,975.0375,276.5109,1009.4625,254.1094,992.2500
430,fish,0.6826,477.1125,979.7625,529.7625,1018.2375,503.4375,999.0000
430,fish,0.6768,220.3313,417.8250,272.9812,456.3000,246.6562,437.0625
430,fish,0.6626,975.8250,405.9563,1024.4250,443.4187,1000.1250,424.6875
430,fish,0.6592,173.8406,629.8875,224.9719,668.3625,199.4062,649.1250
430,fish,0.6406,436.5000,691.5375,492.1875,736.0875,464.3438,713.8125
430,fish,0.6323,943.8188,701.2125,993.4312,737.6625,968.6250,719.4375
430,fish,0.6279,811.8563,954.2250,855.3937,988.6500,833.6250,971.4375
430,fish,0.6133,890.6625,1230.8625,945.3375,1273.3875,918.0000,1252.1250
430,fish,0.6123,745.0875,679.7250,801.7875,734.4000,773.4375,707.0625
430,fish,0.5947,489.8250,1247.4000,538.4250,1283.8500,514.1250,1265.6250
430,fish,0.5322,630.3375,999.6187,676.9125,1031.0062,653.6250,1015.3125
430,fish,0.5254,419.7937,407.1375,473.4563,450.6750,446.6250,428.9062
431,fish,0.7593,211.5000,1163.2500,262.1250,1203.7500,236.8125,1183.5000
431,fish,0.7168,560.9250,276.3844,613.5750,315.3656,587.2500,295.8750
431,fish,0.6982,217.9688,419.5688,273.6562,459.0562,245.8125,439.3125
431,fish,0.6978,811.7437,951.8625,853.2563,984.2625,832.5000,968.0625
431,fish,0.6768,232.3266,957.1500,278.1422,993.6000,255.2344,975.3750
431,fish,0.6738,479.5594,973.0125,530.6906,1011.4875,505.1250,992.2500
431,fish,0.6724,975.3188,405.9563,1024.9313,443.4187,1000.1250,424.6875
431,fish,0.6646,489.4875,1246.1625,537.0750,1280.5875,513.2812,1263.3750
431,fish,0.6592,437.7937,404.8031,491.4563,446.8219,464.6250,425.8125
431,fish,0.6582,176.0484,625.5000,231.4828,666.0000,203.7656,645.7500
431,fish,0.6582,697.3312,1245.4875,755.0438,1288.0125,726.1875,1266.7500
431,fish,0.6353,456.3562,690.4125,510.0188,734.9625,483.1875,712.6875
431,fish,0.6216,944.3250,701.2125,992.9250,737.6625,968.6250,719.4375
431,fish,0.6143,890.6625,1230.8625,945.3375,1273.3875,918.0000,1252.1250
431,fish,0.6074,745.4250,682.4250,798.0750,735.0750,771.7500,708.7500
431,fish,0.5078,630.3937,999.5625,677.9813,1029.9375,654.1875,1014.7500
432,fish,0.7104,560.3625,275.8219,613.0125,314.8031,586.6875,295.3125
432,fish,0.7104,810.7313,946.9125,854.2687,981.3375,832.5000,964.1250
432,fish,0.7104,218.1375,420.0750,271.8000,458.5500,244.9688,439.3125
432,fish,0.7041,230.2172,939.2062,276.0328,976.6688,253.1250,957.9375
432,fish,0.7026,482.1187,963.0000,533.7563,1003.5000,507.9375,983.2500
432,fish,0.6792,197.5500,1172.0250,245.1375,1208.4750,221.3438,1190.2500
432,fish,0.6768,974.7563,405.3938,1024.3688,442.8562,999.5625,424.1250
432,fish,0.6689,449.5500,397.6875,502.2000,438.1875,475.8750,417.9375
432,fish,0.6655,691.7625,1245.4875,750.4875,1288.0125,721.1250,1266.7500
432,fish,0.6523,186.6375,624.3750,240.3000,664.8750,213.4688,644.6250
432,fish,0.6299,471.6562,690.9750,527.3438,735.5250,499.5000,713.2500
432,fish,0.6216,490.3031,1241.7750,537.3844,1278.2250,513.8438,1260.0000
432,fish,0.6167,742.2750,682.4250,798.9750,735.0750,770.6250,708.7500
432,fish,0.6162,944.3250,700.6500,992.9250,737.1000,968.6250,718.8750
432,fish,0.6143,890.6625,1230.8625,945.3375,1273.3875,918.0000,1252.1250
432,fish,0.5088,630.9562,999.5625,678.5438,1029.9375,654.7500,1014.7500
433,fish,0.7139,220.2469,418.3594,271.3781,456.3281,245.8125,437.3438
433,fish,0.6929,560.8687,275.0836,612.5063,313.4320,586.6875,294.2578
433,fish,0.6919,480.4875,952.8750,533.1375,993.3750,506.8125,973.1250
433,fish,0.6895,182.9812,1191.2625,231.5813,1229.7375,207.2812,1210.5000
433,fish,0.6870,811.2938,944.7188,854.8312,980.1562,833.0625,962.4375
433,fish,0.6851,193.6687,623.3625,247.3313,665.8875,220.5000,644.6250
433,fish,0.6836,974.7563,404.8313,1024.3688,442.2937,999.5625,423.5625
433,fish,0.6768,682.8750,1244.4750,743.6250,1289.0250,713.2500,1266.7500
433,fish,0.6733,458.6062,384.8625,512.2687,427.3875,485.4375,406.1250
433,fish,0.6689,495.2812,1232.7750,540.8438,1269.2250,518.0625,1251.0000
433,fish,0.6636,483.8625,693.1688,536.5125,736.7062,510.1875,714.9375
433,fish,0.6592,229.6125,922.3875,277.2000,960.8625,253.4062,941.6250
433,fish,0.6279,744.4688,682.3125,800.1562,732.9375,772.3125,707.6250
433,fish,0.6196,890.6625,1230.8625,945.3375,1273.3875,918.0000,1252.1250
433,fish,0.6143,944.3250,700.6500,992.9250,737.1000,968.6250,718.8750
433,fish,0.5088,630.4500,999.5625,679.0500,1029.9375,654.7500,1014.7500
434,fish,0.7124,494.6625,1226.0250,539.2125,1262.4750,516.9375,1244.2500
434,fish,0.7075,221.8781,413.8313,271.9969,451.2937,246.9375,432.5625
434,fish,0.6978,482.7375,941.6250,535.3875,982.1250,509.0625,961.8750
434,fish,0.6958,170.7750,1214.7750,219.8812,1251.2250,195.3281,1233.0000
434,fish,0.6943,464.9062,373.1062,520.5938,416.6438,492.7500,394.8750
434,fish,0.6836,680.6250,1244.4750,741.3750,1289.0250,711.0000,1266.7500
434,fish,0.6802,975.8250,404.8313,1024.4250,442.2937,1000.1250,423.5625
434,fish,0.6748,484.4250,695.9813,537.0750,739.5187,510.7500,717.7500
434,fish,0.6626,559.8000,273.2625,612.4500,311.7375,586.1250,292.5000
434,fish,0.6523,202.5563,622.2375,254.1937,664.7625,228.3750,643.5000
434,fish,0.6494,226.9125,916.7625,276.5250,955.2375,251.7188,936.0000
434,fish,0.6416,812.9250,943.5375,855.4500,977.9625,834.1875,960.7500
434,fish,0.6362,743.9062,682.2563,799.5938,731.8687,771.7500,707.0625
434,fish,0.6196,891.1688,1230.8625,944.8312,1273.3875,918.0000,1252.1250
434,fish,0.6177,944.3250,700.6500,992.9250,737.1000,968.6250,718.8750
434,fish,0.5166,630.4500,999.5625,679.0500,1029.9375,654.7500,1014.7500
435,fish,0.7402,490.4438,912.6000,540.0562,957.1500,515.2500,934.8750
435,fish,0.7041,470.7844,363.9937,525.9656,405.5063,498.3750,384.7500
435,fish,0.7007,208.4766,619.9875,260.3672,662.5125,234.4219,641.2500
435,fish,0.6978,680.0063,1244.4750,739.7437,1289.0250,709.8750,1266.7500
435,fish,0.6909,228.3609,922.8937,276.2016,960.3563,252.2812,941.6250
435,fish,0.6733,975.8250,405.3938,1024.4250,442.8562,1000.1250,424.1250
435,fish,0.6670,748.9125,674.4375,803.5875,725.0625,776.2500,699.7500
435,fish,0.6655,485.2688,696.5438,537.9188,740.0812,511.5938,718.3125
435,fish,0.6621,492.4688,1219.5000,538.0312,1260.0000,515.2500,1239.7500
435,fish,0.6592,818.4937,940.1625,860.0063,974.5875,839.2500,957.3750
435,fish,0.6582,558.6750,272.4187,611.3250,310.8938,585.0000,291.6562
435,fish,0.6396,164.1094,1232.7750,212.2031,1269.2250,188.1562,1251.0000
435,fish,0.6362,232.2844,401.5125,282.4031,439.9875,257.3438,420.7500
435,fish,0.6206,943.8188,700.6500,993.4312,737.1000,968.6250,718.8750
435,fish,0.6133,890.6625,1230.9750,945.3375,1275.5250,918.0000,1253.2500
435,fish,0.5273,630.3937,999.5625,677.9813,1029.9375,654.1875,1014.7500
436,fish,0.7505,490.9500,879.9750,539.5500,924.5250,515.2500,902.2500
436,fish,0.7476,236.4469,383.0063,285.5531,422.4937,261.0000,402.7500
436,fish,0.7168,475.7625,357.1875,529.4250,397.6875,502.5938,377.4375
436,fish,0.6978,678.9375,1244.4750,739.6875,1289.0250,709.3125,1266.7500
436,fish,0.6870,214.9594,621.2250,267.1031,665.7750,241.0312,643.5000
436,fish,0.6792,226.5469,932.5125,274.6406,970.9875,250.5938,951.7500
436,fish,0.6768,820.2375,935.7750,862.7625,972.2250,841.5000,954.0000
436,fish,0.6626,975.8250,405.6469,1024.4250,442.6031,1000.1250,424.1250
436,fish,0.6592,486.0562,696.4875,537.6938,739.0125,511.8750,717.7500
436,fish,0.6567,559.7437,272.1375,611.3813,310.6125,585.5625,291.3750
436,fish,0.6533,490.8938,1219.3875,538.4813,1257.8625,514.6875,1238.6250
436,fish,0.6523,753.3000,656.4375,805.9500,707.0625,779.6250,681.7500
436,fish,0.6206,943.8188,700.6500,993.4312,737.1000,968.6250,718.8750
436,fish,0.6069,890.6625,1230.9750,945.3375,1275.5250,918.0000,1253.2500
436,fish,0.5991,159.5813,1232.7750,207.1687,1269.2250,183.3750,1251.0000
436,fish,0.5449,630.3937,999.6187,677.9813,1031.0062,654.1875,1015.3125
437,fish,0.8208,238.4719,365.0063,288.5906,404.4937,263.5312,384.7500
437,fish,0.7075,224.4234,939.7687,272.2641,977.2313,248.3438,958.5000
437,fish,0.6992,678.9375,1244.4750,739.6875,1289.0250,709.3125,1266.7500
437,fish,0.6958,824.2875,927.9000,868.8375,964.3500,846.5625,946.1250
437,fish,0.6929,750.0375,644.7938,804.7125,698.4562,777.3750,671.6250
437,fish,0.6704,219.1781,623.9250,271.3219,666.4500,245.2500,645.1875
437,fish,0.6689,487.5750,863.1000,536.1750,907.6500,511.8750,885.3750
437,fish,0.6670,480.0375,345.0938,534.7125,385.5938,507.3750,365.3438
437,fish,0.6636,975.3188,405.3938,1024.9313,442.8562,1000.1250,424.1250
437,fish,0.6567,559.1812,271.8562,610.8188,310.3313,585.0000,291.0938
437,fish,0.6426,484.1438,694.3500,536.7938,738.9000,510.4688,716.6250
437,fish,0.6406,490.8375,1218.2625,537.4125,1256.7375,514.1250,1237.5000
437,fish,0.6289,149.4563,1235.0250,197.0437,1271.4750,173.2500,1253.2500
437,fish,0.6235,943.3125,700.6500,993.9375,737.1000,968.6250,718.8750
437,fish,0.6069,890.6625,1230.9750,945.3375,1275.5250,918.0000,1253.2500
437,fish,0.5410,630.3937,999.6187,677.9813,1031.0062,654.1875,1015.3125
438,fish,0.7505,238.4578,350.9719,288.3234,390.9656,263.3906,370.9688
438,fish,0.7402,481.3594,860.2313,534.5156,903.7687,507.9375,882.0000
438,fish,0.6958,679.5000,1244.4750,740.2500,1289.0250,709.8750,1266.7500
438,fish,0.6899,220.8938,944.2125,268.4812,980.6625,244.6875,962.4375
438,fish,0.6738,828.2812,920.5312,873.8438,955.9688,851.0625,938.2500
438,fish,0.6724,141.2719,1235.0250,188.3531,1271.4750,164.8125,1253.2500
438,fish,0.6714,558.1125,271.2656,610.7625,309.2344,584.4375,290.2500
438,fish,0.6636,974.8125,405.1125,1025.4375,442.5750,1000.1250,423.8438
438,fish,0.6636,217.1109,626.6812,270.0141,668.1938,243.5625,647.4375
438,fish,0.6636,749.9250,633.9937,802.5750,685.6313,776.2500,659.8125
438,fish,0.6396,479.9812,337.5562,533.6437,379.0688,506.8125,358.3125
438,fish,0.6323,483.5531,691.5938,535.6969,737.1562,509.6250,714.3750
438,fish,0.6323,489.7125,1214.7750,536.2875,1251.2250,513.0000,1233.0000
438,fish,0.6250,943.8188,700.6500,993.4312,737.1000,968.6250,718.8750
438,fish,0.6060,891.2250,1230.9750,945.9000,1275.5250,918.5625,1253.2500
438,fish,0.5566,629.3250,999.6187,677.9250,1031.0062,653.6250,1015.3125
439,fish,0.8267,238.6828,343.0688,287.5359,382.5562,263.1094,362.8125
439,fish,0.7188,483.4125,864.1125,533.0250,906.6375,508.2188,885.3750
439,fish,0.6885,748.8000,625.0500,801.4500,677.7000,775.1250,651.3750
439,fish,0.6885,678.3750,1244.4750,739.1250,1289.0250,708.7500,1266.7500
439,fish,0.6826,559.8000,271.0125,612.4500,309.4875,586.1250,290.2500
439,fish,0.6792,219.0094,952.0312,268.1156,987.4688,243.5625,969.7500
439,fish,0.6768,832.7250,911.4750,877.2750,945.9000,855.0000,928.6875
439,fish,0.6636,974.8125,404.8313,1025.4375,442.2937,1000.1250,423.5625
439,fish,0.6592,216.3375,627.8625,270.5063,670.3875,243.4219,649.1250
439,fish,0.6489,481.1062,330.6375,534.7687,369.1125,507.9375,349.8750
439,fish,0.6470,133.7203,1232.7750,181.5609,1269.2250,157.6406,1251.0000
439,fish,0.6387,487.5750,1219.2750,536.1750,1255.7250,511.8750,1237.5000
439,fish,0.6226,944.3250,700.6500,992.9250,737.1000,968.6250,718.8750
439,fish,0.6060,891.7875,1230.9750,946.4625,1275.5250,919.1250,1253.2500
439,fish,0.5850,479.4187,691.0312,533.0812,736.5938,506.2500,713.8125
439,fish,0.5498,630.3937,999.6187,677.9813,1031.0062,654.1875,1015.3125
440,fish,0.7637,222.7078,961.5938,272.5734,997.0312,247.6406,979.3125
440,fish,0.7461,240.3141,337.6406,288.1547,375.6094,264.2344,356.6250
440,fish,0.7168,489.1500,1228.2750,535.7250,1264.7250,512.4375,1246.5000
440,fish,0.6929,677.8687,1244.4750,739.6313,1289.0250,708.7500,1266.7500
440,fish,0.6895,486.0000,892.4625,536.6250,939.0375,511.3125,915.7500
440,fish,0.6836,837.2250,903.6000,881.7750,938.0250,859.5000,920.8125
440,fish,0.6738,217.0406,627.9750,271.2094,672.5250,244.1250,650.2500
440,fish,0.6689,558.1125,271.1461,610.7625,309.4945,584.4375,290.3203
440,fish,0.6636,750.9375,624.8813,801.5625,674.4937,776.2500,649.6875
440,fish,0.6538,482.1750,321.1313,534.8250,360.6187,508.5000,340.8750
440,fish,0.6406,974.8125,404.2969,1025.4375,442.2656,1000.1250,423.2812
440,fish,0.6396,127.3641,1230.5250,174.6984,1266.9750,151.0312,1248.7500
440,fish,0.6113,890.6625,1230.9750,945.3375,1275.5250,918.0000,1253.2500
440,fish,0.5972,474.1594,690.9750,524.2781,735.5250,499.2188,713.2500
440,fish,0.5728,943.3125,699.5250,993.9375,735.9750,968.6250,717.7500
440,fish,0.5459,630.4500,1000.1250,679.0500,1030.5000,654.7500,1015.3125
441,fish,0.7241,114.5039,1224.9000,160.6992,1261.3500,137.6016,1243.1250
441,fish,0.7168,240.8625,326.7000,288.4500,365.1750,264.6562,345.9375
441,fish,0.7090,224.8594,962.7750,272.9531,999.2250,248.9062,981.0000
441,fish,0.7075,843.4125,894.5438,887.9625,927.9562,865.6875,911.2500
441,fish,0.7041,483.3000,926.5500,535.9500,969.0750,509.6250,947.8125
441,fish,0.6978,482.1750,314.2969,534.8250,352.2656,508.5000,333.2812
441,fish,0.6943,678.4312,1244.4750,740.1938,1289.0250,709.3125,1266.7500
441,fish,0.6792,558.4078,271.8281,611.3109,309.7969,584.8594,290.8125
441,fish,0.6772,462.3750,694.2375,513.0000,736.7625,487.6875,715.5000
441,fish,0.6724,490.8375,1235.0250,537.4125,1271.4750,514.1250,1253.2500
441,fish,0.6387,974.7000,404.2688,1023.3000,441.7312,999.0000,423.0000
441,fish,0.6362,215.6344,627.4688,269.8031,673.0312,242.7188,650.2500
441,fish,0.6094,890.6625,1230.9750,945.3375,1275.5250,918.0000,1253.2500
441,fish,0.5806,750.9375,628.2563,801.5625,677.8687,776.2500,653.0625
441,fish,0.5571,943.8188,699.5250,993.4312,735.9750,968.6250,717.7500
441,fish,0.5332,630.4500,999.5625,679.0500,1029.9375,654.7500,1014.7500
442,fish,0.7251,225.4219,966.1500,273.5156,1002.6000,249.4688,984.3750
442,fish,0.7217,480.9937,948.3750,532.6313,988.8750,506.8125,968.6250
442,fish,0.7007,678.3750,1244.4750,739.1250,1289.0250,708.7500,1266.7500
442,fish,0.6978,103.5773,1219.2750,150.5320,1255.7250,127.0547,1237.5000
442,fish,0.6772,481.6125,311.7656,534.2625,349.7344,507.9375,330.7500
442,fish,0.6724,488.7281,1244.0250,537.8344,1280.4750,513.2812,1262.2500
442,fish,0.6577,558.1688,271.7648,611.8312,311.1258,585.0000,291.4453
442,fish,0.6558,848.4750,886.1625,893.0250,920.5875,870.7500,903.3750
442,fish,0.6548,244.4906,318.3188,291.5719,357.8062,268.0312,338.0625
442,fish,0.6538,750.9375,636.5812,801.5625,684.1688,776.2500,660.3750
442,fish,0.6504,443.6156,701.8312,495.7594,739.2938,469.6875,720.5625
442,fish,0.6416,216.4922,628.5938,270.9141,674.1562,243.7031,651.3750
442,fish,0.6396,974.7000,404.2125,1023.3000,440.6625,999.0000,422.4375
442,fish,0.6074,890.6625,1230.9750,945.3375,1275.5250,918.0000,1253.2500
442,fish,0.5649,943.8188,700.0875,993.4312,736.5375,968.6250,718.3125
442,fish,0.5459,630.3937,1000.1250,677.9813,1030.5000,654.1875,1015.3125
443,fish,0.7690,226.7578,972.2250,273.5859,1006.6500,250.1719,989.4375
443,fish,0.7153,747.6750,639.4500,800.3250,688.0500,774.0000,663.7500
443,fish,0.7075,480.7406,961.8750,532.8844,1002.3750,506.8125,982.1250
443,fish,0.7007,95.8078,1214.7750,142.1297,1251.2250,118.9688,1233.0000
443,fish,0.6978,677.8687,1244.4750,739.6313,1289.0250,708.7500,1266.7500
443,fish,0.6919,480.7406,313.7344,532.8844,351.7031,506.8125,332.7188
443,fish,0.6714,424.6594,701.8312,479.8406,739.2938,452.2500,720.5625
443,fish,0.6460,560.6578,272.4469,613.5609,311.4281,587.1094,291.9375
443,fish,0.6460,216.0281,632.4188,272.2219,675.9562,244.1250,654.1875
443,fish,0.6426,974.7000,403.1438,1023.3000,440.6062,999.0000,421.8750
443,fish,0.6323,854.1000,877.1625,898.6500,911.5875,876.3750,894.3750
443,fish,0.6279,489.2906,1251.9000,538.3969,1288.3500,513.8438,1270.1250
443,fish,0.6187,242.0578,310.9500,290.9109,349.4250,266.4844,330.1875
443,fish,0.6050,890.6625,1230.9750,945.3375,1275.5250,918.0000,1253.2500
443,fish,0.5518,944.3250,699.5250,992.9250,735.9750,968.6250,717.7500
443,fish,0.5332,630.3937,999.5625,677.9813,1029.9375,654.1875,1014.7500
444,fish,0.7324,480.7688,324.0000,533.4188,364.5000,507.0938,344.2500
444,fish,0.7188,224.6062,977.4000,273.2063,1013.8500,248.9062,995.6250
444,fish,0.7104,858.7125,869.2875,905.2875,903.7125,882.0000,886.5000
444,fish,0.6929,677.8687,1244.4750,739.6313,1289.0250,708.7500,1266.7500
444,fish,0.6929,473.5969,968.1187,528.7781,1009.6313,501.1875,988.8750
444,fish,0.6851,89.2125,1211.5125,135.7875,1249.9875,112.5000,1230.7500
444,fish,0.6738,561.7828,274.8727,614.6859,314.4867,588.2344,294.6797
444,fish,0.6699,400.7812,698.5688,456.4688,738.0562,428.6250,718.3125
444,fish,0.6670,214.6500,636.4125,271.3500,680.9625,243.0000,658.6875
444,fish,0.6626,745.5375,642.9375,800.2125,693.5625,772.8750,668.2500
444,fish,0.6450,239.6953,304.6500,286.5234,341.1000,263.1094,322.8750
444,fish,0.6372,975.2625,402.8344,1023.8625,439.7906,999.5625,421.3125
444,fish,0.6094,496.1531,1250.7750,542.2219,1287.2250,519.1875,1269.0000
444,fish,0.6069,890.6625,1230.9750,945.3375,1275.5250,918.0000,1253.2500
444,fish,0.5449,943.8188,699.5250,993.4312,735.9750,968.6250,717.7500
444,fish,0.5439,630.3937,999.6187,677.9813,1031.0062,654.1875,1015.3125
445,fish,0.7358,82.9055,1208.1375,129.8602,1246.6125,106.3828,1227.3750
445,fish,0.7188,477.2250,337.8656,531.9000,379.8844,504.5625,358.8750
445,fish,0.7075,237.6281,298.9688,285.2156,334.4062,261.4219,316.6875
445,fish,0.7026,563.1750,277.6289,615.8250,316.2305,589.5000,296.9297
445,fish,0.7026,223.5094,982.9688,272.6156,1018.4062,248.0625,1000.6875
445,fish,0.7026,678.3750,1244.4750,739.1250,1289.0250,708.7500,1266.7500
445,fish,0.6978,480.4312,969.7500,532.0688,1010.2500,506.2500,990.0000
445,fish,0.6816,216.0141,643.7812,271.9547,689.3438,243.9844,666.5625
445,fish,0.6738,380.5312,696.3188,436.2188,735.8062,408.3750,716.0625
445,fish,0.6602,866.4750,865.8000,911.0250,898.2000,888.7500,882.0000
445,fish,0.6436,497.0250,1244.2500,543.6000,1284.7500,520.3125,1264.5000
445,fish,0.6362,974.7000,402.0188,1023.3000,439.4812,999.0000,420.7500
445,fish,0.6167,743.2875,645.2437,797.9625,696.8813,770.6250,671.0625
445,fish,0.6094,892.9125,1231.9875,947.5875,1274.5125,920.2500,1253.2500
445,fish,0.5566,943.8188,699.5250,993.4312,735.9750,968.6250,717.7500
445,fish,0.5430,629.8312,999.6187,677.4188,1031.0062,653.6250,1015.3125
445,fish,0.4216,496.2094,1239.4125,543.2906,1273.8375,519.7500,1256.6250
446,fish,0.7744,79.4250,1199.2500,125.7469,1239.7500,102.5859,1219.5000
446,fish,0.7490,235.2656,297.8438,283.3594,333.2812,259.3125,315.5625
446,fish,0.6992,224.8453,981.9000,272.6859,1018.3500,248.7656,1000.1250
446,fish,0.6978,479.4187,348.8625,533.0812,391.3875,506.2500,370.1250
446,fish,0.6860,678.3750,1244.4750,739.1250,1289.0250,708.7500,1266.7500
446,fish,0.6768,495.8719,1232.8875,541.9406,1271.3625,518.9062,1252.1250
446,fish,0.6758,482.0625,963.5625,532.6875,1004.0625,507.3750,983.8125
446,fish,0.6670,356.5688,695.2500,416.3062,735.7500,386.4375,715.5000
446,fish,0.6592,217.9125,651.4875,272.5875,694.0125,245.2500,672.7500
446,fish,0.6504,566.2828,277.3125,619.1859,317.8125,592.7344,297.5625
446,fish,0.6504,874.2375,860.1187,916.7625,891.5063,895.5000,875.8125
446,fish,0.6362,974.7000,401.9906,1023.3000,438.9469,999.0000,420.4688
446,fish,0.6226,738.9000,644.2313,795.6000,697.8937,767.2500,671.0625
446,fish,0.6143,890.6625,1231.9875,945.3375,1274.5125,918.0000,1253.2500
446,fish,0.5498,943.3125,699.5250,993.9375,735.9750,968.6250,717.7500
446,fish,0.5400,630.3375,999.5625,676.9125,1029.9375,653.6250,1014.7500
447,fish,0.7646,234.1687,297.8438,282.7688,333.2812,258.4688,315.5625
447,fish,0.7324,79.0102,1192.3875,124.1930,1230.8625,101.6016,1211.6250
447,fish,0.7310,479.4187,357.1875,533.0812,397.6875,506.2500,377.4375
447,fish,0.7124,490.8938,1226.2500,538.4813,1266.7500,514.6875,1246.5000
447,fish,0.6826,677.2500,1244.4750,738.0000,1289.0250,707.6250,1266.7500
447,fish,0.6758,224.1562,980.2125,272.2500,1016.6625,248.2031,998.4375
447,fish,0.6621,568.8563,276.6164,622.5187,317.2430,595.6875,296.9297
447,fish,0.6592,479.9531,956.7563,533.1094,996.2437,506.5312,976.5000
447,fish,0.6426,740.5875,641.9813,797.2875,695.6437,768.9375,668.8125
447,fish,0.6387,219.1922,657.7313,271.5891,701.2687,245.3906,679.5000
447,fish,0.6377,975.2625,402.0188,1023.8625,439.4812,999.5625,420.7500
447,fish,0.6299,881.1000,853.4250,925.6500,885.8250,903.3750,869.6250
447,fish,0.6279,338.9625,696.3750,395.6625,736.8750,367.3125,716.6250
447,fish,0.6133,892.9125,1231.9875,947.5875,1274.5125,920.2500,1253.2500
447,fish,0.5508,943.2563,699.5250,992.8687,735.9750,968.0625,717.7500
447,fish,0.5322,629.3250,999.6187,677.9250,1031.0062,653.6250,1015.3125
448,fish,0.7759,77.9133,1184.5125,123.6023,1222.9875,100.7578,1203.7500
448,fish,0.7251,233.3250,298.4062,281.9250,333.8438,257.6250,316.1250
448,fish,0.7075,481.7531,349.7344,536.9344,392.7656,509.3438,371.2500
448,fish,0.6958,479.0531,948.4875,531.1969,991.0125,505.1250,969.7500
448,fish,0.6733,571.1063,275.9062,624.7687,316.4062,597.9375,296.1562
448,fish,0.6733,676.7437,1244.4750,738.5063,1289.0250,707.6250,1266.7500
448,fish,0.6724,217.0406,662.2875,271.2094,706.8375,244.1250,684.5625
448,fish,0.6704,491.9062,1220.5125,537.4688,1258.9875,514.6875,1239.7500
448,fish,0.6636,221.4703,981.9000,269.3109,1018.3500,245.3906,1000.1250
448,fish,0.6416,974.7000,401.4281,1023.3000,438.3844,999.0000,419.9062
448,fish,0.6406,743.2875,638.6063,797.9625,692.2687,770.6250,665.4375
448,fish,0.6226,892.9125,1231.9875,947.5875,1274.5125,920.2500,1253.2500
448,fish,0.5869,888.4125,850.1625,932.9625,884.5875,910.6875,867.3750
448,fish,0.5850,314.8313,695.3062,372.5437,736.8188,343.6875,716.0625
448,fish,0.5610,943.3125,698.4000,993.9375,734.8500,968.6250,716.6250
448,fish,0.5400,629.3250,1000.6875,677.9250,1031.0625,653.6250,1015.8750
449,fish,0.7217,303.1875,701.4937,358.8750,743.0063,331.0312,722.2500
449,fish,0.7007,218.6016,983.0250,265.4297,1019.4750,242.0156,1001.2500
449,fish,0.6860,477.4781,939.6000,531.6469,984.1500,504.5625,961.8750
449,fish,0.6836,745.5375,626.7938,800.2125,680.4562,772.8750,653.6250
449,fish,0.6748,676.7437,1244.4750,738.5063,1289.0250,707.6250,1266.7500
449,fish,0.6699,571.7250,274.6898,626.4000,316.0758,599.0625,295.3828
449,fish,0.6621,233.6625,300.9937,283.2750,337.4438,258.4688,319.2188
449,fish,0.6577,78.4055,1176.5250,121.5633,1212.9750,99.9844,1194.7500
449,fish,0.6460,494.0437,1217.0250,537.5812,1253.4750,515.8125,1235.2500
449,fish,0.6450,216.1969,666.7313,270.3656,710.2687,243.2812,688.5000
449,fish,0.6440,974.7000,401.7094,1023.3000,438.6656,999.0000,420.1875
449,fish,0.6426,897.9750,847.9125,942.5250,882.3375,920.2500,865.1250
449,fish,0.6167,892.9125,1231.9875,947.5875,1274.5125,920.2500,1253.2500
449,fish,0.6143,487.8562,328.3313,541.5187,370.8562,514.6875,349.5938
449,fish,0.5640,942.6938,699.5250,992.3062,735.9750,967.5000,717.7500
449,fish,0.5342,630.3937,1000.6875,677.9813,1031.0625,654.1875,1015.8750
450,fish,0.7358,77.4703,1160.8875,120.2484,1199.3625,98.8594,1180.1250
450,fish,0.6943,676.7437,1244.4750,738.5063,1289.0250,707.6250,1266.7500
450,fish,0.6899,572.9062,276.3000,628.5938,318.8250,600.7500,297.5625
450,fish,0.6870,484.3125,932.7938,534.9375,976.3312,509.6250,954.5625
450,fish,0.6807,219.4594,982.4625,266.5406,1018.9125,243.0000,1000.6875
450,fish,0.6802,296.6625,698.8500,351.3375,743.4000,324.0000,721.1250
450,fish,0.6738,743.2875,612.5625,797.9625,663.1875,770.6250,637.8750
450,fish,0.6582,215.0719,669.6000,269.2406,714.1500,242.1562,691.8750
450,fish,0.6460,490.7812,1221.5250,536.3438,1257.9750,513.5625,1239.7500
450,fish,0.6450,234.3234,303.2437,283.1766,339.6938,258.7500,321.4688
450,fish,0.6377,974.1938,402.0188,1023.8062,439.4812,999.0000,420.7500
450,fish,0.6177,890.6625,1233.1125,945.3375,1275.6375,918.0000,1254.3750
450,fish,0.5918,942.1313,700.1437,991.7437,737.6063,966.9375,718.8750
450,fish,0.5767,487.8000,305.4937,540.4500,347.0063,514.1250,326.2500
450,fish,0.5767,904.7250,845.1000,949.2750,879.5250,927.0000,862.3125
450,fish,0.5215,630.3375,1000.6875,676.9125,1031.0625,653.6250,1015.8750
451,fish,0.7388,74.6156,1144.0125,116.6344,1182.4875,95.6250,1163.2500
451,fish,0.6885,489.7125,1230.5250,536.2875,1266.9750,513.0000,1248.7500
451,fish,0.6851,676.7437,1244.4750,738.5063,1289.0250,707.6250,1266.7500
451,fish,0.6738,220.3031,983.5875,267.3844,1020.0375,243.8438,1001.8125
451,fish,0.6699,234.6188,303.8062,283.7250,340.2563,259.1719,322.0312
451,fish,0.6504,490.0219,922.6125,537.1031,965.1375,513.5625,943.8750
451,fish,0.6489,297.2250,695.4750,351.9000,740.0250,324.5625,717.7500
451,fish,0.6387,487.8562,291.1500,541.5187,332.6625,514.6875,311.9062
451,fish,0.6387,741.6562,605.9250,797.3438,658.5750,769.5000,632.2500
451,fish,0.6377,974.1938,402.5531,1023.8062,439.5094,999.0000,421.0312
451,fish,0.6260,216.7734,670.7250,271.1953,715.2750,243.9844,693.0000
451,fish,0.6226,572.4562,277.5094,630.1688,321.5531,601.3125,299.5312
451,fish,0.6187,890.6625,1233.0000,945.3375,1273.5000,918.0000,1253.2500
451,fish,0.5972,941.6250,700.1437,992.2500,737.6063,966.9375,718.8750
451,fish,0.5928,912.6000,843.9750,957.1500,878.4000,934.8750,861.1875
451,fish,0.5146,629.2687,1000.6875,676.8563,1031.0625,653.0625,1015.8750
452,fish,0.6958,71.9086,1130.5125,114.5602,1168.9875,93.2344,1149.7500
452,fish,0.6943,737.2687,598.6688,794.9813,652.3312,766.1250,625.5000
452,fish,0.6748,676.1812,1243.3500,737.9438,1287.9000,707.0625,1265.6250
452,fish,0.6611,573.4688,279.3938,629.1562,321.9187,601.3125,300.6562
452,fish,0.6582,236.2500,302.9625,284.3438,339.4125,260.2969,321.1875
452,fish,0.6582,300.9937,690.9750,352.6313,735.5250,326.8125,713.2500
452,fish,0.6504,218.0531,986.2875,265.1344,1020.7125,241.5938,1003.5000
452,fish,0.6470,483.8344,916.4813,535.9781,960.0187,509.9062,938.2500
452,fish,0.6396,974.7000,402.5531,1023.3000,439.5094,999.0000,421.0312
452,fish,0.6177,219.0656,670.6125,274.2469,713.1375,246.6562,691.8750
452,fish,0.6104,891.2250,1233.0000,945.9000,1273.5000,918.5625,1253.2500
452,fish,0.6060,493.0312,1238.2875,538.5938,1272.7125,515.8125,1255.5000
452,fish,0.6040,942.1313,700.6500,991.7437,737.1000,966.9375,718.8750
452,fish,0.6021,487.8000,291.0656,540.4500,331.0594,514.1250,311.0625
452,fish,0.5840,920.4750,843.3563,965.0250,876.7687,942.7500,860.0625
452,fish,0.5156,629.2687,999.6187,676.8563,1031.0062,653.0625,1015.3125
453,fish,0.7178,72.3867,1113.5250,109.7227,1149.9750,91.0547,1131.7500
453,fish,0.6992,482.7375,909.7313,535.3875,953.2687,509.0625,931.5000
453,fish,0.6895,734.5125,592.4250,793.2375,645.0750,763.8750,618.7500
453,fish,0.6885,676.7437,1244.4750,738.5063,1289.0250,707.6250,1266.7500
453,fish,0.6807,238.3313,302.8500,285.9187,337.2750,262.1250,320.0625
453,fish,0.6772,574.0312,280.1039,629.7188,322.7555,601.8750,301.4297
453,fish,0.6772,216.3094,985.7250,262.3781,1020.1500,239.3438,1002.9375
453,fish,0.6689,932.1750,840.0375,974.7000,874.4625,953.4375,857.2500
453,fish,0.6406,974.7000,402.8344,1023.3000,439.7906,999.0000,421.3125
453,fish,0.6406,219.2063,670.6125,274.3875,713.1375,246.7969,691.8750
453,fish,0.6226,302.7937,688.7250,356.4563,733.2750,329.6250,711.0000
453,fish,0.6196,490.3875,294.0188,538.9875,331.4812,514.6875,312.7500
453,fish,0.6187,942.1875,701.7750,992.8125,738.2250,967.5000,720.0000
453,fish,0.6060,891.7875,1231.9875,946.4625,1274.5125,919.1250,1253.2500
453,fish,0.5728,490.6406,1248.5250,538.7344,1284.9750,514.6875,1266.7500
453,fish,0.5400,629.3250,999.6187,677.9250,1031.0062,653.6250,1015.3125
454,fish,0.6899,676.7437,1244.4750,738.5063,1289.0250,707.6250,1266.7500
454,fish,0.6875,217.4062,985.1625,262.9688,1019.5875,240.1875,1002.3750
454,fish,0.6816,240.5813,296.4937,288.1687,332.9438,264.3750,314.7188
454,fish,0.6802,483.3000,902.4188,535.9500,945.9562,509.6250,924.1875
454,fish,0.6699,939.4875,838.9125,982.0125,873.3375,960.7500,856.1250
454,fish,0.6680,743.1750,599.1750,795.8250,651.8250,769.5000,625.5000
454,fish,0.6626,219.6281,671.7375,274.8094,714.2625,247.2188,693.0000
454,fish,0.6611,574.0875,280.6594,630.7875,325.7156,602.4375,303.1875
454,fish,0.6567,73.2797,1102.1625,112.7672,1136.5875,93.0234,1119.3750
454,fish,0.6406,974.1938,402.5813,1023.8062,440.0437,999.0000,421.3125
454,fish,0.6387,489.2625,1257.3000,537.8625,1289.7000,513.5625,1273.5000
454,fish,0.6167,490.8938,296.2125,538.4813,332.6625,514.6875,314.4375
454,fish,0.6143,942.1875,701.7750,992.8125,738.2250,967.5000,720.0000
454,fish,0.6060,892.3500,1230.9750,947.0250,1275.5250,919.6875,1253.2500
454,fish,0.6050,310.9500,686.3625,359.5500,728.8875,335.2500,707.6250
454,fish,0.5547,629.3250,999.6750,677.9250,1032.0750,653.6250,1015.8750
454,fish,0.4216,70.3758,1095.3000,112.0148,1127.7000,91.1953,1111.5000
455,fish,0.7231,485.4375,895.7250,536.0625,940.2750,510.7500,918.0000
455,fish,0.6841,676.2375,1244.4750,739.0125,1289.0250,707.6250,1266.7500
455,fish,0.6826,217.7156,672.8625,273.9094,715.3875,245.8125,694.1250
455,fish,0.6704,225.4359,979.0875,273.7828,1015.5375,249.6094,997.3125
455,fish,0.6621,745.1437,621.1125,802.8563,673.7625,774.0000,647.4375
455,fish,0.6611,575.2687,282.4031,632.9813,328.4719,604.1250,305.4375
455,fish,0.6582,71.5852,1091.0250,112.2117,1127.4750,91.8984,1109.2500
455,fish,0.6362,947.9813,837.7875,991.5187,872.2125,969.7500,855.0000
455,fish,0.6353,974.1938,402.5813,1023.8062,440.0437,999.0000,421.3125
455,fish,0.6353,313.3125,679.7250,363.9375,724.2750,338.6250,702.0000
455,fish,0.6245,240.3703,290.0250,289.2234,326.4750,264.7969,308.2500
455,fish,0.6123,490.8938,1253.0250,538.4813,1289.4750,514.6875,1271.2500
455,fish,0.6001,942.7500,700.6500,993.3750,737.1000,968.0625,718.8750
455,fish,0.5981,893.0250,1230.9750,949.7250,1275.5250,921.3750,1253.2500
455,fish,0.5918,485.6062,289.2375,539.2687,331.7625,512.4375,310.5000
455,fish,0.5430,629.3250,999.6187,677.9250,1031.0062,653.6250,1015.3125
456,fish,0.7295,577.6453,287.7469,632.5734,328.7531,605.1094,308.2500
456,fish,0.7153,484.3406,894.4875,535.4719,937.0125,509.9062,915.7500
456,fish,0.6816,72.2672,1085.4000,113.7797,1121.8500,93.0234,1103.6250
456,fish,0.6807,745.7625,638.6625,804.4875,693.3375,775.1250,666.0000
456,fish,0.6807,676.2375,1244.4750,739.0125,1289.0250,707.6250,1266.7500
456,fish,0.6665,227.5453,972.7875,273.3609,1007.2125,250.4531,990.0000
456,fish,0.6636,485.1281,284.7375,540.3094,327.2625,512.7188,306.0000
456,fish,0.6592,213.9187,675.6750,267.5813,718.2000,240.7500,696.9375
456,fish,0.6582,958.6125,836.1000,1001.1375,870.5250,979.8750,853.3125
456,fish,0.6372,974.1938,402.8625,1023.8062,440.3250,999.0000,421.5938
456,fish,0.6353,239.6109,284.8781,289.9828,319.8094,264.7969,302.3438
456,fish,0.6040,316.1250,670.8937,371.8125,718.4813,343.9688,694.6875
456,fish,0.5991,893.0250,1230.9750,949.7250,1275.5250,921.3750,1253.2500
456,fish,0.5928,943.3125,700.1437,993.9375,737.6063,968.6250,718.8750
456,fish,0.5640,491.7375,1244.2500,539.3250,1284.7500,515.5312,1264.5000
456,fish,0.5479,629.3250,999.6187,677.9250,1031.0062,653.6250,1015.3125
457,fish,0.7104,482.4844,899.0438,535.6406,942.5812,509.0625,920.8125
457,fish,0.7090,965.9250,830.5875,1008.4500,867.0375,987.1875,848.8125
457,fish,0.7041,579.0375,292.5281,633.7125,333.5344,606.3750,313.0312
457,fish,0.7026,208.7156,680.5125,259.8469,718.9875,234.2812,699.7500
457,fish,0.6982,493.0875,1232.7750,539.6625,1269.2250,516.3750,1251.0000
457,fish,0.6860,676.2375,1244.4750,739.0125,1289.0250,707.6250,1266.7500
457,fish,0.6670,72.9229,1080.9000,115.4795,1117.3500,94.2012,1099.1250
457,fish,0.6611,327.2625,657.9562,380.9250,705.5438,354.0938,681.7500
457,fish,0.6577,228.5016,959.4562,276.3422,996.9188,252.4219,978.1875
457,fish,0.6504,482.7375,287.8102,535.3875,327.4242,509.0625,307.6172
457,fish,0.6450,745.0875,654.3000,801.7875,706.9500,773.4375,680.6250
457,fish,0.6396,240.1312,282.3750,289.7437,317.8125,264.9375,300.0938
457,fish,0.6362,975.3188,402.5813,1024.9313,440.0437,1000.1250,421.3125
457,fish,0.5947,892.4062,1233.1125,948.0938,1275.6375,920.2500,1254.3750
457,fish,0.5928,943.3125,700.1437,993.9375,737.6063,968.6250,718.8750
457,fish,0.5488,629.8312,999.6187,677.4188,1031.0062,653.6250,1015.3125
458,fish,0.7114,973.3500,825.6375,1017.9000,864.1125,995.6250,844.8750
458,fish,0.7104,230.1891,943.7625,278.0297,982.2375,254.1094,963.0000
458,fish,0.7056,204.1453,686.2500,256.5422,726.7500,230.3438,706.5000
458,fish,0.6919,676.2375,1244.4750,739.0125,1289.0250,707.6250,1266.7500
458,fish,0.6909,474.4688,288.7523,530.1562,330.1383,502.3125,309.4453
458,fish,0.6758,479.4750,912.6000,534.1500,957.1500,506.8125,934.8750
458,fish,0.6655,71.7539,1076.6250,117.9492,1117.1250,94.8516,1096.8750
458,fish,0.6626,578.7703,300.9375,633.6984,341.4375,606.2344,321.1875
458,fish,0.6523,240.6797,281.6648,290.0391,316.9758,265.3594,299.3203
458,fish,0.6489,975.3188,402.5813,1024.9313,440.0437,1000.1250,421.3125
458,fish,0.6353,490.8938,1215.0000,538.4813,1255.5000,514.6875,1235.2500
458,fish,0.6187,344.4187,639.6750,398.0813,692.3250,371.2500,666.0000
458,fish,0.5972,893.0250,1230.9750,949.7250,1275.5250,921.3750,1253.2500
458,fish,0.5918,943.3125,700.1437,993.9375,737.6063,968.6250,718.8750
458,fish,0.5820,744.9188,665.1000,798.5812,719.7750,771.7500,692.4375
458,fish,0.5527,629.3250,999.6750,677.9250,1032.0750,653.6250,1015.8750
459,fish,0.7217,577.7578,308.3625,634.7109,350.8875,606.2344,329.6250
459,fish,0.7007,470.4750,287.3250,525.1500,330.8625,497.8125,309.0938
459,fish,0.7007,201.0234,691.7625,250.3828,730.2375,225.7031,711.0000
459,fish,0.7007,73.4836,1079.0438,121.7039,1122.5812,97.5938,1100.8125
459,fish,0.6978,479.9250,931.6688,532.5750,975.2062,506.2500,953.4375
459,fish,0.6826,676.2375,1244.4750,739.0125,1289.0250,707.6250,1266.7500
459,fish,0.6816,491.1187,1200.2625,537.6938,1238.7375,514.4062,1219.5000
459,fish,0.6758,229.3453,927.0000,277.1859,967.5000,253.2656,947.2500
459,fish,0.6504,974.8125,403.1156,1025.4375,440.0719,1000.1250,421.5938
459,fish,0.6494,242.0719,281.7844,291.1781,316.7156,266.6250,299.2500
459,fish,0.6260,742.1625,672.4125,796.8375,727.0875,769.5000,699.7500
459,fish,0.6040,943.3125,700.7062,993.9375,738.1688,968.6250,719.4375
459,fish,0.5972,892.9125,1233.1125,947.5875,1275.6375,920.2500,1254.3750
459,fish,0.5947,359.8313,619.5375,417.5437,674.2125,388.6875,646.8750
459,fish,0.5469,629.8312,999.6750,677.4188,1032.0750,653.6250,1015.8750
459,fish,0.5410,985.7250,827.6625,1030.2750,862.0875,1008.0000,844.8750
460,fish,0.7280,576.8438,319.5562,632.5312,361.0688,604.6875,340.3125
460,fish,0.6958,230.7375,915.6375,278.3250,954.1125,254.5312,934.8750
460,fish,0.6851,242.8875,285.1031,291.4875,319.0219,267.1875,302.0625
460,fish,0.6782,482.7375,954.1125,535.3875,996.6375,509.0625,975.3750
460,fish,0.6782,676.2375,1244.4750,739.0125,1289.0250,707.6250,1266.7500
460,fish,0.6558,492.6938,1192.5000,537.2437,1233.0000,514.9688,1212.7500
460,fish,0.6514,381.6562,601.3125,437.3438,651.9375,409.5000,626.6250
460,fish,0.6470,975.8250,403.0875,1024.4250,439.5375,1000.1250,421.3125
460,fish,0.6470,199.0687,693.4500,248.6813,731.9250,223.8750,712.6875
460,fish,0.6406,470.0813,279.1406,527.7938,322.1719,498.9375,300.6562
460,fish,0.6177,740.0250,674.6625,796.7250,729.3375,768.3750,702.0000
460,fish,0.6094,942.7500,700.1437,993.3750,737.6063,968.0625,718.8750
460,fish,0.6021,894.0375,1233.1125,948.7125,1275.6375,921.3750,1254.3750
460,fish,0.5957,996.7500,820.8000,1037.2500,853.2000,1017.0000,837.0000
460,fish,0.5557,83.6437,1095.8625,133.7625,1138.3875,108.7031,1117.1250
460,fish,0.5459,629.2687,1000.7437,676.8563,1032.1312,653.0625,1016.4375
461,fish,0.7744,89.7750,1115.8875,141.4125,1154.3625,115.5938,1135.1250
461,fish,0.7461,492.4406,1187.8875,537.4969,1226.3625,514.9688,1207.1250
461,fish,0.7324,228.3891,908.8875,276.7359,947.3625,252.5625,928.1250
461,fish,0.6875,406.0688,584.9438,460.7437,634.5562,433.4062,609.7500
461,fish,0.6836,677.3062,1244.4750,739.0688,1289.0250,708.1875,1266.7500
461,fish,0.6772,575.9297,328.5844,630.3516,370.6031,603.1406,349.5938
461,fish,0.6758,485.8875,974.1375,534.4875,1012.6125,510.1875,993.3750
461,fish,0.6538,239.5687,285.8414,289.1812,320.3930,264.3750,303.1172
461,fish,0.6533,474.4125,275.2875,529.0875,314.7750,501.7500,295.0312
461,fish,0.6406,975.3188,403.3969,1024.9313,440.3531,1000.1250,421.8750
461,fish,0.6318,738.0000,674.5500,798.7500,727.2000,768.3750,700.8750
461,fish,0.6309,193.6125,697.3875,243.7312,735.8625,218.6719,716.6250
461,fish,0.6226,895.7250,1233.1125,950.4000,1275.6375,923.0625,1254.3750
461,fish,0.6060,943.3125,700.1437,993.9375,737.6063,968.6250,718.8750
461,fish,0.5498,629.2687,999.6750,676.8563,1032.0750,653.0625,1015.8750
462,fish,0.7622,93.1359,1128.2625,144.5203,1166.7375,118.8281,1147.5000
462,fish,0.7358,489.9937,1188.0000,536.5688,1228.5000,513.2812,1208.2500
462,fish,0.7056,230.1750,901.0125,277.7625,939.4875,253.9688,920.2500
462,fish,0.6943,676.2375,1244.4750,739.0125,1289.0250,707.6250,1266.7500
462,fish,0.6748,483.6656,988.8188,532.7719,1028.3063,508.2188,1008.5625
462,fish,0.6733,573.4688,331.3969,629.1562,373.4156,601.3125,352.4062
462,fish,0.6733,178.9875,700.1437,231.6375,737.6063,205.3125,718.8750
462,fish,0.6577,427.1062,577.5750,480.7688,626.1750,453.9375,601.8750
462,fish,0.6406,476.7188,269.6062,532.4062,308.0813,504.5625,288.8438
462,fish,0.6406,974.7000,402.8344,1023.3000,439.7906,999.0000,421.3125
462,fish,0.6226,896.2875,1231.9875,950.9625,1274.5125,923.6250,1253.2500
462,fish,0.6094,736.8750,672.2437,797.6250,723.8813,767.2500,698.0625
462,fish,0.6011,238.8938,288.8156,286.4812,323.7469,262.6875,306.2812
462,fish,0.5972,943.3125,700.6500,993.9375,737.1000,968.6250,718.8750
462,fish,0.5581,629.3250,999.6750,677.9250,1032.0750,653.6250,1015.8750
462,fish,0.4971,999.5625,802.5750,1040.0625,830.9250,1019.8125,816.7500
463,fish,0.7139,477.6187,992.1375,529.2563,1030.6125,503.4375,1011.3750
463,fish,0.6929,676.2375,1244.4750,739.0125,1289.0250,707.6250,1266.7500
463,fish,0.6899,228.5156,903.2625,276.6094,941.7375,252.5625,922.5000
463,fish,0.6802,446.1750,577.1250,498.8250,627.7500,472.5000,602.4375
463,fish,0.6772,489.7125,1197.9000,536.2875,1234.3500,513.0000,1216.1250
463,fish,0.6714,572.0203,335.3625,626.9484,377.8875,599.4844,356.6250
463,fish,0.6582,480.0375,265.6969,534.7125,304.6781,507.3750,285.1875
463,fish,0.6514,100.2375,1140.7500,150.3562,1181.2500,125.2969,1161.0000
463,fish,0.6479,162.7031,696.2625,215.8594,734.7375,189.2812,715.5000
463,fish,0.6450,974.7000,402.8344,1023.3000,439.7906,999.0000,421.3125
463,fish,0.6426,897.3563,1231.9875,951.0187,1274.5125,924.1875,1253.2500
463,fish,0.6133,239.1188,287.6625,285.6938,322.0875,262.4062,304.8750
463,fish,0.6060,943.3125,700.6500,993.9375,737.1000,968.6250,718.8750
463,fish,0.6030,737.3813,670.0500,797.1187,722.7000,767.2500,696.3750
463,fish,0.6030,998.4375,802.6313,1038.9375,831.9937,1018.6875,817.3125
463,fish,0.5498,629.8312,999.6750,677.4188,1032.0750,653.6250,1015.8750
464,fish,0.7266,105.4477,1156.5000,153.1617,1197.0000,129.3047,1176.7500
464,fish,0.7251,458.5500,582.1875,511.2000,632.8125,484.8750,607.5000
464,fish,0.7090,569.4750,341.1000,624.1500,385.6500,596.8125,363.3750
464,fish,0.7026,488.6438,1206.0000,536.2313,1246.5000,512.4375,1226.2500
464,fish,0.6816,484.1438,269.4586,536.7938,307.8070,510.4688,288.6328
464,fish,0.6782,676.2375,1244.4750,739.0125,1289.0250,707.6250,1266.7500
464,fish,0.6655,145.7578,692.8875,202.7109,731.3625,174.2344,712.1250
464,fish,0.6621,473.4844,993.2625,526.6406,1031.7375,500.0625,1012.5000
464,fish,0.6611,227.1656,911.1375,276.2719,949.6125,251.7188,930.3750
464,fish,0.6523,899.5500,1231.9875,952.2000,1274.5125,925.8750,1253.2500
464,fish,0.6504,738.4500,666.5625,797.1750,717.1875,767.8125,691.8750
464,fish,0.6440,974.7000,403.0875,1023.3000,439.5375,999.0000,421.3125
464,fish,0.6133,943.3125,700.6500,993.9375,737.1000,968.6250,718.8750
464,fish,0.5850,238.8797,292.2188,286.2141,327.6562,262.5469,309.9375
464,fish,0.5630,629.3250,999.6750,677.9250,1032.0750,653.6250,1015.8750
464,fish,0.5156,998.9438,802.5750,1038.4313,830.9250,1018.6875,816.7500
465,fish,0.7734,228.7406,925.6500,275.8219,962.1000,252.2812,943.8750
465,fish,0.7661,567.5203,348.6656,622.4484,392.7094,594.9844,370.6875
465,fish,0.7310,485.8031,274.6125,537.9469,312.0750,511.8750,293.3438
465,fish,0.6934,131.5125,689.5688,185.1750,729.0562,158.3438,709.3125
465,fish,0.6895,676.2375,1244.4750,739.0125,1289.0250,707.6250,1266.7500
465,fish,0.6792,112.0219,1175.5125,159.1031,1213.9875,135.5625,1194.7500
465,fish,0.6782,470.9250,592.2000,523.5750,640.8000,497.2500,616.5000
465,fish,0.6699,487.0688,1216.0125,536.6812,1254.4875,511.8750,1235.2500
465,fish,0.6665,899.5500,1231.9875,952.2000,1274.5125,925.8750,1253.2500
465,fish,0.6646,467.9438,993.3750,527.6812,1033.8750,497.8125,1013.6250
465,fish,0.6567,743.2875,654.8062,797.9625,706.4438,770.6250,680.6250
465,fish,0.6533,974.7000,403.5938,1023.3000,439.0312,999.0000,421.3125
465,fish,0.6084,943.8188,700.6500,993.4312,737.1000,968.6250,718.8750
465,fish,0.5938,238.3875,293.6531,286.9875,329.5969,262.6875,311.6250
465,fish,0.5928,999.0000,802.6313,1039.5000,831.9937,1019.2500,817.3125
465,fish,0.5400,629.3250,999.1125,677.9250,1031.5125,653.6250,1015.3125
466,fish,0.7563,224.8734,938.0250,273.2203,974.4750,249.0469,956.2500
466,fish,0.7520,482.2031,605.7000,535.3594,654.3000,508.7812,630.0000
466,fish,0.7490,567.2812,357.3281,622.9688,400.3594,595.1250,378.8438
466,fish,0.7188,747.6750,645.8625,800.3250,698.5125,774.0000,672.1875
466,fish,0.6943,483.8625,281.7281,536.5125,320.7094,510.1875,301.2188
466,fish,0.6748,117.9000,1193.4000,164.4750,1229.8500,141.1875,1211.6250
466,fish,0.6738,478.1812,992.2500,529.8188,1032.7500,504.0000,1012.5000
466,fish,0.6689,676.2375,1244.4750,739.0125,1289.0250,707.6250,1266.7500
466,fish,0.6655,116.3391,688.9500,170.2547,727.4250,143.2969,708.1875
466,fish,0.6626,900.6750,1231.9875,953.3250,1274.5125,927.0000,1253.2500
466,fish,0.6626,489.4594,1226.0250,536.5406,1262.4750,513.0000,1244.2500
466,fish,0.6558,974.7000,402.5250,1023.3000,438.9750,999.0000,420.7500
466,fish,0.6074,238.0781,292.8375,286.1719,329.2875,262.1250,311.0625
466,fish,0.6069,943.3125,699.5812,993.9375,737.0438,968.6250,718.3125
466,fish,0.5850,996.3000,802.8000,1038.8250,835.2000,1017.5625,819.0000
466,fish,0.5244,629.8875,998.5500,678.4875,1030.9500,654.1875,1014.7500
467,fish,0.7622,483.3000,288.4500,535.9500,326.9250,509.6250,307.6875
467,fish,0.7090,748.8000,639.6750,801.4500,692.3250,775.1250,666.0000
467,fish,0.7090,223.5375,950.4000,273.1500,986.8500,248.3438,968.6250
467,fish,0.6895,104.1047,691.3125,158.0203,731.8125,131.0625,711.5625
467,fish,0.6816,566.6063,362.9250,620.2687,405.4500,593.4375,384.1875
467,fish,0.6802,485.5500,616.9500,538.2000,665.5500,511.8750,641.2500
467,fish,0.6768,676.2375,1244.4750,739.0125,1289.0250,707.6250,1266.7500
467,fish,0.6494,974.1375,402.8062,1022.7375,439.2563,998.4375,421.0312
467,fish,0.6494,486.4500,981.5063,535.0500,1020.9937,510.7500,1001.2500
467,fish,0.6470,900.1688,1230.9750,953.8312,1275.5250,927.0000,1253.2500
467,fish,0.6245,491.3438,1230.5250,536.9062,1266.9750,514.1250,1248.7500
467,fish,0.6206,239.7937,288.5906,288.3938,324.5344,264.0938,306.5625
467,fish,0.6104,125.2406,1209.2625,174.8531,1247.7375,150.0469,1228.5000
467,fish,0.6050,943.8188,700.6500,993.4312,737.1000,968.6250,718.8750
467,fish,0.5361,629.8875,999.1125,678.4875,1031.5125,654.1875,1015.3125
468,fish,0.8008,222.9750,964.4062,272.5875,999.8438,247.7812,982.1250
468,fish,0.7324,482.9906,296.7750,535.1344,333.2250,509.0625,315.0000
468,fish,0.7168,567.7313,365.7375,621.3937,408.2625,594.5625,387.0000
468,fish,0.7090,93.8391,695.2500,147.7547,735.7500,120.7969,715.5000
468,fish,0.6899,131.7234,1225.0125,181.5891,1263.4875,156.6562,1244.2500
468,fish,0.6655,747.6750,637.3125,800.3250,687.9375,774.0000,662.6250
468,fish,0.6655,676.2375,1244.4750,739.0125,1289.0250,707.6250,1266.7500
468,fish,0.6636,974.7000,402.5250,1023.3000,438.9750,999.0000,420.7500
468,fish,0.6636,900.6750,1231.9875,953.3250,1274.5125,927.0000,1253.2500
468,fish,0.6470,490.2750,966.8813,536.8500,1006.3687,513.5625,986.6250
468,fish,0.6372,491.2312,633.2062,539.8312,680.7938,515.5312,657.0000
468,fish,0.6309,495.3375,1230.6375,541.9125,1269.1125,518.6250,1249.8750
468,fish,0.6235,239.1469,284.0273,291.2906,321.3633,265.2188,302.6953
468,fish,0.6074,943.3125,700.6500,993.9375,737.1000,968.6250,718.8750
468,fish,0.5244,629.3250,999.6187,677.9250,1031.0062,653.6250,1015.3125
468,fish,0.4187,995.7375,812.9250,1038.2625,845.3250,1017.0000,829.1250
469,fish,0.7593,223.5938,973.9125,271.6875,1008.3375,247.6406,991.1250
469,fish,0.7520,567.2250,366.9187,621.9000,410.4563,594.5625,388.6875
469,fish,0.7358,489.9937,647.1000,541.6313,691.6500,515.8125,669.3750
469,fish,0.7041,237.5297,279.1969,290.9391,318.1781,264.2344,298.6875
469,fish,0.6875,486.6187,302.3156,538.2563,342.3094,512.4375,322.3125
469,fish,0.6655,676.2375,1244.4750,739.0125,1289.0250,707.6250,1266.7500
469,fish,0.6558,498.5719,1232.7750,542.6156,1269.2250,520.5938,1251.0000
469,fish,0.6538,139.0641,1232.6625,184.3734,1267.0875,161.7188,1249.8750
469,fish,0.6489,975.8250,402.5250,1024.4250,438.9750,1000.1250,420.7500
469,fish,0.6470,746.5500,636.3000,799.2000,688.9500,772.8750,662.6250
469,fish,0.6426,83.2922,698.5125,137.2078,736.9875,110.2500,717.7500
469,fish,0.6406,899.6063,1230.9750,953.2687,1275.5250,926.4375,1253.2500
469,fish,0.6133,486.0562,952.4250,537.6938,994.9500,511.8750,973.6875
469,fish,0.5947,943.3125,699.5812,993.9375,737.0438,968.6250,718.3125
469,fish,0.4902,990.2250,812.1375,1034.7750,850.6125,1012.5000,831.3750
469,fish,0.4805,629.8875,999.6187,678.4875,1031.0062,654.1875,1015.3125
470,fish,0.7578,493.7625,665.6625,542.3625,710.2125,518.0625,687.9375
470,fish,0.7188,485.6062,312.1313,539.2687,351.6187,512.4375,331.8750
470,fish,0.7139,570.5438,365.9906,624.2062,408.0094,597.3750,387.0000
470,fish,0.7056,498.6000,1223.7750,543.1500,1260.2250,520.8750,1242.0000
470,fish,0.7026,222.3844,979.6500,271.4906,1016.1000,246.9375,997.8750
470,fish,0.6899,973.2375,833.2875,1015.7625,867.7125,994.5000,850.5000
470,fish,0.6836,744.4125,640.5750,799.0875,689.1750,771.7500,664.8750
470,fish,0.6807,676.2375,1244.4750,739.0125,1289.0250,707.6250,1266.7500
470,fish,0.6680,239.1750,272.6719,291.8250,310.6406,265.5000,291.6562
470,fish,0.6592,486.0562,937.2938,537.6938,980.8312,511.8750,959.0625
470,fish,0.6504,145.1074,1232.7750,189.0879,1269.2250,167.0977,1251.0000
470,fish,0.6460,974.1375,403.0875,1022.7375,439.5375,998.4375,421.3125
470,fish,0.6333,899.6625,1230.9750,954.3375,1275.5250,927.0000,1253.2500
470,fish,0.6187,77.3859,696.3750,131.3016,736.8750,104.3438,716.6250
470,fish,0.6069,943.2563,700.6500,992.8687,737.1000,968.0625,718.8750
470,fish,0.5264,630.4500,1000.1812,679.0500,1031.5687,654.7500,1015.8750
471,fish,0.7812,485.4937,679.8375,537.1313,726.4125,511.3125,703.1250
471,fish,0.7075,496.2375,1201.2750,538.7625,1237.7250,517.5000,1219.5000
471,fish,0.7041,488.8125,904.7250,539.4375,949.2750,514.1250,927.0000
471,fish,0.6958,73.4555,695.2500,127.4977,735.7500,100.4766,715.5000
471,fish,0.6929,237.9797,274.2750,289.3641,310.7250,263.6719,292.5000
471,fish,0.6919,677.3062,1244.4750,739.0688,1289.0250,708.1875,1266.7500
471,fish,0.6826,485.2688,325.1531,537.9188,366.1594,511.5938,345.6562
471,fish,0.6704,224.0016,987.3563,271.8422,1020.7687,247.9219,1004.0625
471,fish,0.6655,575.6063,364.5562,629.2687,406.0688,602.4375,385.3125
471,fish,0.6514,144.9703,1230.5250,190.2797,1266.9750,167.6250,1248.7500
471,fish,0.6479,900.1688,1230.9750,953.8312,1275.5250,927.0000,1253.2500
471,fish,0.6426,974.7000,403.6500,1023.3000,440.1000,999.0000,421.8750
471,fish,0.6406,740.0250,647.5500,796.7250,700.2000,768.3750,673.8750
471,fish,0.6152,943.3125,700.6500,993.9375,737.1000,968.6250,718.8750
471,fish,0.6074,946.4625,840.1500,993.0375,876.6000,969.7500,858.3750
471,fish,0.4922,630.4500,1000.1250,679.0500,1030.5000,654.7500,1015.3125
472,fish,0.7310,584.5500,361.6875,637.2000,402.1875,610.8750,381.9375
472,fish,0.7295,485.3813,689.8500,534.9937,734.4000,510.1875,712.1250
472,fish,0.7231,488.9250,344.9250,541.5750,387.4500,515.2500,366.1875
472,fish,0.7124,493.6781,867.6562,540.7594,913.2188,517.2188,890.4375
472,fish,0.6851,676.2375,1244.4750,739.0125,1289.0250,707.6250,1266.7500
472,fish,0.6841,236.6156,276.0750,288.7594,314.5500,262.6875,295.3125
472,fish,0.6841,224.2125,987.9188,270.7875,1021.3312,247.5000,1004.6250
472,fish,0.6782,496.5750,1188.9000,540.1125,1225.3500,518.3438,1207.1250
472,fish,0.6772,70.3266,689.7375,126.2672,732.2625,98.2969,711.0000
472,fish,0.6704,744.9750,660.4875,799.6500,713.1375,772.3125,686.8125
472,fish,0.6582,146.0953,1228.2750,191.4047,1264.7250,168.7500,1246.5000
472,fish,0.6470,975.8250,403.1156,1024.4250,440.0719,1000.1250,421.5938
472,fish,0.6406,900.1688,1230.9750,953.8312,1275.5250,927.0000,1253.2500
472,fish,0.6177,919.3500,844.5375,963.9000,878.9625,941.6250,861.7500
472,fish,0.6021,943.8188,700.6500,993.4312,737.1000,968.6250,718.8750
472,fish,0.5078,630.4500,1000.6875,679.0500,1031.0625,654.7500,1015.8750
473,fish,0.7373,492.3281,841.9500,540.4219,890.5500,516.3750,866.2500
473,fish,0.7104,588.0375,359.4937,642.7125,401.0063,615.3750,380.2500
473,fish,0.6899,483.1594,694.1812,533.2781,735.6938,508.2188,714.9375
473,fish,0.6748,745.7062,675.7875,803.4188,730.4625,774.5625,703.1250
473,fish,0.6748,676.2375,1244.4750,739.0125,1289.0250,707.6250,1266.7500
473,fish,0.6738,484.8750,361.5750,535.5000,400.0500,510.1875,380.8125
473,fish,0.6724,237.6703,277.2000,288.5484,315.6750,263.1094,296.4375
473,fish,0.6665,145.3395,1226.0250,190.9652,1262.4750,168.1523,1244.2500
473,fish,0.6592,63.2672,687.4312,116.1703,728.9438,89.7188,708.1875
473,fish,0.6523,223.2141,986.2875,269.5359,1020.7125,246.3750,1003.5000
473,fish,0.6416,974.7563,403.0875,1024.3688,439.5375,999.5625,421.3125
473,fish,0.6416,895.2188,844.5375,940.7812,878.9625,918.0000,861.7500
473,fish,0.6416,900.1688,1230.9750,953.8312,1275.5250,927.0000,1253.2500
473,fish,0.6196,943.8188,700.6500,993.4312,737.1000,968.6250,718.8750
473,fish,0.6167,493.6500,1181.2500,540.2250,1221.7500,516.9375,1201.5000
473,fish,0.5342,631.0125,1000.1250,679.6125,1030.5000,655.3125,1015.3125
474,fish,0.7139,479.1938,364.7250,528.8062,404.2125,504.0000,384.4688
474,fish,0.6992,676.7437,1244.4750,738.5063,1289.0250,707.6250,1266.7500
474,fish,0.6929,591.9750,358.6500,646.6500,405.2250,619.3125,381.9375
474,fish,0.6699,61.2633,683.4375,116.0648,723.9375,88.6641,703.6875
474,fish,0.6611,975.8250,403.0875,1024.4250,439.5375,1000.1250,421.3125
474,fish,0.6602,480.3188,696.8813,529.9312,736.3687,505.1250,716.6250
474,fish,0.6582,145.5891,1223.7750,191.9109,1260.2250,168.7500,1242.0000
474,fish,0.6548,224.5781,985.1625,272.6719,1019.5875,248.6250,1002.3750
474,fish,0.6343,900.1688,1231.9875,953.8312,1274.5125,927.0000,1253.2500
474,fish,0.6235,489.3188,826.2563,538.9312,875.8687,514.1250,851.0625
474,fish,0.6226,237.8812,276.2719,287.4937,313.2281,262.6875,294.7500
474,fish,0.6187,494.2688,1179.0000,541.8563,1219.5000,518.0625,1199.2500
474,fish,0.6104,742.2750,676.9125,798.9750,731.5875,770.6250,704.2500
474,fish,0.6094,943.3125,700.6500,993.9375,737.1000,968.6250,718.8750
474,fish,0.5498,630.4500,999.5625,679.0500,1029.9375,654.7500,1014.7500
474,fish,0.5312,878.7375,842.6812,921.2625,874.0688,900.0000,858.3750
475,fish,0.7090,465.8625,370.1812,518.5125,411.6938,492.1875,390.9375
475,fish,0.6909,676.7437,1244.4750,738.5063,1289.0250,707.6250,1266.7500
475,fish,0.6738,595.8563,360.9000,649.5187,407.4750,622.6875,384.1875
475,fish,0.6602,145.0266,1223.7750,191.3484,1260.2250,168.1875,1242.0000
475,fish,0.6582,859.6688,835.5375,903.2062,869.9625,881.4375,852.7500
475,fish,0.6523,60.5109,679.5000,116.9578,720.0000,88.7344,699.7500
475,fish,0.6514,975.8250,403.0875,1024.4250,439.5375,1000.1250,421.3125
475,fish,0.6396,900.1688,1231.9875,953.8312,1274.5125,927.0000,1253.2500
475,fish,0.6333,494.7188,1187.7750,540.2812,1224.2250,517.5000,1206.0000
475,fish,0.6318,229.3875,986.2875,275.4563,1020.7125,252.4219,1003.5000
475,fish,0.6270,241.6359,276.1875,287.9578,311.6250,264.7969,293.9062
475,fish,0.6226,485.4937,826.7625,537.1313,875.3625,511.3125,851.0625
475,fish,0.6152,943.3125,700.6500,993.9375,737.1000,968.6250,718.8750
475,fish,0.6094,741.1500,674.6625,797.8500,729.3375,769.5000,702.0000
475,fish,0.6050,479.8125,697.6125,530.4375,740.1375,505.1250,718.8750
475,fish,0.5312,630.4500,999.0562,679.0500,1030.4437,654.7500,1014.7500
476,fish,0.7476,455.2312,384.2719,508.8938,426.2906,482.0625,405.2812
476,fish,0.7231,490.1625,1185.7500,534.7125,1226.2500,512.4375,1206.0000
476,fish,0.6860,676.7437,1244.4750,738.5063,1289.0250,707.6250,1266.7500
476,fish,0.6611,599.4000,360.9000,656.1000,407.4750,627.7500,384.1875
476,fish,0.6567,145.7824,1222.6500,191.7879,1259.1000,168.7852,1240.8750
476,fish,0.6548,61.3969,675.0562,116.0719,716.5688,88.7344,695.8125
476,fish,0.6504,975.8250,402.5250,1024.4250,438.9750,1000.1250,420.7500
476,fish,0.6460,840.6000,832.1625,885.1500,866.5875,862.8750,849.3750
476,fish,0.6406,900.6750,1231.9875,953.3250,1274.5125,927.0000,1253.2500
476,fish,0.6289,478.1531,697.5000,529.2844,738.0000,503.7188,717.7500
476,fish,0.6260,230.9906,980.2125,278.0719,1016.6625,254.5312,998.4375
476,fish,0.6235,944.3250,700.6500,992.9250,737.1000,968.6250,718.8750
476,fish,0.6162,242.7750,281.9039,289.3500,316.4555,266.0625,299.1797
476,fish,0.5957,487.6313,832.1625,537.2437,876.7125,512.4375,854.4375
476,fish,0.5918,744.4125,676.7437,799.0875,728.3813,771.7500,702.5625
476,fish,0.5322,630.4500,999.0562,679.0500,1030.4437,654.7500,1014.7500
477,fish,0.7319,825.8625,828.7875,868.3875,863.2125,847.1250,846.0000
477,fish,0.7251,469.4062,1191.1500,514.9688,1227.6000,492.1875,1209.3750
477,fish,0.6943,609.5812,359.8313,667.2938,407.4187,638.4375,383.6250
477,fish,0.6724,446.2312,401.6812,499.8938,443.1938,473.0625,422.4375
477,fish,0.6665,232.4391,973.9125,277.7484,1008.3375,255.0938,991.1250
477,fish,0.6602,676.2375,1244.4750,739.0125,1289.0250,707.6250,1266.7500
477,fish,0.6533,975.2625,403.0875,1023.8625,439.5375,999.5625,421.3125
477,fish,0.6470,900.6750,1231.9875,953.3250,1274.5125,927.0000,1253.2500
477,fish,0.6460,486.0000,839.9813,536.6250,883.5187,511.3125,861.7500
477,fish,0.6372,241.1438,287.4656,288.7312,323.4094,264.9375,305.4375
477,fish,0.6318,67.4508,678.7125,114.6586,715.1625,91.0547,696.9375
477,fish,0.6279,944.3250,700.6500,992.9250,737.1000,968.6250,718.8750
477,fish,0.6177,745.4250,677.7000,798.0750,726.3000,771.7500,702.0000
477,fish,0.5776,481.4438,687.8250,536.1187,736.4250,508.7812,712.1250
477,fish,0.5640,153.7875,1219.1625,198.3375,1253.5875,176.0625,1236.3750
477,fish,0.5283,630.4500,999.5625,679.0500,1029.9375,654.7500,1014.7500
478,fish,0.7202,484.3969,858.4875,536.5406,901.0125,510.4688,879.7500
478,fish,0.6943,458.1000,1194.5250,502.6500,1230.9750,480.3750,1212.7500
478,fish,0.6860,820.1812,829.8000,861.6938,862.2000,840.9375,846.0000
478,fish,0.6772,614.5875,361.7156,671.2875,407.7844,642.9375,384.7500
478,fish,0.6748,676.2375,1244.4750,739.0125,1289.0250,707.6250,1266.7500
478,fish,0.6704,432.1687,412.8750,485.8313,453.3750,459.0000,433.1250
478,fish,0.6636,232.9313,958.7812,279.5063,994.2188,256.2188,976.5000
478,fish,0.6523,975.2625,403.0875,1023.8625,439.5375,999.5625,421.3125
478,fish,0.6479,63.9141,676.2375,118.3359,718.7625,91.1250,697.5000
478,fish,0.6416,900.6750,1231.9875,953.3250,1274.5125,927.0000,1253.2500
478,fish,0.6406,239.9906,293.4000,287.0719,329.8500,263.5312,311.6250
478,fish,0.6235,944.3250,700.6500,992.9250,737.1000,968.6250,718.8750
478,fish,0.6216,746.6063,676.6875,800.2687,727.3125,773.4375,702.0000
478,fish,0.6167,489.9937,682.2563,541.6313,731.8687,515.8125,707.0625
478,fish,0.5747,166.3594,1212.3000,209.3906,1244.7000,187.8750,1228.5000
478,fish,0.5410,630.4500,999.5625,679.0500,1029.9375,654.7500,1014.7500
479,fish,0.7188,487.6031,884.8687,536.7094,926.3813,512.1562,905.6250
479,fish,0.7026,821.3625,829.8000,863.8875,862.2000,842.6250,846.0000
479,fish,0.6992,232.3969,941.5125,279.4781,979.9875,255.9375,960.7500
479,fish,0.6929,75.9938,677.1938,125.1000,716.6812,100.5469,696.9375
479,fish,0.6782,676.2375,1244.4750,739.0125,1289.0250,707.6250,1266.7500
479,fish,0.6733,454.1906,1197.9000,499.2469,1234.3500,476.7188,1216.1250
479,fish,0.6680,617.4000,361.6875,674.1000,407.2500,645.7500,384.4688
479,fish,0.6636,172.3922,1203.4125,215.1703,1237.8375,193.7812,1220.6250
479,fish,0.6611,421.0312,416.8125,476.7188,457.3125,448.8750,437.0625
479,fish,0.6538,975.2625,403.0875,1023.8625,439.5375,999.5625,421.3125
479,fish,0.6479,900.6750,1231.9875,953.3250,1274.5125,927.0000,1253.2500
479,fish,0.6362,746.6063,676.5750,800.2687,725.1750,773.4375,700.8750
479,fish,0.6167,944.3250,700.0875,992.9250,736.5375,968.6250,718.3125
479,fish,0.6152,489.8813,682.2000,539.4937,730.8000,514.6875,706.5000
479,fish,0.6143,240.4969,300.0938,286.5656,335.5312,263.5312,317.8125
479,fish,0.5439,631.5750,999.5625,680.1750,1029.9375,655.8750,1014.7500
480,fish,0.7295,488.5031,911.3625,538.6219,953.8875,513.5625,932.6250
480,fish,0.6968,820.2375,829.8000,862.7625,862.2000,841.5000,846.0000
480,fish,0.6958,90.4359,681.6375,141.3141,720.1125,115.8750,700.8750
480,fish,0.6841,177.0469,1194.3000,220.0781,1226.7000,198.5625,1210.5000
480,fish,0.6816,231.8625,930.2625,279.4500,968.7375,255.6562,949.5000
480,fish,0.6758,676.2375,1244.4750,739.0125,1289.0250,707.6250,1266.7500
480,fish,0.6665,413.4094,416.5312,468.5906,457.0312,441.0000,436.7812
480,fish,0.6611,620.1562,362.2219,675.8438,407.2781,648.0000,384.7500
480,fish,0.6470,975.8250,402.5250,1024.4250,438.9750,1000.1250,420.7500
480,fish,0.6396,900.6750,1230.8625,953.3250,1273.3875,927.0000,1252.1250
480,fish,0.6372,449.1562,1203.5250,494.7188,1239.9750,471.9375,1221.7500
480,fish,0.6289,944.3250,700.6500,992.9250,737.1000,968.6250,718.8750
480,fish,0.6167,743.2875,678.8250,797.9625,727.4250,770.6250,703.1250
480,fish,0.6094,490.4438,680.0625,540.0562,730.6875,515.2500,705.3750
480,fish,0.5820,238.3594,307.1250,286.4531,342.5625,262.4062,324.8438
480,fish,0.4961,632.0812,1000.0688,679.6688,1029.4313,655.8750,1014.7500
481,fish,0.7153,623.5312,360.5063,679.2188,405.0562,651.3750,382.7812
481,fish,0.7104,485.5500,937.3500,538.2000,981.9000,511.8750,959.6250
481,fish,0.7041,400.1906,415.1250,455.3719,455.6250,427.7812,435.3750
481,fish,0.6929,230.1609,929.1375,277.4953,967.6125,253.8281,948.3750
481,fish,0.6895,182.9531,1183.2750,225.9844,1219.7250,204.4688,1201.5000
481,fish,0.6851,105.8977,686.2500,156.6492,726.7500,131.2734,706.5000
481,fish,0.6782,677.2500,1244.4750,738.0000,1289.0250,707.6250,1266.7500
481,fish,0.6772,821.2500,830.9250,861.7500,863.3250,841.5000,847.1250
481,fish,0.6567,975.8250,402.5250,1024.4250,438.9750,1000.1250,420.7500
481,fish,0.6450,492.1031,682.0312,541.2094,727.5938,516.6562,704.8125
481,fish,0.6377,900.1125,1233.0000,952.7625,1273.5000,926.4375,1253.2500
481,fish,0.6260,944.8875,700.0875,993.4875,736.5375,969.1875,718.3125
481,fish,0.6250,445.7812,1213.5375,491.3438,1247.9625,468.5625,1230.7500
481,fish,0.6030,238.8516,311.4000,285.6797,347.8500,262.2656,329.6250
481,fish,0.5962,741.0375,684.1125,795.7125,736.7625,768.3750,710.4375
481,fish,0.5234,631.5750,999.5625,680.1750,1029.9375,655.8750,1014.7500
482,fish,0.7852,626.4000,356.6250,683.1000,402.1875,654.7500,379.4062
482,fish,0.7393,436.7812,1221.5250,482.3438,1257.9750,459.5625,1239.7500
482,fish,0.7280,389.0813,412.9312,446.7937,454.4438,417.9375,433.6875
482,fish,0.7026,227.9391,930.2625,275.7797,968.7375,251.8594,949.5000
482,fish,0.6958,484.7063,964.6875,537.3563,1005.1875,511.0312,984.9375
482,fish,0.6782,493.8188,672.5250,543.4312,719.1000,518.6250,695.8125
482,fish,0.6772,128.9145,693.9000,177.5777,730.3500,153.2461,712.1250
482,fish,0.6733,192.4172,1174.0500,233.6766,1206.4500,213.0469,1190.2500
482,fish,0.6636,739.8000,686.7000,792.4500,735.3000,766.1250,711.0000
482,fish,0.6621,676.7437,1244.4750,738.5063,1289.0250,707.6250,1266.7500
482,fish,0.6533,820.1250,836.4375,860.6250,866.8125,840.3750,851.6250
482,fish,0.6523,975.8250,403.0594,1024.4250,439.0031,1000.1250,421.0312
482,fish,0.6289,899.5500,1230.8625,952.2000,1273.3875,925.8750,1252.1250
482,fish,0.6152,944.3250,700.0875,992.9250,736.5375,968.6250,718.3125
482,fish,0.6040,237.9938,315.3375,284.5688,351.7875,261.2812,333.5625
482,fish,0.5361,631.5750,999.5625,680.1750,1029.9375,655.8750,1014.7500
483,fish,0.7461,630.8438,352.4062,686.5312,397.9688,658.6875,375.1875
483,fish,0.7217,382.1906,413.3813,437.3719,452.8687,409.7812,433.1250
483,fish,0.7168,498.8250,649.5750,547.4250,698.1750,523.1250,673.8750
483,fish,0.7007,423.2812,1234.8000,468.8438,1267.2000,446.0625,1251.0000
483,fish,0.6919,195.4969,1171.8000,236.5031,1204.2000,216.0000,1188.0000
483,fish,0.6851,226.4766,935.2687,273.3047,972.7313,249.8906,954.0000
483,fish,0.6699,736.9875,686.0250,789.6375,732.6000,763.3125,709.3125
483,fish,0.6699,483.1313,986.0063,532.7437,1025.4938,507.9375,1005.7500
483,fish,0.6699,140.7270,696.7125,189.3902,733.1625,165.0586,714.9375
483,fish,0.6655,676.2375,1243.3500,739.0125,1287.9000,707.6250,1265.6250
483,fish,0.6489,975.8250,403.0875,1024.4250,439.5375,1000.1250,421.3125
483,fish,0.6489,899.5500,1233.0000,952.2000,1273.5000,925.8750,1253.2500
483,fish,0.6387,818.5500,838.8000,861.0750,871.2000,839.8125,855.0000
483,fish,0.6260,944.3250,700.0875,992.9250,736.5375,968.6250,718.3125
483,fish,0.6143,234.6891,319.3313,282.5297,356.7937,258.6094,338.0625
483,fish,0.5361,632.7000,998.4937,681.3000,1029.8812,657.0000,1014.1875
484,fish,0.7124,376.5656,415.1250,431.7469,455.6250,404.1562,435.3750
484,fish,0.6958,235.3922,310.8938,285.7641,348.3562,260.5781,329.6250
484,fish,0.6875,498.1500,623.8125,549.7875,674.4375,523.9688,649.1250
484,fish,0.6802,633.2062,349.5375,690.9188,394.0875,662.0625,371.8125
484,fish,0.6792,417.0656,1237.0500,462.1219,1269.4500,439.5938,1253.2500
484,fish,0.6738,225.3938,940.2750,272.9812,976.7250,249.1875,958.5000
484,fish,0.6733,474.8625,992.1375,527.5125,1030.6125,501.1875,1011.3750
484,fish,0.6699,676.2375,1244.4750,739.0125,1289.0250,707.6250,1266.7500
484,fish,0.6655,734.1750,685.4625,786.8250,732.0375,760.5000,708.7500
484,fish,0.6450,975.8813,403.1438,1025.4938,440.6062,1000.6875,421.8750
484,fish,0.6372,899.5500,1233.0000,952.2000,1273.5000,925.8750,1253.2500
484,fish,0.6196,944.3250,699.5250,992.9250,735.9750,968.6250,717.7500
484,fish,0.6040,152.1562,700.6500,202.7812,737.1000,177.4688,718.8750
484,fish,0.5938,198.8438,1167.5250,239.3438,1203.9750,219.0938,1185.7500
484,fish,0.5820,815.2313,843.3000,858.7687,875.7000,837.0000,859.5000
484,fish,0.5322,633.2625,998.5500,681.8625,1030.9500,657.5625,1014.7500
485,fish,0.7324,238.2047,296.2688,288.5766,333.7312,263.3906,315.0000
485,fish,0.6943,499.9500,600.1875,548.5500,650.8125,524.2500,625.5000
485,fish,0.6826,676.7437,1244.4750,738.5063,1289.0250,707.6250,1266.7500
485,fish,0.6748,367.7063,417.0656,425.4187,457.0594,396.5625,437.0625
485,fish,0.6748,734.8500,683.7188,789.5250,729.2812,762.1875,706.5000
485,fish,0.6680,468.4500,992.7563,527.1750,1032.2438,497.8125,1012.5000
485,fish,0.6626,975.8813,403.1438,1025.4938,440.6062,1000.6875,421.8750
485,fish,0.6504,638.7750,344.9812,695.4750,388.5188,667.1250,366.7500
485,fish,0.6489,901.1812,1231.9875,952.8188,1274.5125,927.0000,1253.2500
485,fish,0.6245,944.3250,700.0875,992.9250,736.5375,968.6250,718.3125
485,fish,0.6206,413.8875,1237.0500,457.4250,1269.4500,435.6562,1253.2500
485,fish,0.6177,225.4219,949.2750,273.5156,985.7250,249.4688,967.5000
485,fish,0.5991,164.6438,701.2687,217.2937,738.7313,190.9688,720.0000
485,fish,0.5898,203.4563,1165.2750,245.9812,1201.7250,224.7188,1183.5000
485,fish,0.5786,816.3000,848.9813,858.8250,882.3937,837.5625,865.6875
485,fish,0.5381,631.6875,998.5500,682.3125,1030.9500,657.0000,1014.7500
486,fish,0.7578,237.3469,287.6062,287.4656,326.0813,262.4062,306.8438
486,fish,0.7188,642.1500,342.7312,698.8500,386.2688,670.5000,364.5000
486,fish,0.7104,498.2625,585.5625,546.8625,636.1875,522.5625,610.8750
486,fish,0.6943,230.5406,956.5312,277.1156,991.9688,253.8281,974.2500
486,fish,0.6943,207.7312,1168.6500,251.2688,1205.1000,229.5000,1186.8750
486,fish,0.6768,363.4031,417.5719,419.5969,456.5531,391.5000,437.0625
486,fish,0.6738,676.2375,1244.4750,739.0125,1289.0250,707.6250,1266.7500
486,fish,0.6636,975.8250,403.6781,1024.4250,440.6344,1000.1250,422.1562
486,fish,0.6621,814.7250,853.6500,859.2750,890.1000,837.0000,871.8750
486,fish,0.6470,901.7437,1233.0000,953.3813,1273.5000,927.5625,1253.2500
486,fish,0.6426,475.5094,993.3750,529.6781,1033.8750,502.5938,1013.6250
486,fish,0.6362,410.6812,1239.3000,452.1938,1271.7000,431.4375,1255.5000
486,fish,0.6123,944.3250,700.0875,992.9250,736.5375,968.6250,718.3125
486,fish,0.6060,741.0375,678.8813,795.7125,728.4937,768.3750,703.6875
486,fish,0.5991,180.0984,699.0750,232.4953,737.5500,206.2969,718.3125
486,fish,0.5205,633.8250,998.5500,682.4250,1030.9500,658.1250,1014.7500
487,fish,0.7217,645.5250,340.7625,702.2250,384.3000,673.8750,362.5312
487,fish,0.7202,233.9719,959.2313,279.0281,992.6437,256.5000,975.9375
487,fish,0.7090,233.7469,284.5125,284.8781,322.9875,259.3125,303.7500
487,fish,0.6851,482.0063,989.9438,531.6187,1029.4313,506.8125,1009.6875
487,fish,0.6851,212.9344,1177.8750,259.0031,1218.3750,235.9688,1198.1250
487,fish,0.6772,814.7250,858.1500,859.2750,894.6000,837.0000,876.3750
487,fish,0.6680,676.2375,1244.4750,739.0125,1289.0250,707.6250,1266.7500
487,fish,0.6592,195.0469,693.0000,248.2031,733.5000,221.6250,713.2500
487,fish,0.6558,356.9625,415.7437,413.6625,457.2563,385.3125,436.5000
487,fish,0.6523,975.8250,404.2125,1024.4250,440.6625,1000.1250,422.4375
487,fish,0.6436,418.2750,1239.3000,464.8500,1271.7000,441.5625,1255.5000
487,fish,0.6426,901.2375,1231.9875,953.8875,1274.5125,927.5625,1253.2500
487,fish,0.6143,944.3250,700.0875,992.9250,736.5375,968.6250,718.3125
487,fish,0.5947,498.0375,577.2375,542.5875,629.8875,520.3125,603.5625
487,fish,0.5947,742.2750,673.9312,798.9750,725.5688,770.6250,699.7500
487,fish,0.5322,633.2625,998.5500,681.8625,1030.9500,657.5625,1014.7500
488,fish,0.7446,235.6312,285.7781,285.2437,321.7219,260.4375,303.7500
488,fish,0.7324,816.9750,865.0125,861.5250,903.4875,839.2500,884.2500
488,fish,0.7324,232.5797,958.1625,277.8891,992.5875,255.2344,975.3750
488,fish,0.7231,651.1500,336.7969,707.8500,379.8281,679.5000,358.3125
488,fish,0.6860,350.4656,415.9969,406.6594,457.0031,378.5625,436.5000
488,fish,0.6689,676.2375,1243.3500,739.0125,1287.9000,707.6250,1265.6250
488,fish,0.6689,206.8313,690.7500,259.4812,731.2500,233.1562,711.0000
488,fish,0.6611,975.8250,403.9312,1024.4250,440.3813,1000.1250,422.1562
488,fish,0.6577,485.3250,977.6250,533.9250,1018.1250,509.6250,997.8750
488,fish,0.6440,901.2375,1231.9875,953.8875,1274.5125,927.5625,1253.2500
488,fish,0.6396,222.3000,1199.2500,269.8875,1239.7500,246.0938,1219.5000
488,fish,0.6152,742.2750,669.4312,798.9750,721.0688,770.6250,695.2500
488,fish,0.6133,944.3250,699.5250,992.9250,735.9750,968.6250,717.7500
488,fish,0.5688,495.2531,578.2500,540.3094,628.8750,517.7812,603.5625
488,fish,0.5420,632.7000,998.5500,681.3000,1030.9500,657.0000,1014.7500
488,fish,0.5264,431.8594,1246.2750,479.9531,1282.7250,455.9062,1264.5000
489,fish,0.7324,233.5359,293.9625,283.4016,330.4125,258.4688,312.1875
489,fish,0.7295,661.2750,331.1438,717.9750,373.6687,689.6250,352.4062
489,fish,0.7188,815.9625,877.2750,862.5375,913.7250,839.2500,895.5000
489,fish,0.7026,747.2812,661.0500,802.9688,713.7000,775.1250,687.3750
489,fish,0.6909,482.6812,964.6875,534.3188,1005.1875,508.5000,984.9375
489,fish,0.6816,229.5563,956.0250,276.1313,992.4750,252.8438,974.2500
489,fish,0.6680,676.2375,1244.4750,739.0125,1289.0250,707.6250,1266.7500
489,fish,0.6592,902.3625,1230.8625,955.0125,1273.3875,928.6875,1252.1250
489,fish,0.6567,975.8250,403.6500,1024.4250,440.1000,1000.1250,421.8750
489,fish,0.6523,231.3281,1219.5000,279.4219,1260.0000,255.3750,1239.7500
489,fish,0.6470,213.8484,685.2375,271.3078,727.7625,242.5781,706.5000
489,fish,0.6460,490.2188,586.4625,535.7812,633.0375,513.0000,609.7500
489,fish,0.6426,346.4438,416.2500,401.1187,456.7500,373.7812,436.5000
489,fish,0.6162,442.6313,1251.9000,492.2437,1288.3500,467.4375,1270.1250
489,fish,0.6113,944.3813,700.0875,993.9937,736.5375,969.1875,718.3125
489,fish,0.5352,632.1375,999.0562,680.7375,1030.4437,656.4375,1014.7500
490,fish,0.7705,231.5250,303.0750,283.1625,341.5500,257.3438,322.3125
490,fish,0.7505,817.5938,886.2750,863.1562,922.7250,840.3750,904.5000
490,fish,0.7417,668.0250,325.5188,724.7250,368.0437,696.3750,346.7812
490,fish,0.7188,749.5312,645.4125,805.2188,700.0875,777.3750,672.7500
490,fish,0.7041,237.8391,1235.0250,284.1609,1271.4750,261.0000,1253.2500
490,fish,0.6943,676.2375,1244.4750,739.0125,1289.0250,707.6250,1266.7500
490,fish,0.6875,488.3062,938.4750,539.9438,983.0250,514.1250,960.7500
490,fish,0.6704,230.6672,956.4188,276.9891,989.8312,253.8281,973.1250
490,fish,0.6689,217.3500,684.6750,272.0250,727.2000,244.6875,705.9375
490,fish,0.6567,974.7000,403.0312,1023.3000,438.4688,999.0000,420.7500
490,fish,0.6416,904.6125,1230.8625,957.2625,1273.3875,930.9375,1252.1250
490,fish,0.6318,450.9563,1254.1500,498.5437,1290.6000,474.7500,1272.3750
490,fish,0.6226,342.2250,415.0688,396.9000,454.5562,369.5625,434.8125
490,fish,0.6084,943.3125,699.6375,993.9375,738.1125,968.6250,718.8750
490,fish,0.5264,487.0969,597.0938,532.1531,642.6562,509.6250,619.8750
490,fish,0.5059,632.6437,999.5625,680.2313,1029.9375,656.4375,1014.7500
491,fish,0.7646,491.1187,895.9500,542.7563,944.5500,516.9375,920.2500
491,fish,0.7461,230.6250,311.5125,281.2500,349.9875,255.9375,330.7500
491,fish,0.7188,817.5938,891.3375,863.1562,927.7875,840.3750,909.5625
491,fish,0.6943,676.2375,1244.4750,739.0125,1289.0250,707.6250,1266.7500
491,fish,0.6929,480.0938,607.7250,525.6562,652.2750,502.8750,630.0000
491,fish,0.6875,672.0187,317.4750,729.7313,362.0250,700.8750,339.7500
491,fish,0.6851,217.8844,684.1125,272.0531,726.6375,244.9688,705.3750
491,fish,0.6851,230.6531,956.9250,276.7219,989.3250,253.6875,973.1250
491,fish,0.6704,242.5078,1235.2500,289.3359,1275.7500,265.9219,1255.5000
491,fish,0.6592,749.5875,628.4813,806.2875,682.1437,777.9375,655.3125
491,fish,0.6533,975.8250,401.9062,1024.4250,437.3438,1000.1250,419.6250
491,fish,0.6436,341.6344,413.9438,395.8031,453.4312,368.7188,433.6875
491,fish,0.6333,906.3563,1228.7250,960.0187,1273.2750,933.1875,1251.0000
491,fish,0.6152,943.3125,700.1437,993.9375,737.6063,968.6250,718.8750
491,fish,0.6113,457.1156,1253.0250,504.1969,1289.4750,480.6562,1271.2500
491,fish,0.4971,631.5187,999.5625,679.1063,1029.9375,655.3125,1014.7500
492,fish,0.7720,231.8906,961.4813,274.9219,994.8937,253.4062,978.1875
492,fish,0.7690,229.8094,321.0750,280.9406,359.5500,255.3750,340.3125
492,fish,0.7280,818.1562,895.2188,863.7188,930.6562,840.9375,912.9375
492,fish,0.7217,490.9500,864.7875,539.5500,909.3375,515.2500,887.0625
492,fish,0.6792,218.1937,684.1125,272.8687,726.6375,245.5312,705.3750
492,fish,0.6792,676.2375,1244.4750,739.0125,1289.0250,707.6250,1266.7500
492,fish,0.6738,245.9250,1235.2500,293.5125,1275.7500,269.7188,1255.5000
492,fish,0.6733,677.0250,310.1062,733.7250,353.6438,705.3750,331.8750
492,fish,0.6533,749.9250,610.5375,802.5750,665.2125,776.2500,637.8750
492,fish,0.6406,975.8250,400.7812,1024.4250,436.2188,1000.1250,418.5000
492,fish,0.6372,908.4937,1230.8625,960.1313,1273.3875,934.3125,1252.1250
492,fish,0.6372,465.0750,1251.9000,513.6750,1288.3500,489.3750,1270.1250
492,fish,0.6279,343.2937,414.5063,396.9563,453.9937,370.1250,434.2500
492,fish,0.5962,943.3125,699.6375,993.9375,738.1125,968.6250,718.8750
492,fish,0.5498,475.2563,615.8250,524.8687,664.4250,500.0625,640.1250
492,fish,0.5273,630.4500,999.5625,679.0500,1029.9375,654.7500,1014.7500
493,fish,0.7646,681.5250,305.2406,738.2250,347.2594,709.8750,326.2500
493,fish,0.7622,231.6094,967.0500,274.6406,999.4500,253.1250,983.2500
493,fish,0.7505,229.2469,327.2063,280.3781,364.6687,254.8125,345.9375
493,fish,0.7476,818.7750,894.7125,865.3500,931.1625,842.0625,912.9375
493,fish,0.6958,978.5812,397.9406,1026.1688,432.8719,1002.3750,415.4062
493,fish,0.6929,490.9500,849.0375,539.5500,893.5875,515.2500,871.3125
493,fish,0.6816,676.7437,1244.4750,738.5063,1289.0250,707.6250,1266.7500
493,fish,0.6636,247.0781,1235.2500,295.1719,1275.7500,271.1250,1255.5000
493,fish,0.6611,216.0844,685.7437,273.2906,727.2563,244.6875,706.5000
493,fish,0.6592,746.5500,601.4813,799.2000,655.1437,772.8750,628.3125
493,fish,0.6440,907.9875,1230.8625,960.6375,1273.3875,934.3125,1252.1250
493,fish,0.6177,943.8188,700.6500,993.4312,737.1000,968.6250,718.8750
493,fish,0.6030,346.5562,414.5063,398.1938,453.9937,372.3750,434.2500
493,fish,0.5850,480.0094,1248.5250,529.1156,1284.9750,504.5625,1266.7500
493,fish,0.5698,471.8250,626.0625,520.4250,676.6875,496.1250,651.3750
493,fish,0.5537,630.9562,999.5625,678.5438,1029.9375,654.7500,1014.7500
494,fish,0.7578,818.2125,896.3438,864.7875,931.7812,841.5000,914.0625
494,fish,0.7446,229.9500,975.4312,273.4875,1006.8188,251.7188,991.1250
494,fish,0.7026,980.2125,396.7875,1026.7875,431.2125,1003.5000,414.0000
494,fish,0.6895,231.7219,333.8719,281.8406,369.8156,256.7812,351.8438
494,fish,0.6885,743.7938,596.9250,797.4562,649.5750,770.6250,623.2500
494,fish,0.6836,676.2375,1244.4750,739.0125,1289.0250,707.6250,1266.7500
494,fish,0.6807,214.9594,686.8125,269.6344,727.3125,242.2969,707.0625
494,fish,0.6665,686.6437,297.9844,744.3563,341.0156,715.5000,319.5000
494,fish,0.6567,245.6156,1235.2500,292.6969,1275.7500,269.1562,1255.5000
494,fish,0.6494,486.2531,842.9625,536.3719,889.5375,511.3125,866.2500
494,fish,0.6494,490.6125,1244.0250,538.2000,1280.4750,514.4062,1262.2500
494,fish,0.6440,908.5500,1230.9750,961.2000,1275.5250,934.8750,1253.2500
494,fish,0.6196,943.8188,700.6500,993.4312,737.1000,968.6250,718.8750
494,fish,0.6011,469.3781,635.0063,519.4969,684.6187,494.4375,659.8125
494,fish,0.5957,348.1594,412.2000,398.2781,450.6750,373.2188,431.4375
494,fish,0.5640,630.4500,999.5625,679.0500,1029.9375,654.7500,1014.7500
495,fish,0.7622,818.2125,896.9062,864.7875,932.3438,841.5000,914.6250
495,fish,0.7124,234.9563,337.1625,282.5437,371.5875,258.7500,354.3750
495,fish,0.7124,481.0219,837.2250,533.1656,881.7750,507.0938,859.5000
495,fish,0.7056,980.2125,392.3438,1026.7875,427.7812,1003.5000,410.0625
495,fish,0.7041,742.1625,592.8750,796.8375,643.5000,769.5000,618.1875
495,fish,0.7026,493.5938,1233.9000,539.1562,1270.3500,516.3750,1252.1250
495,fish,0.6885,676.7437,1244.4750,738.5063,1289.0250,707.6250,1266.7500
495,fish,0.6870,214.2562,689.0063,268.9312,728.4937,241.5938,708.7500
495,fish,0.6816,351.5063,405.9563,401.1187,443.4187,376.3125,424.6875
495,fish,0.6689,243.3656,1235.2500,290.4469,1275.7500,266.9062,1255.5000
495,fish,0.6626,690.5250,292.0500,747.2250,334.5750,718.8750,313.3125
495,fish,0.6548,229.6687,982.8000,273.2063,1015.2000,251.4375,999.0000
495,fish,0.6377,908.5500,1230.9750,961.2000,1275.5250,934.8750,1253.2500
495,fish,0.6245,943.8188,700.6500,993.4312,737.1000,968.6250,718.8750
495,fish,0.6084,469.0688,643.3875,518.6812,691.9875,493.8750,667.6875
495,fish,0.5679,629.8312,999.6187,677.4188,1031.0062,653.6250,1015.3125
496,fish,0.7661,234.6469,334.2937,281.7281,367.7063,258.1875,351.0000
496,fish,0.7661,819.2250,898.0875,863.7750,934.5375,841.5000,916.3125
496,fish,0.7593,690.5250,285.8625,747.2250,328.3875,718.8750,307.1250
496,fish,0.7026,231.2156,985.6125,272.2219,1018.0125,251.7188,1001.8125
496,fish,0.6909,676.7437,1244.4750,738.5063,1289.0250,707.6250,1266.7500
496,fish,0.6851,494.9438,1228.2750,539.4937,1264.7250,517.2188,1246.5000
496,fish,0.6802,242.5500,1235.2500,290.1375,1275.7500,266.3438,1255.5000
496,fish,0.6724,213.3844,690.6375,267.5531,729.1125,240.4688,709.8750
496,fish,0.6704,979.0875,389.0250,1025.6625,425.4750,1002.3750,407.2500
496,fish,0.6621,355.3875,400.8938,403.9875,438.3562,379.6875,419.6250
496,fish,0.6372,741.6000,591.2437,796.2750,642.8813,768.9375,617.0625
496,fish,0.6372,908.5500,1230.8625,961.2000,1273.3875,934.8750,1252.1250
496,fish,0.6250,943.8188,700.6500,993.4312,737.1000,968.6250,718.8750
496,fish,0.6226,468.2250,646.1437,517.8375,693.7313,493.0312,669.9375
496,fish,0.6167,485.4656,842.9062,536.5969,888.4688,511.0312,865.6875
496,fish,0.5688,629.8312,999.6187,677.4188,1031.0062,653.6250,1015.3125
497,fish,0.7720,819.2250,900.3375,863.7750,936.7875,841.5000,918.5625
497,fish,0.7676,234.0844,331.7625,281.1656,365.1750,257.6250,348.4688
497,fish,0.7295,490.3313,1226.0250,537.9188,1262.4750,514.1250,1244.2500
497,fish,0.7139,692.6625,282.5719,747.3375,321.5531,720.0000,302.0625
497,fish,0.6909,676.7437,1244.4750,738.5063,1289.0250,707.6250,1266.7500
497,fish,0.6875,488.3062,867.7125,539.9438,914.2875,514.1250,891.0000
497,fish,0.6772,975.9375,386.2688,1026.5625,423.7312,1001.2500,405.0000
497,fish,0.6714,230.5828,981.6750,272.8547,1014.0750,251.7188,997.8750
497,fish,0.6636,213.1312,691.8750,267.8062,732.3750,240.4688,712.1250
497,fish,0.6577,742.7250,597.3750,797.4000,648.0000,770.0625,622.6875
497,fish,0.6450,908.5500,1230.8625,961.2000,1273.3875,934.8750,1252.1250
497,fish,0.6440,360.5906,393.1313,411.7219,432.6187,386.1562,412.8750
497,fish,0.6343,244.5469,1235.2500,292.6406,1275.7500,268.5938,1255.5000
497,fish,0.6226,943.8188,700.6500,993.4312,737.1000,968.6250,718.8750
497,fish,0.6196,467.4375,647.8875,518.0625,696.4875,492.7500,672.1875
497,fish,0.5776,629.8312,1000.6875,677.4188,1031.0625,653.6250,1015.8750
498,fish,0.7773,231.5531,330.9750,281.1656,365.4000,256.3594,348.1875
498,fish,0.7676,819.7875,901.9688,864.3375,937.4062,842.0625,919.6875
498,fish,0.7520,487.7719,900.3375,539.9156,946.9125,513.8438,923.6250
498,fish,0.6851,676.7437,1244.4750,738.5063,1289.0250,707.6250,1266.7500
498,fish,0.6792,974.8125,384.5813,1025.4375,422.0437,1000.1250,403.3125
498,fish,0.6782,214.0594,693.0000,267.7219,733.5000,240.8906,713.2500
498,fish,0.6592,744.3000,606.8250,796.9500,655.4250,770.6250,631.1250
498,fish,0.6538,230.2172,981.1125,273.5016,1013.5125,251.8594,997.3125
498,fish,0.6514,247.6828,1234.1250,296.5359,1274.6250,272.1094,1254.3750
498,fish,0.6450,691.5938,276.9469,747.2812,315.9281,719.4375,296.4375
498,fish,0.6440,495.1687,1217.0250,538.7062,1253.4750,516.9375,1235.2500
498,fish,0.6396,908.0438,1228.7250,961.7062,1273.2750,934.8750,1251.0000
498,fish,0.6226,943.2563,699.5250,992.8687,735.9750,968.0625,717.7500
498,fish,0.6167,372.4594,392.3719,424.6031,433.3781,398.5312,412.8750
498,fish,0.6050,469.6313,647.3250,519.2437,695.9250,494.4375,671.6250
498,fish,0.5581,630.3375,1000.1250,676.9125,1030.5000,653.6250,1015.3125
499,fish,0.7788,230.5969,332.7188,280.7156,368.1562,255.6562,350.4375
499,fish,0.7759,819.7875,903.1500,864.3375,939.6000,842.0625,921.3750
499,fish,0.7607,489.6562,931.3312,540.2812,978.9188,514.9688,955.1250
499,fish,0.7056,973.6875,383.4000,1024.3125,419.8500,999.0000,401.6250
499,fish,0.6958,214.0031,693.0000,269.1844,733.5000,241.5938,713.2500
499,fish,0.6841,676.7437,1244.4750,738.5063,1289.0250,707.6250,1266.7500
499,fish,0.6836,231.4547,977.1750,274.2328,1009.5750,252.8438,993.3750
499,fish,0.6680,389.3062,387.5063,440.9438,426.9937,415.1250,407.2500
499,fish,0.6670,745.4250,621.4500,798.0750,670.0500,771.7500,645.7500
499,fish,0.6538,247.0500,1233.0000,294.6375,1273.5000,270.8438,1253.2500
499,fish,0.6426,492.4688,1217.0250,538.0312,1253.4750,515.2500,1235.2500
499,fish,0.6343,691.0312,273.9094,746.7188,313.9031,718.8750,293.9062
499,fish,0.6309,908.5500,1230.8625,961.2000,1273.3875,934.8750,1252.1250
499,fish,0.6216,944.3250,699.5250,992.9250,735.9750,968.6250,717.7500
499,fish,0.5908,469.6594,648.4500,519.7781,697.0500,494.7188,672.7500
499,fish,0.5547,630.3375,1000.6875,676.9125,1031.0625,653.6250,1015.8750
500,fish,0.7759,820.3500,905.9062,864.9000,941.3438,842.6250,923.6250
500,fish,0.7432,229.7812,338.5125,280.4062,376.9875,255.0938,357.7500
500,fish,0.7188,744.4125,636.1875,799.0875,686.8125,771.7500,661.5000
500,fish,0.7104,972.4500,382.8375,1021.0500,419.2875,996.7500,401.0625
500,fish,0.6899,231.3562,976.0500,274.8938,1008.4500,253.1250,992.2500
500,fish,0.6733,676.2375,1244.4750,739.0125,1289.0250,707.6250,1266.7500
500,fish,0.6689,494.6062,1220.4000,538.1437,1256.8500,516.3750,1238.6250
500,fish,0.6655,248.5687,1230.5250,293.1187,1266.9750,270.8438,1248.7500
500,fish,0.6602,489.9937,964.3500,541.6313,1008.9000,515.8125,986.6250
500,fish,0.6567,402.4688,384.8625,458.1562,427.3875,430.3125,406.1250
500,fish,0.6504,217.7297,690.3563,274.1766,733.8937,245.9531,712.1250
500,fish,0.6372,689.9062,273.0938,745.5938,313.5938,717.7500,293.3438
500,fish,0.6318,907.5375,1231.9875,962.2125,1274.5125,934.8750,1253.2500
500,fish,0.6177,469.4062,648.3375,520.0312,694.9125,494.7188,671.6250
500,fish,0.5991,943.2563,699.5250,992.8687,735.9750,968.0625,717.7500
500,fish,0.5410,629.8312,999.5625,677.4188,1029.9375,653.6250,1014.7500
501,fish,0.7734,820.3500,907.0312,864.9000,942.4688,842.6250,924.7500
501,fish,0.7490,228.7266,343.7719,280.6172,380.7281,254.6719,362.2500
501,fish,0.7075,972.4500,383.3719,1021.0500,419.3156,996.7500,401.3438
501,fish,0.7075,231.0750,973.8000,274.6125,1006.2000,252.8438,990.0000
501,fish,0.7026,250.9313,1226.0250,292.4438,1262.4750,271.6875,1244.2500
501,fish,0.6943,488.7563,983.2500,538.3687,1023.7500,513.5625,1003.5000
501,fish,0.6816,676.2375,1244.4750,739.0125,1289.0250,707.6250,1266.7500
501,fish,0.6577,491.8500,1222.6500,536.4000,1259.1000,514.1250,1240.8750
501,fish,0.6567,423.1687,383.6812,476.8313,425.1938,450.0000,404.4375
501,fish,0.6538,215.2406,689.8500,272.4469,734.4000,243.8438,712.1250
501,fish,0.6533,469.6875,647.2125,520.3125,693.7875,495.0000,670.5000
501,fish,0.6494,688.2750,273.6844,744.9750,314.6906,716.6250,294.1875
501,fish,0.6333,908.0438,1231.9875,961.7062,1274.5125,934.8750,1253.2500
501,fish,0.6177,744.9188,648.2250,798.5812,702.9000,771.7500,675.5625
501,fish,0.6011,943.2563,699.5250,992.8687,735.9750,968.0625,717.7500
501,fish,0.5459,630.3375,999.5625,676.9125,1029.9375,653.6250,1014.7500
502,fish,0.7959,819.8438,908.2125,865.4062,944.6625,842.6250,926.4375
502,fish,0.7446,229.8234,344.0813,281.2078,381.5437,255.5156,362.8125
502,fish,0.7153,971.3250,383.4000,1019.9250,419.8500,995.6250,401.6250
502,fish,0.7090,231.3562,971.5500,274.8938,1003.9500,253.1250,987.7500
502,fish,0.7026,483.6094,986.4000,531.7031,1022.8500,507.6562,1004.6250
502,fish,0.7007,489.9656,1226.0250,536.0344,1262.4750,513.0000,1244.2500
502,fish,0.6885,251.6062,1219.2750,295.1438,1255.7250,273.3750,1237.5000
502,fish,0.6841,687.1500,276.1313,743.8500,315.6187,715.5000,295.8750
502,fish,0.6802,676.2375,1244.4750,739.0125,1289.0250,707.6250,1266.7500
502,fish,0.6748,443.5312,384.4688,499.2188,424.9688,471.3750,404.7188
502,fish,0.6646,212.2031,691.8750,265.3594,732.3750,238.7812,712.1250
502,fish,0.6333,906.9750,1230.9750,961.6500,1275.5250,934.3125,1253.2500
502,fish,0.6299,470.2219,646.0875,520.3406,692.6625,495.2812,669.3750
502,fish,0.6270,744.9750,666.6750,799.6500,719.3250,772.3125,693.0000
502,fish,0.6011,943.2563,699.5250,992.8687,735.9750,968.0625,717.7500
502,fish,0.5630,630.3375,999.5625,676.9125,1029.9375,653.6250,1014.7500
503,fish,0.7520,820.4062,909.9000,865.9688,946.3500,843.1875,928.1250
503,fish,0.7188,232.9594,968.1750,274.9781,1000.5750,253.9688,984.3750
503,fish,0.7168,970.2563,383.4000,1019.8687,419.8500,995.0625,401.6250
503,fish,0.7139,236.9672,333.9844,285.3141,371.9531,261.1406,352.9688
503,fish,0.7124,480.7688,985.8375,528.3563,1022.2875,504.5625,1004.0625
503,fish,0.6992,489.7125,1229.4000,536.2875,1265.8500,513.0000,1247.6250
503,fish,0.6968,687.1500,277.2281,743.8500,316.2094,715.5000,296.7188
503,fish,0.6895,250.1719,1210.5000,298.2656,1251.0000,274.2188,1230.7500
503,fish,0.6885,459.5344,384.2156,514.7156,425.2219,487.1250,404.7188
503,fish,0.6851,676.2375,1244.4750,739.0125,1289.0250,707.6250,1266.7500
503,fish,0.6416,211.1203,694.0688,262.5047,733.5562,236.8125,713.8125
503,fish,0.6343,907.5375,1230.9750,962.2125,1275.5250,934.8750,1253.2500
503,fish,0.6333,470.7844,643.8937,520.9031,691.4813,495.8438,667.6875
503,fish,0.6235,744.4125,678.0375,799.0875,732.7125,771.7500,705.3750
503,fish,0.5962,944.3250,699.5250,992.9250,735.9750,968.6250,717.7500
503,fish,0.5718,629.8312,999.6187,677.4188,1031.0062,653.6250,1015.3125
504,fish,0.7690,819.3375,911.5312,865.9125,946.9688,842.6250,929.2500
504,fish,0.7217,971.3250,385.0594,1019.9250,421.0031,995.6250,403.0312
504,fish,0.7217,246.5297,1208.0250,289.8141,1244.4750,268.1719,1226.2500
504,fish,0.7104,235.9406,319.6125,286.0594,357.0750,261.0000,338.3438
504,fish,0.7090,685.4625,276.2086,742.1625,314.5570,713.8125,295.3828
504,fish,0.7056,478.5750,984.1500,527.1750,1020.6000,502.8750,1002.3750
504,fish,0.6802,676.2375,1244.4750,739.0125,1289.0250,707.6250,1266.7500
504,fish,0.6655,476.0437,382.8375,529.7062,424.3500,502.8750,403.5938
504,fish,0.6577,474.2437,636.0750,525.8813,684.6750,500.0625,660.3750
504,fish,0.6470,489.1500,1230.5250,535.7250,1266.9750,512.4375,1248.7500
504,fish,0.6406,741.1500,681.3000,797.8500,733.9500,769.5000,707.6250
504,fish,0.6377,908.5500,1230.9750,961.2000,1275.5250,934.8750,1253.2500
504,fish,0.5957,944.3250,699.5250,992.9250,735.9750,968.6250,717.7500
504,fish,0.5757,205.9313,696.3750,257.5688,736.8750,231.7500,716.6250
504,fish,0.5669,630.3375,998.5500,676.9125,1030.9500,653.6250,1014.7500
504,fish,0.5527,232.1156,959.5125,279.1969,997.9875,255.6562,978.7500
505,fish,0.7593,820.4625,911.5312,867.0375,946.9688,843.7500,929.2500
505,fish,0.7231,971.3250,384.4688,1019.9250,419.9062,995.6250,402.1875
505,fish,0.7090,478.6313,984.1500,528.2437,1020.6000,503.4375,1002.3750
505,fish,0.7026,481.6687,626.0625,535.3312,676.6875,508.5000,651.3750
505,fish,0.6895,236.4328,310.1906,285.2859,345.1219,260.8594,327.6562
505,fish,0.6816,676.2375,1244.4750,739.0125,1289.0250,707.6250,1266.7500
505,fish,0.6738,686.0250,273.5719,742.7250,312.5531,714.3750,293.0625
505,fish,0.6689,237.6281,1208.0250,282.6844,1244.4750,260.1562,1226.2500
505,fish,0.6567,497.4469,1232.7750,541.4906,1269.2250,519.4688,1251.0000
505,fish,0.6470,477.7312,380.8687,531.3937,422.3813,504.5625,401.6250
505,fish,0.6426,229.7953,950.5125,278.1422,988.9875,253.9688,969.7500
505,fish,0.6396,908.0438,1231.9875,961.7062,1274.5125,934.8750,1253.2500
505,fish,0.6235,742.2750,681.1875,798.9750,731.8125,770.6250,706.5000
505,fish,0.5938,944.3250,699.5250,992.9250,735.9750,968.6250,717.7500
505,fish,0.5679,629.2687,999.1125,676.8563,1031.5125,653.0625,1015.3125
505,fish,0.5547,204.0469,699.7500,257.2031,740.2500,230.6250,720.0000
506,fish,0.7563,821.5875,911.0250,868.1625,947.4750,844.8750,929.2500
506,fish,0.7490,226.4344,1214.7750,275.0344,1251.2250,250.7344,1233.0000
506,fish,0.7026,971.4375,382.8375,1022.0625,419.2875,996.7500,401.0625
506,fish,0.6992,488.3062,613.6875,539.9438,664.3125,514.1250,639.0000
506,fish,0.6978,231.2719,934.8188,278.3531,974.3062,254.8125,954.5625
506,fish,0.6826,479.9531,376.3125,533.1094,416.8125,506.5312,396.5625
506,fish,0.6782,676.2375,1244.4750,739.0125,1289.0250,707.6250,1266.7500
506,fish,0.6714,474.3562,983.2500,528.0187,1023.7500,501.1875,1003.5000
506,fish,0.6621,688.1625,271.2375,742.8375,308.7000,715.5000,289.9688
506,fish,0.6426,494.4656,1229.4000,540.5344,1265.8500,517.5000,1247.6250
506,fish,0.6396,907.5375,1230.9750,962.2125,1275.5250,934.8750,1253.2500
506,fish,0.6372,745.0312,675.5063,800.7188,725.1187,772.8750,700.3125
506,fish,0.6299,201.1922,694.0125,248.5266,732.4875,224.8594,713.2500
506,fish,0.6162,237.4594,309.6000,284.5406,344.0250,261.0000,326.8125
506,fish,0.5928,944.3250,699.5250,992.9250,735.9750,968.6250,717.7500
506,fish,0.5757,629.2687,999.6750,676.8563,1032.0750,653.0625,1015.8750
507,fish,0.7534,492.7219,603.0000,542.8406,653.6250,517.7812,628.3125
507,fish,0.7520,821.5875,909.9000,868.1625,946.3500,844.8750,928.1250
507,fish,0.7476,215.9578,1222.6500,265.8234,1259.1000,240.8906,1240.8750
507,fish,0.6929,688.6688,269.2125,742.3312,305.6625,715.5000,287.4375
507,fish,0.6899,971.9438,380.0813,1021.5562,417.5437,996.7500,398.8125
507,fish,0.6816,494.9438,1226.0250,539.4937,1262.4750,517.2188,1244.2500
507,fish,0.6758,474.8625,986.5688,527.5125,1026.0563,501.1875,1006.3125
507,fish,0.6738,676.2375,1244.4750,739.0125,1289.0250,707.6250,1266.7500
507,fish,0.6680,236.3625,314.1000,283.9500,348.5250,260.1562,331.3125
507,fish,0.6670,481.0500,372.9375,533.7000,413.4375,507.3750,393.1875
507,fish,0.6670,748.9125,668.8125,803.5875,719.4375,776.2500,694.1250
507,fish,0.6577,229.6406,920.6437,277.7344,958.1063,253.6875,939.3750
507,fish,0.6440,908.6625,1230.9750,963.3375,1275.5250,936.0000,1253.2500
507,fish,0.6289,190.1250,692.8875,240.7500,731.3625,215.4375,712.1250
507,fish,0.6001,944.3250,699.5250,992.9250,735.9750,968.6250,717.7500
507,fish,0.5776,629.2687,999.1125,676.8563,1031.5125,653.0625,1015.3125
508,fish,0.7534,821.5875,909.3375,868.1625,945.7875,844.8750,927.5625
508,fish,0.7202,230.1891,904.3875,278.0297,942.8625,254.1094,923.6250
508,fish,0.7202,477.0000,992.0250,527.6250,1028.4750,502.3125,1010.2500
508,fish,0.7153,689.7375,268.9031,742.3875,304.8469,716.0625,286.8750
508,fish,0.7090,176.3438,692.8312,226.9688,730.2938,201.6562,711.5625
508,fish,0.6943,492.6938,597.4312,542.3062,649.0688,517.5000,623.2500
508,fish,0.6875,482.4281,370.9125,534.5719,410.4000,508.5000,390.6562
508,fish,0.6758,676.2375,1244.4750,739.0125,1289.0250,707.6250,1266.7500
508,fish,0.6758,205.3969,1232.7750,252.4781,1269.2250,228.9375,1251.0000
508,fish,0.6733,499.3313,1219.2750,541.8563,1255.7250,520.5938,1237.5000
508,fish,0.6621,748.9125,653.1750,803.5875,705.8250,776.2500,679.5000
508,fish,0.6504,233.3250,320.4000,281.9250,356.8500,257.6250,338.6250
508,fish,0.6416,908.6625,1230.9750,963.3375,1275.5250,936.0000,1253.2500
508,fish,0.6396,971.4375,376.7063,1022.0625,414.1687,996.7500,395.4375
508,fish,0.5889,944.3250,699.5250,992.9250,735.9750,968.6250,717.7500
508,fish,0.5757,629.3250,999.1125,677.9250,1031.5125,653.6250,1015.3125
509,fish,0.7798,500.0906,1203.4125,541.0969,1237.8375,520.5938,1220.6250
509,fish,0.7593,820.4625,909.8438,867.0375,945.2812,843.7500,927.5625
509,fish,0.7358,230.6250,328.2750,281.2500,364.7250,255.9375,346.5000
509,fish,0.7090,748.9125,643.0500,803.5875,695.7000,776.2500,669.3750
509,fish,0.7056,228.7969,900.4500,276.8906,938.9250,252.8438,919.6875
509,fish,0.7041,477.5625,994.2750,528.1875,1030.7250,502.8750,1012.5000
509,fish,0.7007,191.5875,1243.9125,240.6937,1278.3375,216.1406,1261.1250
509,fish,0.6919,688.0500,268.9312,740.7000,305.3813,714.3750,287.1562
509,fish,0.6860,488.1938,600.1313,537.8062,649.7437,513.0000,624.9375
509,fish,0.6841,166.8375,692.8875,218.4750,731.3625,192.6562,712.1250
509,fish,0.6826,483.1875,373.6406,533.8125,411.6094,508.5000,392.6250
509,fish,0.6768,969.1313,375.5813,1018.7437,413.0437,993.9375,394.3125
509,fish,0.6724,677.3062,1244.4750,739.0688,1289.0250,708.1875,1266.7500
509,fish,0.6387,909.7875,1231.9875,964.4625,1274.5125,937.1250,1253.2500
509,fish,0.6011,944.3250,699.5250,992.9250,735.9750,968.6250,717.7500
509,fish,0.5557,629.8312,998.5500,677.4188,1030.9500,653.6250,1014.7500
510,fish,0.7720,819.3375,909.2812,865.9125,944.7188,842.6250,927.0000
510,fish,0.7217,500.7375,1186.7625,543.2625,1225.2375,522.0000,1206.0000
510,fish,0.7153,227.4187,905.5125,276.0188,943.9875,251.7188,924.7500
510,fish,0.7139,181.8844,1244.0250,230.9906,1280.4750,206.4375,1262.2500
510,fish,0.7104,478.1250,994.8375,528.7500,1031.2875,503.4375,1013.0625
510,fish,0.6992,484.8750,376.7906,535.5000,415.7719,510.1875,396.2812
510,fish,0.6919,692.4375,269.6906,743.0625,304.6219,717.7500,287.1562
510,fish,0.6895,231.1734,339.5813,281.5453,377.0437,256.3594,358.3125
510,fish,0.6816,968.0625,374.3438,1018.6875,409.7812,993.3750,392.0625
510,fish,0.6802,747.9000,626.6812,804.6000,678.3188,776.2500,652.5000
510,fish,0.6738,676.2375,1244.4750,739.0125,1289.0250,707.6250,1266.7500
510,fish,0.6733,152.3812,693.9562,207.0563,731.4188,179.7188,712.6875
510,fish,0.6646,485.4375,601.3125,536.0625,651.9375,510.7500,626.6250
510,fish,0.6094,910.9125,1231.9875,965.5875,1274.5125,938.2500,1253.2500
510,fish,0.6074,943.2000,700.6500,991.8000,737.1000,967.5000,718.8750
510,fish,0.5591,629.3250,998.5500,677.9250,1030.9500,653.6250,1014.7500
511,fish,0.7637,819.8438,909.7875,865.4062,944.2125,842.6250,927.0000
511,fish,0.7402,230.1047,352.9688,278.9578,388.4062,254.5312,370.6875
511,fish,0.7251,483.6375,608.9625,532.2375,655.5375,507.9375,632.2500
511,fish,0.7104,473.4281,993.2625,525.5719,1031.7375,499.5000,1012.5000
511,fish,0.6978,134.9719,693.9562,187.6219,731.4188,161.2969,712.6875
511,fish,0.6909,965.8125,372.4875,1016.4375,409.9500,991.1250,391.2188
511,fish,0.6899,487.6875,391.1344,538.3125,430.1156,513.0000,410.6250
511,fish,0.6816,224.2688,915.6375,271.8562,954.1125,248.0625,934.8750
511,fish,0.6782,498.9937,1173.2625,540.5063,1211.7375,519.7500,1192.5000
511,fish,0.6738,691.4250,268.6219,744.0750,304.5656,717.7500,286.5938
511,fish,0.6724,748.8000,609.1875,801.4500,659.8125,775.1250,634.5000
511,fish,0.6714,676.2375,1244.4750,739.0125,1289.0250,707.6250,1266.7500
511,fish,0.6494,172.4625,1240.6500,224.1000,1277.1000,198.2812,1258.8750
511,fish,0.6167,910.9125,1231.9875,965.5875,1274.5125,938.2500,1253.2500
511,fish,0.6050,943.2000,699.5812,991.8000,737.0438,967.5000,718.3125
511,fish,0.5708,629.3250,998.5500,677.9250,1030.9500,653.6250,1014.7500
512,fish,0.7607,820.4062,909.9000,865.9688,946.3500,843.1875,928.1250
512,fish,0.7461,224.9297,363.7125,274.2891,400.1625,249.6094,381.9375
512,fish,0.7295,225.9703,925.7062,273.8109,963.1688,249.8906,944.4375
512,fish,0.7231,470.1375,993.2625,523.8000,1031.7375,496.9688,1012.5000
512,fish,0.7090,489.3750,394.8188,540.0000,434.3062,514.6875,414.5625
512,fish,0.6943,497.8125,1166.5125,538.3125,1204.9875,518.0625,1185.7500
512,fish,0.6919,676.2375,1244.4750,739.0125,1289.0250,707.6250,1266.7500
512,fish,0.6782,742.7250,600.1875,797.4000,650.8125,770.0625,625.5000
512,fish,0.6646,697.0500,268.9453,749.7000,305.6484,723.3750,287.2969
512,fish,0.6636,480.1219,614.0812,526.1906,661.6688,503.1562,637.8750
512,fish,0.6533,966.8250,372.7125,1015.4250,409.1625,991.1250,390.9375
512,fish,0.6406,118.6980,693.9562,173.3098,731.4188,146.0039,712.6875
512,fish,0.6196,165.7125,1237.3875,217.3500,1275.8625,191.5312,1256.6250
512,fish,0.6069,910.9125,1231.9875,965.5875,1274.5125,938.2500,1253.2500
512,fish,0.6050,944.3250,699.5250,992.9250,735.9750,968.6250,717.7500
512,fish,0.5410,630.4500,999.0562,679.0500,1030.4437,654.7500,1014.7500
513,fish,0.7432,820.9688,912.0938,866.5312,947.5312,843.7500,929.8125
513,fish,0.7402,225.8297,939.1500,273.6703,975.6000,249.7500,957.3750
513,fish,0.7104,225.7875,376.0875,275.4000,412.5375,250.5938,394.3125
513,fish,0.6943,470.3906,994.3875,523.5469,1032.8625,496.9688,1013.6250
513,fish,0.6919,495.3656,1165.5000,537.3844,1206.0000,516.3750,1185.7500
513,fish,0.6899,102.8812,695.1375,155.0250,733.6125,128.9531,714.3750
513,fish,0.6826,742.6688,590.1750,796.3312,642.8250,769.5000,616.5000
513,fish,0.6782,967.9500,375.7500,1016.5500,411.1875,992.2500,393.4688
513,fish,0.6748,676.2375,1244.4750,739.0125,1289.0250,707.6250,1266.7500
513,fish,0.6460,704.8125,271.0969,755.4375,306.0281,730.1250,288.5625
513,fish,0.6318,487.6031,399.3188,536.7094,438.8062,512.1562,419.0625
513,fish,0.6123,157.3313,1237.2750,207.4500,1273.7250,182.3906,1255.5000
513,fish,0.6094,910.9125,1231.9875,965.5875,1274.5125,938.2500,1253.2500
513,fish,0.6084,474.3000,622.5750,526.9500,671.1750,500.6250,646.8750
513,fish,0.6084,944.3250,699.5250,992.9250,735.9750,968.6250,717.7500
513,fish,0.5420,630.4500,999.0562,679.0500,1030.4437,654.7500,1014.7500
514,fish,0.7637,224.1281,391.2750,274.2469,427.7250,249.1875,409.5000
514,fish,0.7217,822.0938,913.2750,867.6562,949.7250,844.8750,931.5000
514,fish,0.7090,222.8906,945.9000,270.9844,982.3500,246.9375,964.1250
514,fish,0.6978,467.2125,992.8125,523.9125,1033.3125,495.5625,1013.0625
514,fish,0.6909,967.9500,376.5375,1016.5500,410.9625,992.2500,393.7500
514,fish,0.6826,707.1750,270.7102,759.8250,306.2742,733.5000,288.4922
514,fish,0.6704,737.7750,582.3000,794.4750,634.9500,766.1250,608.6250
514,fish,0.6670,92.4328,697.3875,146.3484,735.8625,119.3906,716.6250
514,fish,0.6646,676.7437,1244.4750,738.5063,1289.0250,707.6250,1266.7500
514,fish,0.6582,480.3750,397.6594,531.0000,437.6531,505.6875,417.6562
514,fish,0.6470,141.8801,1235.0250,191.0496,1271.4750,166.4648,1253.2500
514,fish,0.6323,494.2406,1167.7500,536.2594,1208.2500,515.2500,1188.0000
514,fish,0.6074,943.8188,699.0187,993.4312,736.4813,968.6250,717.7500
514,fish,0.5957,470.0250,633.9375,526.7250,684.5625,498.3750,659.2500
514,fish,0.5918,910.9125,1230.9750,965.5875,1275.5250,938.2500,1253.2500
514,fish,0.5537,630.4500,999.5625,679.0500,1029.9375,654.7500,1014.7500
515,fish,0.7734,224.7469,959.2875,273.3469,993.7125,249.0469,976.5000
515,fish,0.7432,736.7625,581.6812,795.4875,633.3188,766.1250,607.5000
515,fish,0.7139,467.1844,992.2500,523.3781,1032.7500,495.2812,1012.5000
515,fish,0.7007,967.9500,375.4125,1016.5500,409.8375,992.2500,392.6250
515,fish,0.7007,221.5266,405.1125,272.9109,442.5750,247.2188,423.8438
515,fish,0.7007,821.0250,915.5250,867.6000,951.9750,844.3125,933.7500
515,fish,0.6919,711.2250,270.6469,765.9000,307.6031,738.5625,289.1250
515,fish,0.6841,488.5875,1168.8750,535.1625,1209.3750,511.8750,1189.1250
515,fish,0.6704,676.2375,1244.4750,739.0125,1289.0250,707.6250,1266.7500
515,fish,0.6655,469.8000,399.9937,522.4500,441.5063,496.1250,420.7500
515,fish,0.6582,132.0750,1232.7750,180.6750,1269.2250,156.3750,1251.0000
515,fish,0.6533,84.2484,697.3875,137.6578,735.8625,110.9531,716.6250
515,fish,0.6143,944.3250,699.5812,992.9250,737.0438,968.6250,718.3125
515,fish,0.5981,910.9125,1231.9875,965.5875,1274.5125,938.2500,1253.2500
515,fish,0.5962,469.2937,647.3250,522.9562,695.9250,496.1250,671.6250
515,fish,0.5352,631.5750,999.5625,680.1750,1029.9375,655.8750,1014.7500
516,fish,0.7905,224.1703,968.8500,272.5172,1003.2750,248.3438,986.0625
516,fish,0.7202,467.6625,991.1250,522.3375,1031.6250,495.0000,1011.3750
516,fish,0.7168,485.2125,1173.2625,531.7875,1211.7375,508.5000,1192.5000
516,fish,0.7090,819.3375,919.9688,865.9125,955.4062,842.6250,937.6875
516,fish,0.7041,968.5125,376.2844,1017.1125,411.2156,992.8125,393.7500
516,fish,0.6943,717.3000,271.4625,769.9500,307.9125,743.6250,289.6875
516,fish,0.6670,219.8531,415.6313,271.4906,455.1187,245.6719,435.3750
516,fish,0.6670,676.7437,1244.4750,738.5063,1289.0250,707.6250,1266.7500
516,fish,0.6621,455.2312,403.4250,508.8938,445.9500,482.0625,424.6875
516,fish,0.6406,77.1188,695.7563,131.2875,735.2437,104.2031,715.5000
516,fish,0.6387,740.0250,584.5500,796.7250,637.2000,768.3750,610.8750
516,fish,0.6235,121.8234,1228.2750,170.6766,1264.7250,146.2500,1246.5000
516,fish,0.6060,943.8188,699.5250,993.4312,735.9750,968.6250,717.7500
516,fish,0.5938,912.0375,1230.9750,966.7125,1275.5250,939.3750,1253.2500
516,fish,0.5488,469.1812,659.6437,520.8188,707.2313,495.0000,683.4375
516,fish,0.5312,632.7000,998.5500,681.3000,1030.9500,657.0000,1014.7500
517,fish,0.7280,820.9125,922.2750,865.4625,958.7250,843.1875,940.5000
517,fish,0.7041,113.4352,1228.2750,160.6430,1264.7250,137.0391,1246.5000
517,fish,0.6978,219.0094,421.1438,273.1781,458.6062,246.0938,439.8750
517,fish,0.6943,969.0750,374.9062,1017.6750,410.3438,993.3750,392.6250
517,fish,0.6792,472.7250,986.6250,527.4000,1027.1250,500.0625,1006.8750
517,fish,0.6782,440.0437,407.6438,493.7063,450.1687,466.8750,428.9062
517,fish,0.6758,717.4125,270.5273,772.0875,307.8633,744.7500,289.1953
517,fish,0.6655,742.1625,600.2437,796.8375,651.8813,769.5000,626.0625
517,fish,0.6646,676.2375,1244.4750,739.0125,1289.0250,707.6250,1266.7500
517,fish,0.6621,224.0156,979.6500,272.1094,1016.1000,248.0625,997.8750
517,fish,0.6602,482.0063,1176.7500,531.6187,1217.2500,506.8125,1197.0000
517,fish,0.6353,68.2383,695.1375,125.8242,733.6125,97.0312,714.3750
517,fish,0.6260,464.7656,671.9062,512.8594,717.4688,488.8125,694.6875
517,fish,0.6143,944.3250,699.5250,992.9250,735.9750,968.6250,717.7500
517,fish,0.5889,912.6000,1230.8625,967.2750,1273.3875,939.9375,1252.1250
517,fish,0.5137,633.8250,999.5625,682.4250,1029.9375,658.1250,1014.7500
518,fish,0.7202,820.3500,925.5375,864.9000,959.9625,842.6250,942.7500
518,fish,0.7168,970.7625,374.5969,1019.3625,409.5281,995.0625,392.0625
518,fish,0.7075,105.9609,1229.4000,152.7891,1265.8500,129.3750,1247.6250
518,fish,0.6953,219.4875,420.0750,272.1375,458.5500,245.8125,439.3125
518,fish,0.6919,746.7750,621.6187,803.4750,673.2563,775.1250,647.4375
518,fish,0.6885,485.0719,1183.3875,534.1781,1221.8625,509.6250,1202.6250
518,fish,0.6875,428.8500,412.9875,483.5250,455.5125,456.1875,434.2500
518,fish,0.6851,223.2562,985.1625,270.3375,1019.5875,246.7969,1002.3750
518,fish,0.6836,719.6625,270.7664,774.3375,307.3430,747.0000,289.0547
518,fish,0.6792,470.9812,985.5000,524.6437,1026.0000,497.8125,1005.7500
518,fish,0.6567,676.1812,1244.4750,737.9438,1289.0250,707.0625,1266.7500
518,fish,0.6489,63.9914,692.4375,118.5398,732.9375,91.2656,712.6875
518,fish,0.6470,458.3250,679.9500,506.9250,728.5500,482.6250,704.2500
518,fish,0.6021,943.8188,699.5250,993.4312,735.9750,968.6250,717.7500
518,fish,0.5898,913.1625,1228.7250,967.8375,1273.2750,940.5000,1251.0000
518,fish,0.5205,633.8250,998.4937,682.4250,1029.8812,658.1250,1014.1875
519,fish,0.7295,970.7625,372.0938,1019.3625,407.5312,995.0625,389.8125
519,fish,0.7231,819.8438,926.6625,865.4062,961.0875,842.6250,943.8750
519,fish,0.7217,485.6625,1188.0000,535.2750,1228.5000,510.4688,1208.2500
519,fish,0.6958,745.6500,635.7375,802.3500,688.3875,774.0000,662.0625
519,fish,0.6958,99.4289,1228.2750,147.6492,1264.7250,123.5391,1246.5000
519,fish,0.6836,471.7406,987.6938,523.8844,1027.1813,497.8125,1007.4375
519,fish,0.6782,219.7688,420.6375,272.4187,459.1125,246.0938,439.8750
519,fish,0.6670,223.6500,986.2875,270.2250,1020.7125,246.9375,1003.5000
519,fish,0.6665,722.9250,270.7664,775.5750,307.3430,749.2500,289.0547
519,fish,0.6655,676.2375,1244.4750,739.0125,1289.0250,707.6250,1266.7500
519,fish,0.6646,61.2791,689.7375,114.4670,732.2625,87.8730,711.0000
519,fish,0.6318,418.7250,415.1812,473.4000,456.6938,446.0625,435.9375
519,fish,0.6299,441.7594,685.9688,495.9281,731.5312,468.8438,708.7500
519,fish,0.5991,913.1625,1230.9750,967.8375,1275.5250,940.5000,1253.2500
519,fish,0.5972,943.8188,699.0187,993.4312,736.4813,968.6250,717.7500
519,fish,0.5176,634.3875,998.4937,682.9875,1029.8812,658.6875,1014.1875
520,fish,0.7446,970.2000,372.0375,1018.8000,406.4625,994.5000,389.2500
520,fish,0.7295,818.2125,926.7750,864.7875,963.2250,841.5000,945.0000
520,fish,0.7104,746.7750,645.4125,803.4750,700.0875,775.1250,672.7500
520,fish,0.6978,472.1625,991.0125,526.8375,1029.4875,499.5000,1010.2500
520,fish,0.6792,219.7688,421.4531,272.4187,459.4219,246.0938,440.4375
520,fish,0.6782,724.0500,270.0562,776.7000,306.5063,750.3750,288.2812
520,fish,0.6655,59.9273,686.3625,113.4633,728.8875,86.6953,707.6250
520,fish,0.6646,406.5188,416.8687,464.2312,458.3813,435.3750,437.6250
520,fish,0.6602,421.4250,683.7750,474.0750,730.3500,447.7500,707.0625
520,fish,0.6577,491.2875,1190.2500,535.8375,1230.7500,513.5625,1210.5000
520,fish,0.6533,676.2375,1244.4750,739.0125,1289.0250,707.6250,1266.7500
520,fish,0.6494,226.4344,981.9000,272.5031,1018.3500,249.4688,1000.1250
520,fish,0.6489,94.1625,1226.2500,141.2438,1266.7500,117.7031,1246.5000
520,fish,0.6123,943.2000,700.6500,991.8000,737.1000,967.5000,718.8750
520,fish,0.6011,913.1625,1230.9750,967.8375,1275.5250,940.5000,1253.2500
520,fish,0.4932,634.9500,998.4937,683.5500,1029.8812,659.2500,1014.1875
521,fish,0.7358,970.7625,370.9688,1019.3625,406.4062,995.0625,388.6875
521,fish,0.7202,820.3500,929.0250,864.9000,965.4750,842.6250,947.2500
521,fish,0.7075,469.3500,992.7563,524.0250,1032.2438,496.6875,1012.5000
521,fish,0.6958,724.5562,268.6500,776.1938,305.1000,750.3750,286.8750
521,fish,0.6758,394.5938,417.0656,450.2812,457.0594,422.4375,437.0625
521,fish,0.6758,403.7063,680.4000,461.4187,726.9750,432.5625,703.6875
521,fish,0.6733,494.0437,1194.5250,537.5812,1230.9750,515.8125,1212.7500
521,fish,0.6724,218.9812,421.7906,272.6438,460.7719,245.8125,441.2812
521,fish,0.6704,676.2375,1244.4750,739.0125,1289.0250,707.6250,1266.7500
521,fish,0.6655,86.9203,1226.2500,135.2672,1266.7500,111.0938,1246.5000
521,fish,0.6494,60.5109,681.8625,115.6922,724.3875,88.1016,703.1250
521,fish,0.6353,746.6625,651.5438,801.3375,705.2062,774.0000,678.3750
521,fish,0.6270,230.6813,974.6437,277.2563,1012.1063,253.9688,993.3750
521,fish,0.6167,943.2000,700.6500,991.8000,737.1000,967.5000,718.8750
521,fish,0.6040,913.7250,1230.9750,968.4000,1275.5250,941.0625,1253.2500
521,fish,0.4922,635.0063,997.9875,684.6187,1030.3875,659.8125,1014.1875
522,fish,0.7280,970.2000,369.8438,1018.8000,405.2812,994.5000,387.5625
522,fish,0.7202,820.3500,933.4125,864.9000,967.8375,842.6250,950.6250
522,fish,0.6992,723.9375,267.8062,774.5625,304.2563,749.2500,286.0312
522,fish,0.6992,382.8375,416.2500,439.5375,456.7500,411.1875,436.5000
522,fish,0.6919,468.2812,992.2500,523.9688,1032.7500,496.1250,1012.5000
522,fish,0.6836,389.6438,678.7125,447.3562,725.2875,418.5000,702.0000
522,fish,0.6836,219.2344,421.4812,272.3906,459.9563,245.8125,440.7188
522,fish,0.6782,60.0750,679.5000,113.7375,720.0000,86.9062,699.7500
522,fish,0.6772,676.7437,1244.4750,738.5063,1289.0250,707.6250,1266.7500
522,fish,0.6670,84.4734,1226.0250,131.8078,1262.4750,108.1406,1244.2500
522,fish,0.6558,233.1562,965.6437,278.7188,1003.1063,255.9375,984.3750
522,fish,0.6387,493.9031,1197.7875,534.9094,1232.2125,514.4062,1215.0000
522,fish,0.6162,745.4250,654.8625,798.0750,707.5125,771.7500,681.1875
522,fish,0.6152,944.3250,699.5250,992.9250,735.9750,968.6250,717.7500
522,fish,0.5889,913.1625,1228.7250,967.8375,1273.2750,940.5000,1251.0000
522,fish,0.4932,635.0625,997.4250,685.6875,1029.8250,660.3750,1013.6250
523,fish,0.7231,969.0750,370.4062,1017.6750,405.8438,993.3750,388.1250
523,fish,0.7075,820.4062,933.4688,865.9688,968.9062,843.1875,951.1875
523,fish,0.7041,371.3625,415.6875,429.0750,456.1875,400.2188,435.9375
523,fish,0.7007,723.4312,267.5250,775.0688,303.9750,749.2500,285.7500
523,fish,0.6836,221.4563,420.3844,274.1062,459.3656,247.7812,439.8750
523,fish,0.6816,467.2406,993.8250,524.4469,1032.3000,495.8438,1013.0625
523,fish,0.6768,85.5211,1223.7750,132.7289,1260.2250,109.1250,1242.0000
523,fish,0.6758,61.5305,674.4937,116.0789,716.0063,88.8047,695.2500
523,fish,0.6738,676.7437,1244.4750,738.5063,1289.0250,707.6250,1266.7500
523,fish,0.6567,379.5188,677.5875,437.2312,724.1625,408.3750,700.8750
523,fish,0.6548,232.0875,956.5875,278.6625,993.0375,255.3750,974.8125
523,fish,0.6250,488.1375,1194.7500,536.7375,1235.2500,512.4375,1215.0000
523,fish,0.6021,944.3250,699.5250,992.9250,735.9750,968.6250,717.7500
523,fish,0.6011,744.3000,664.4813,796.9500,718.1437,770.6250,691.3125
523,fish,0.5898,913.1625,1228.7250,967.8375,1273.2750,940.5000,1251.0000
523,fish,0.4902,635.5688,997.4250,685.1812,1029.8250,660.3750,1013.6250
524,fish,0.7432,85.1273,1217.0250,131.5758,1253.4750,108.3516,1235.2500
524,fish,0.7153,821.4750,935.7750,866.0250,972.2250,843.7500,954.0000
524,fish,0.7104,464.5688,996.6375,524.3062,1035.1125,494.4375,1015.8750
524,fish,0.7075,967.9500,372.0656,1016.5500,406.9969,992.2500,389.5312
524,fish,0.6958,724.0500,266.9906,776.7000,303.9469,750.3750,285.4688
524,fish,0.6909,360.3094,416.2219,416.5031,456.2156,388.4062,436.2188
524,fish,0.6909,369.9563,678.6000,427.6687,723.1500,398.8125,700.8750
524,fish,0.6875,232.2844,940.4438,279.8719,979.9312,256.0781,960.1875
524,fish,0.6792,59.2031,672.7500,113.6250,713.2500,86.4141,693.0000
524,fish,0.6655,677.3062,1244.4750,739.0688,1289.0250,708.1875,1266.7500
524,fish,0.6538,487.5188,1194.7500,535.1063,1235.2500,511.3125,1215.0000
524,fish,0.6533,740.4188,675.6187,794.0812,727.2563,767.2500,701.4375
524,fish,0.6123,229.1625,415.6313,278.7750,455.1187,253.9688,435.3750
524,fish,0.6094,944.3250,699.5250,992.9250,735.9750,968.6250,717.7500
524,fish,0.6021,913.1625,1229.7375,967.8375,1272.2625,940.5000,1251.0000
524,fish,0.4990,636.1875,997.4250,686.8125,1029.8250,661.5000,1013.6250
525,fish,0.7339,78.9328,1203.7500,127.7859,1244.2500,103.3594,1224.0000
525,fish,0.7266,59.4492,674.3250,110.7070,712.8000,85.0781,693.5625
525,fish,0.7104,737.6625,682.4250,792.3375,735.0750,765.0000,708.7500
525,fish,0.7090,820.9125,939.0375,865.4625,973.4625,843.1875,956.2500
525,fish,0.7007,967.9500,374.2875,1016.5500,408.7125,992.2500,391.5000
525,fish,0.6929,349.0594,416.2500,405.2531,456.7500,377.1562,436.5000
525,fish,0.6895,725.8500,267.0188,780.5250,304.4812,753.1875,285.7500
525,fish,0.6875,461.0813,994.5000,518.7938,1035.0000,489.9375,1014.7500
525,fish,0.6870,364.3313,677.4750,422.0437,722.0250,393.1875,699.7500
525,fish,0.6538,231.6375,922.5000,280.2375,963.0000,255.9375,942.7500
525,fish,0.6504,232.7766,407.6438,281.6297,445.1062,257.2031,426.3750
525,fish,0.6494,676.2375,1244.4750,739.0125,1289.0250,707.6250,1266.7500
525,fish,0.6362,482.3438,1199.1375,527.9062,1237.6125,505.1250,1218.3750
525,fish,0.6040,943.2563,698.5125,992.8687,736.9875,968.0625,717.7500
525,fish,0.5991,914.2875,1228.7250,968.9625,1273.2750,941.6250,1251.0000
525,fish,0.5225,636.1875,995.1750,686.8125,1027.5750,661.5000,1011.3750
526,fish,0.7607,58.0570,675.5063,110.8336,714.9937,84.4453,695.2500
526,fish,0.7593,79.6219,1195.7625,125.6906,1234.2375,102.6562,1215.0000
526,fish,0.7139,820.9125,939.6562,865.4625,975.0938,843.1875,957.3750
526,fish,0.7104,728.6625,267.2859,783.3375,304.4953,756.0000,285.8906
526,fish,0.6958,968.4562,376.5938,1016.0438,412.0312,992.2500,394.3125
526,fish,0.6851,737.6625,684.6750,792.3375,737.3250,765.0000,711.0000
526,fish,0.6841,362.5875,676.4625,419.2875,723.0375,390.9375,699.7500
526,fish,0.6772,230.4844,915.6375,278.5781,954.1125,254.5312,934.8750
526,fish,0.6577,676.2375,1244.4750,739.0125,1289.0250,707.6250,1266.7500
526,fish,0.6523,235.6594,398.1375,285.7781,436.6125,260.7188,417.3750
526,fish,0.6362,454.1062,991.1250,507.7688,1031.6250,480.9375,1011.3750
526,fish,0.6333,476.7188,1203.5250,522.2812,1239.9750,499.5000,1221.7500
526,fish,0.6270,338.9625,416.3062,395.6625,457.8188,367.3125,437.0625
526,fish,0.6084,913.1625,1228.7250,967.8375,1273.2750,940.5000,1251.0000
526,fish,0.5908,943.8188,699.0187,993.4312,736.4813,968.6250,717.7500
526,fish,0.4990,637.2563,995.1750,686.8687,1027.5750,662.0625,1011.3750
527,fish,0.7661,78.1102,1188.0000,124.8117,1228.5000,101.4609,1208.2500
527,fish,0.7549,236.5312,388.9125,287.1562,428.4000,261.8438,408.6562
527,fish,0.7202,821.4750,940.2188,866.0250,975.6562,843.7500,957.9375
527,fish,0.7153,57.0164,679.5000,110.0461,720.0000,83.5312,699.7500
527,fish,0.7139,967.9500,377.8313,1016.5500,415.2937,992.2500,396.5625
527,fish,0.6899,731.8687,266.9625,783.5063,303.4125,757.6875,285.1875
527,fish,0.6875,361.4906,677.5875,418.6969,724.1625,390.0938,700.8750
527,fish,0.6782,227.3625,912.8250,274.9500,951.3000,251.1562,932.0625
527,fish,0.6699,333.8438,416.5031,389.5312,456.4969,361.6875,436.5000
527,fish,0.6670,738.1688,682.2000,791.8312,730.8000,765.0000,706.5000
527,fish,0.6416,676.7437,1244.4750,738.5063,1289.0250,707.6250,1266.7500
527,fish,0.6250,442.8281,986.0063,495.9844,1025.4938,469.4062,1005.7500
527,fish,0.6177,914.2875,1228.7250,968.9625,1273.2750,941.6250,1251.0000
527,fish,0.5991,943.8188,699.0187,993.4312,736.4813,968.6250,717.7500
527,fish,0.5938,471.7125,1208.0250,518.2875,1244.4750,495.0000,1226.2500
527,fish,0.5195,637.3125,995.1750,687.9375,1027.5750,662.6250,1011.3750
528,fish,0.8140,78.4969,1181.2500,124.5656,1221.7500,101.5312,1201.5000
528,fish,0.7124,821.4750,941.2875,866.0250,975.7125,843.7500,958.5000
528,fish,0.6978,363.2625,681.2437,416.9250,722.7563,390.0938,702.0000
528,fish,0.6958,968.0625,378.9563,1018.6875,416.4187,993.3750,397.6875
528,fish,0.6929,234.2812,384.0750,284.9062,422.5500,259.5938,403.3125
528,fish,0.6704,228.7688,914.5125,276.3562,952.9875,252.5625,933.7500
528,fish,0.6611,676.2375,1243.3500,739.0125,1287.9000,707.6250,1265.6250
528,fish,0.6523,56.3977,681.9750,110.9461,726.5250,83.6719,704.2500
528,fish,0.6489,432.8156,983.8687,487.9969,1025.3812,460.4062,1004.6250
528,fish,0.6416,329.2594,415.3781,383.4281,455.3719,356.3438,435.3750
528,fish,0.6074,917.5500,1228.6125,970.2000,1271.1375,943.8750,1249.8750
528,fish,0.6069,944.3250,699.5250,992.9250,735.9750,968.6250,717.7500
528,fish,0.6040,466.6219,1212.5250,512.6906,1248.9750,489.6562,1230.7500
528,fish,0.6021,735.0750,267.1313,783.6750,301.5562,759.3750,284.3438
528,fish,0.6021,738.9000,674.0438,795.6000,727.7062,767.2500,700.8750
528,fish,0.5322,637.3125,995.1750,687.9375,1027.5750,662.6250,1011.3750
529,fish,0.7202,226.2656,918.5063,274.3594,957.9937,250.3125,938.2500
529,fish,0.7139,78.7641,1174.3875,124.5797,1212.8625,101.6719,1193.6250
529,fish,0.6978,820.9125,940.2188,865.4625,975.6562,843.1875,957.9375
529,fish,0.6978,425.6719,982.2375,478.8281,1024.7625,452.2500,1003.5000
529,fish,0.6826,57.1693,686.8687,111.0533,728.3813,84.1113,707.6250
529,fish,0.6758,676.7437,1244.4750,738.5063,1289.0250,707.6250,1266.7500
529,fish,0.6680,969.1875,380.7000,1019.8125,419.1750,994.5000,399.9375
529,fish,0.6670,233.1281,381.2063,283.2469,418.6687,258.1875,399.9375
529,fish,0.6533,466.0312,1217.0250,511.5938,1253.4750,488.8125,1235.2500
529,fish,0.6440,327.0656,414.2250,382.2469,453.7125,354.6562,433.9688
529,fish,0.6362,735.0750,267.4688,783.6750,302.9062,759.3750,285.1875
529,fish,0.6270,365.2312,684.1125,418.8938,726.6375,392.0625,705.3750
529,fish,0.6084,944.3250,699.5250,992.9250,735.9750,968.6250,717.7500
529,fish,0.5962,919.6875,1226.4750,970.3125,1271.0250,945.0000,1248.7500
529,fish,0.5938,741.2625,670.1625,799.9875,724.8375,770.6250,697.5000
529,fish,0.5078,637.3125,996.3000,687.9375,1028.7000,662.6250,1012.5000
530,fish,0.7593,227.7000,931.3312,276.3000,968.7938,252.0000,950.0625
530,fish,0.7007,821.4188,940.2750,864.9562,976.7250,843.1875,958.5000
530,fish,0.6992,76.4578,1156.5000,121.2609,1197.0000,98.8594,1176.7500
530,fish,0.6958,421.3125,982.1250,471.9375,1022.6250,446.6250,1002.3750
530,fish,0.6807,745.0875,666.6750,801.7875,719.3250,773.4375,693.0000
530,fish,0.6792,676.7437,1244.4750,738.5063,1289.0250,707.6250,1266.7500
530,fish,0.6758,230.6953,382.3313,280.0547,419.7937,255.3750,401.0625
530,fish,0.6646,60.8062,686.2500,112.4437,726.7500,86.6250,706.5000
530,fish,0.6626,465.9750,1224.7875,510.5250,1259.2125,488.2500,1242.0000
530,fish,0.6523,735.0750,268.0453,783.6750,303.7359,759.3750,285.8906
530,fish,0.6504,968.1750,381.8813,1020.8250,421.3687,994.5000,401.6250
530,fish,0.6377,328.7250,412.7625,383.4000,451.2375,356.0625,432.0000
530,fish,0.6206,372.4875,686.4750,425.1375,731.0250,398.8125,708.7500
530,fish,0.6152,944.3250,699.5250,992.9250,735.9750,968.6250,717.7500
530,fish,0.6143,920.8125,1228.6125,971.4375,1271.1375,946.1250,1249.8750
530,fish,0.4971,636.1875,995.1750,686.8125,1027.5750,661.5000,1011.3750
531,fish,0.7705,229.4297,944.7188,276.2578,980.1562,252.8438,962.4375
531,fish,0.7231,227.2219,384.0188,277.3406,421.4812,252.2812,402.7500
531,fish,0.7104,74.1937,1140.2156,117.4781,1181.2219,95.8359,1160.7188
531,fish,0.6899,746.1000,654.3563,800.7750,708.0187,773.4375,681.1875
531,fish,0.6895,820.3500,939.1500,864.9000,975.6000,842.6250,957.3750
531,fish,0.6885,970.3125,385.4531,1020.9375,423.4219,995.6250,404.4375
531,fish,0.6772,676.2375,1243.3500,739.0125,1287.9000,707.6250,1265.6250
531,fish,0.6758,418.2750,983.2500,469.9125,1023.7500,444.0938,1003.5000
531,fish,0.6704,464.3438,1224.7875,509.9062,1259.2125,487.1250,1242.0000
531,fish,0.6665,735.1875,268.9031,785.8125,304.8469,760.5000,286.8750
531,fish,0.6523,62.7398,679.6125,115.0102,722.1375,88.8750,700.8750
531,fish,0.6460,330.4688,408.3750,386.1562,448.8750,358.3125,428.6250
531,fish,0.6133,921.9375,1228.6125,972.5625,1271.1375,947.2500,1249.8750
531,fish,0.6040,944.3250,699.5250,992.9250,735.9750,968.6250,717.7500
531,fish,0.5908,376.7906,697.9500,425.8969,736.4250,401.3438,717.1875
531,fish,0.4854,637.2563,995.1750,686.8687,1027.5750,662.0625,1011.3750
532,fish,0.7637,226.1250,388.5469,276.7500,426.5156,251.4375,407.5312
532,fish,0.7124,821.4188,940.2750,864.9562,976.7250,843.1875,958.5000
532,fish,0.7026,746.6625,647.1000,801.3375,701.7750,774.0000,674.4375
532,fish,0.7002,70.4883,1125.0000,115.4180,1165.5000,92.9531,1145.2500
532,fish,0.6992,969.7500,389.0250,1020.3750,425.4750,995.0625,407.2500
532,fish,0.6958,230.6531,953.8312,276.7219,991.2938,253.6875,972.5625
532,fish,0.6943,735.1875,268.3406,785.8125,304.2844,760.5000,286.3125
532,fish,0.6909,330.4688,406.6031,386.1562,445.5844,358.3125,426.0938
532,fish,0.6782,421.0875,987.6375,472.7250,1026.1125,446.9062,1006.8750
532,fish,0.6724,676.2375,1244.4750,739.0125,1289.0250,707.6250,1266.7500
532,fish,0.6582,459.9563,1214.8875,507.5437,1253.3625,483.7500,1234.1250
532,fish,0.6558,379.5188,695.7563,427.1062,735.2437,403.3125,715.5000
532,fish,0.6318,64.2041,679.6125,114.3545,722.1375,89.2793,700.8750
532,fish,0.6094,944.3250,699.5250,992.9250,735.9750,968.6250,717.7500
532,fish,0.6084,923.0625,1228.6125,973.6875,1271.1375,948.3750,1249.8750
532,fish,0.4951,637.2563,996.3000,686.8687,1028.7000,662.0625,1012.5000
533,fish,0.7690,230.4844,964.9125,276.0469,999.3375,253.2656,982.1250
533,fish,0.7285,70.1859,1111.5000,114.7359,1152.0000,92.4609,1131.7500
533,fish,0.7104,821.4750,940.2750,866.0250,976.7250,843.7500,958.5000
533,fish,0.7090,225.0281,396.4781,276.1594,435.4594,250.5938,415.9688
533,fish,0.7065,326.5594,399.9937,382.7531,441.5063,354.6562,420.7500
533,fish,0.7026,736.3687,268.3687,788.0063,304.8188,762.1875,286.5938
533,fish,0.6992,969.1875,391.2750,1019.8125,427.7250,994.5000,409.5000
533,fish,0.6841,747.6750,640.6313,800.3250,690.2437,774.0000,665.4375
533,fish,0.6816,421.1438,991.0125,473.7937,1029.4875,447.4688,1010.2500
533,fish,0.6807,70.6148,679.3312,121.6195,716.7938,96.1172,698.0625
533,fish,0.6768,676.2375,1244.4750,739.0125,1289.0250,707.6250,1266.7500
533,fish,0.6323,379.6875,693.0562,430.3125,734.5688,405.0000,713.8125
533,fish,0.6250,442.4625,1211.2875,489.0375,1245.7125,465.7500,1228.5000
533,fish,0.6143,923.0625,1230.7500,973.6875,1271.2500,948.3750,1251.0000
533,fish,0.6133,944.3250,699.5250,992.9250,735.9750,968.6250,717.7500
533,fish,0.5215,636.1875,995.7375,686.8125,1028.1375,661.5000,1011.9375
534,fish,0.7930,228.8953,973.8000,273.6984,1006.2000,251.2969,990.0000
534,fish,0.7568,323.1562,393.3000,378.8438,435.8250,351.0000,414.5625
534,fish,0.7090,821.4750,941.4000,866.0250,977.8500,843.7500,959.6250
534,fish,0.6992,226.6875,403.7344,277.3125,441.7031,252.0000,422.7188
534,fish,0.6992,77.3578,677.1375,125.7047,715.6125,101.5312,696.3750
534,fish,0.6978,737.4375,268.0875,788.0625,304.5375,762.7500,286.3125
534,fish,0.6958,750.4312,637.2000,802.0688,685.8000,776.2500,661.5000
534,fish,0.6895,969.7500,391.3031,1020.3750,428.2594,995.0625,409.7812
534,fish,0.6875,429.2719,1210.2750,476.3531,1246.7250,452.8125,1228.5000
534,fish,0.6758,676.2375,1244.4750,739.0125,1289.0250,707.6250,1266.7500
534,fish,0.6602,70.6553,1100.3625,116.6924,1142.8875,93.6738,1121.6250
534,fish,0.6514,419.2031,988.2563,472.3594,1027.7438,445.7812,1008.0000
534,fish,0.6343,384.4125,682.5938,439.0875,728.1562,411.7500,705.3750
534,fish,0.6167,923.6250,1229.7375,974.2500,1272.2625,948.9375,1251.0000
534,fish,0.6030,944.3250,699.5250,992.9250,735.9750,968.6250,717.7500
534,fish,0.5430,636.1875,995.2313,686.8125,1028.6437,661.5000,1011.9375
534,fish,0.4045,66.8602,1095.6375,116.0930,1134.1125,91.4766,1114.8750
535,fish,0.7388,748.8000,640.5187,801.4500,688.1063,775.1250,664.3125
535,fish,0.7358,320.8781,384.8625,376.0594,427.3875,348.4688,406.1250
535,fish,0.7202,227.3063,977.8500,273.8813,1012.2750,250.5938,995.0625
535,fish,0.7104,822.6000,941.4000,867.1500,977.8500,844.8750,959.6250
535,fish,0.7017,66.4453,1079.1562,113.2734,1124.7188,89.8594,1101.9375
535,fish,0.7007,738.0000,268.0594,788.6250,304.0031,763.3125,286.0312
535,fish,0.6929,84.4805,674.3813,133.2070,713.8687,108.8438,694.1250
535,fish,0.6895,970.8188,391.3313,1020.4312,428.7937,995.6250,410.0625
535,fish,0.6738,676.2375,1244.4750,739.0125,1289.0250,707.6250,1266.7500
535,fish,0.6680,396.2531,675.1125,451.4344,717.6375,423.8438,696.3750
535,fish,0.6548,418.5000,983.2500,469.1250,1023.7500,443.8125,1003.5000
535,fish,0.6187,225.6891,412.4531,276.0609,450.4219,250.8750,431.4375
535,fish,0.6177,924.1875,1229.7375,974.8125,1272.2625,949.5000,1251.0000
535,fish,0.6113,944.3250,699.5250,992.9250,735.9750,968.6250,717.7500
535,fish,0.6084,415.5188,1210.2750,463.1062,1246.7250,439.3125,1228.5000
535,fish,0.5591,635.5688,995.2313,685.1812,1028.6437,660.3750,1011.9375
536,fish,0.7432,319.6687,376.5656,373.3313,416.5594,346.5000,396.5625
536,fish,0.7168,822.6000,941.4000,867.1500,977.8500,844.8750,959.6250
536,fish,0.6909,737.4375,267.2016,788.0625,302.8922,762.7500,285.0469
536,fish,0.6895,971.3813,391.8938,1020.9937,429.3562,996.1875,410.6250
536,fish,0.6768,676.7437,1244.4750,738.5063,1289.0250,707.6250,1266.7500
536,fish,0.6646,226.4344,981.7875,272.5031,1016.2125,249.4688,999.0000
536,fish,0.6567,223.3969,415.5750,275.5406,454.0500,249.4688,434.8125
536,fish,0.6523,95.7727,676.1250,146.5242,716.6250,121.1484,696.3750
536,fish,0.6450,417.2344,981.4500,465.3281,1019.9250,441.2812,1000.6875
536,fish,0.6436,413.0719,658.9688,467.2406,704.5312,440.1562,681.7500
536,fish,0.6377,64.4133,1069.9313,113.8992,1111.4437,89.1562,1090.6875
536,fish,0.6260,925.3125,1230.7500,975.9375,1271.2500,950.6250,1251.0000
536,fish,0.6113,748.2375,646.9312,800.8875,698.5688,774.5625,672.7500
536,fish,0.6104,944.3250,699.5250,992.9250,735.9750,968.6250,717.7500
536,fish,0.5840,635.0063,995.2313,684.6187,1028.6437,659.8125,1011.9375
536,fish,0.5776,402.4688,1212.3000,448.0312,1244.7000,425.2500,1228.5000
537,fish,0.7266,823.7250,941.4000,868.2750,977.8500,846.0000,959.6250
537,fish,0.7090,224.3531,414.3375,273.4594,450.7875,248.9062,432.5625
537,fish,0.7075,112.7250,679.9500,162.3375,718.4250,137.5312,699.1875
537,fish,0.7007,316.2937,367.8750,369.9563,408.3750,343.1250,388.1250
537,fish,0.6895,433.2094,638.9438,485.3531,688.5562,459.2812,663.7500
537,fish,0.6816,970.3687,390.8250,1022.0063,429.3000,996.1875,410.0625
537,fish,0.6738,676.2375,1244.4750,739.0125,1289.0250,707.6250,1266.7500
537,fish,0.6582,737.3250,266.8781,785.9250,301.8094,761.6250,284.3438
537,fish,0.6577,745.5375,656.4937,800.2125,708.1313,772.8750,682.3125
537,fish,0.6548,224.5219,984.0375,271.6031,1018.4625,248.0625,1001.2500
537,fish,0.6523,69.4916,1066.5000,118.6295,1107.0000,94.0605,1086.7500
537,fish,0.6206,925.3125,1228.6125,975.9375,1271.1375,950.6250,1249.8750
537,fish,0.6011,943.2563,699.5250,992.8687,735.9750,968.0625,717.7500
537,fish,0.6001,634.4438,994.1625,684.0562,1028.5875,659.2500,1011.3750
537,fish,0.5928,409.3313,975.5438,456.9187,1008.9562,433.1250,992.2500
537,fish,0.5747,388.7437,1214.5500,435.3188,1246.9500,412.0312,1230.7500
538,fish,0.7417,823.7250,940.8375,868.2750,977.2875,846.0000,959.0625
538,fish,0.7104,393.9469,968.2875,443.0531,1002.7125,418.5000,985.5000
538,fish,0.7007,313.9875,362.8125,366.6375,403.3125,340.3125,383.0625
538,fish,0.6870,971.4375,390.2625,1022.0625,428.7375,996.7500,409.5000
538,fish,0.6851,222.1031,413.5500,271.2094,451.0125,246.6562,432.2812
538,fish,0.6689,676.2375,1244.4750,739.0125,1289.0250,707.6250,1266.7500
538,fish,0.6558,127.8949,682.6500,175.9254,719.1000,151.9102,700.8750
538,fish,0.6523,223.8047,985.1063,270.6328,1018.5187,247.2188,1001.8125
538,fish,0.6440,74.7844,1066.2750,119.8406,1102.7250,97.3125,1084.5000
538,fish,0.6377,449.2688,619.3125,501.9187,669.9375,475.5938,644.6250
538,fish,0.6250,742.2750,663.3000,798.9750,715.9500,770.6250,689.6250
538,fish,0.6226,736.7062,267.3844,784.2938,301.3031,760.5000,284.3438
538,fish,0.6177,923.6812,1228.6125,975.3188,1271.1375,949.5000,1249.8750
538,fish,0.6069,944.3250,700.0875,992.9250,736.5375,968.6250,718.3125
538,fish,0.5938,633.8813,994.1625,683.4937,1028.5875,658.6875,1011.3750
538,fish,0.5488,381.0938,1214.5500,426.6562,1246.9500,403.8750,1230.7500
539,fish,0.7476,823.2188,940.8375,868.7812,977.2875,846.0000,959.0625
539,fish,0.7124,312.9187,359.1281,366.5813,399.1219,339.7500,379.1250
539,fish,0.7104,223.3969,981.7875,270.4781,1016.2125,246.9375,999.0000
539,fish,0.7041,463.1625,604.8000,517.8375,657.4500,490.5000,631.1250
539,fish,0.6895,136.1672,680.5125,187.5516,718.9875,161.8594,699.7500
539,fish,0.6836,970.3687,390.2344,1022.0063,428.2031,996.1875,409.2188
539,fish,0.6689,231.6516,410.8500,277.9734,445.2750,254.8125,428.0625
539,fish,0.6670,676.2375,1244.4750,739.0125,1289.0250,707.6250,1266.7500
539,fish,0.6646,377.3813,958.8375,426.9937,995.2875,402.1875,977.0625
539,fish,0.6548,737.3813,664.9875,797.1187,717.6375,767.2500,691.3125
539,fish,0.6406,68.8588,1069.0875,111.6686,1105.5375,90.2637,1087.3125
539,fish,0.6104,633.8813,994.2188,683.4937,1029.6562,658.6875,1011.9375
539,fish,0.6104,922.5562,1228.6125,974.1938,1271.1375,948.3750,1249.8750
539,fish,0.6021,944.3250,700.0875,992.9250,736.5375,968.6250,718.3125
539,fish,0.5918,735.0750,266.8500,783.6750,301.2750,759.3750,284.0625
539,fish,0.5815,375.4969,1214.5500,421.5656,1246.9500,398.5312,1230.7500
540,fish,0.7476,824.2875,941.9062,868.8375,977.3438,846.5625,959.6250
540,fish,0.7217,477.7312,589.5562,531.3937,641.1938,504.5625,615.3750
540,fish,0.7188,72.2900,1078.3688,113.5811,1119.8812,92.9355,1099.1250
540,fish,0.7090,309.4875,354.9937,362.1375,396.5063,335.8125,375.7500
540,fish,0.7017,360.7594,943.0875,409.8656,979.5375,385.3125,961.3125
540,fish,0.6934,148.2469,681.7500,204.4406,722.2500,176.3438,702.0000
540,fish,0.6816,237.4313,393.8062,284.0063,430.2563,260.7188,412.0312
540,fish,0.6748,969.8625,388.5750,1022.5125,427.0500,996.1875,407.8125
540,fish,0.6655,225.1125,982.9125,272.7000,1017.3375,248.9062,1000.1250
540,fish,0.6602,676.2375,1244.4750,739.0125,1289.0250,707.6250,1266.7500
540,fish,0.6372,373.3313,1216.8000,420.9187,1249.2000,397.1250,1233.0000
540,fish,0.6353,732.9375,267.1875,783.5625,302.6250,758.2500,284.9062
540,fish,0.6343,633.8250,994.7812,682.4250,1030.2188,658.1250,1012.5000
540,fish,0.6074,943.2563,699.5812,992.8687,737.0438,968.0625,718.3125
540,fish,0.6030,920.8687,1229.7375,972.5063,1272.2625,946.6875,1251.0000
540,fish,0.5659,743.4000,665.5500,800.1000,718.2000,771.7500,691.8750
541,fish,0.7490,823.7250,941.4000,868.2750,977.8500,846.0000,959.6250
541,fish,0.7090,239.4281,375.0188,283.9781,412.4812,261.7031,393.7500
541,fish,0.6958,486.1969,573.8062,540.3656,625.4438,513.2812,599.6250
541,fish,0.6919,308.8406,349.8188,359.9719,389.3062,334.4062,369.5625
541,fish,0.6782,970.3687,388.5188,1022.0063,425.9812,996.1875,407.2500
541,fish,0.6748,676.2375,1244.4750,739.0125,1289.0250,707.6250,1266.7500
541,fish,0.6733,745.5375,659.9250,800.2125,712.5750,772.8750,686.2500
541,fish,0.6689,74.4680,1079.2125,123.9539,1125.7875,99.2109,1102.5000
541,fish,0.6646,225.3375,986.1750,271.9125,1018.5750,248.6250,1002.3750
541,fish,0.6582,165.3891,689.6250,216.2672,730.1250,190.8281,709.8750
541,fish,0.6504,347.6250,921.9375,398.2500,962.4375,372.9375,942.1875
541,fish,0.6309,732.9375,267.7641,783.5625,303.4547,758.2500,285.6094
541,fish,0.6235,633.8250,994.2750,682.4250,1030.7250,658.1250,1012.5000
541,fish,0.6069,944.3250,699.5250,992.9250,735.9750,968.6250,717.7500
541,fish,0.6060,372.7688,1219.1625,420.3562,1253.5875,396.5625,1236.3750
541,fish,0.6001,916.4250,1229.7375,969.0750,1272.2625,942.7500,1251.0000
542,fish,0.7358,822.6562,943.0875,868.2188,979.5375,845.4375,961.3125
542,fish,0.7280,487.1812,567.5625,538.8188,618.1875,513.0000,592.8750
542,fish,0.7124,311.0625,345.3188,361.6875,384.8062,336.3750,365.0625
542,fish,0.6870,676.2375,1244.4750,739.0125,1289.0250,707.6250,1266.7500
542,fish,0.6870,173.2781,694.1250,224.4094,734.6250,198.8438,714.3750
542,fish,0.6860,226.9406,986.7375,271.9969,1019.1375,249.4688,1002.9375
542,fish,0.6860,970.4250,388.5469,1023.0750,426.5156,996.7500,407.5312
542,fish,0.6738,339.1313,903.9375,388.7437,944.4375,363.9375,924.1875
542,fish,0.6724,242.5922,357.8062,285.8766,394.2563,264.2344,376.0312
542,fish,0.6602,372.1219,1225.8000,418.1906,1258.2000,395.1562,1242.0000
542,fish,0.6436,734.0063,268.0594,783.6187,304.0031,758.8125,286.0312
542,fish,0.6387,633.3188,994.7812,682.9312,1030.2188,658.1250,1012.5000
542,fish,0.6187,743.7938,649.9125,797.4562,704.5875,770.6250,677.2500
542,fish,0.6104,944.3250,699.5250,992.9250,735.9750,968.6250,717.7500
542,fish,0.6060,916.3125,1229.7375,966.9375,1272.2625,941.6250,1251.0000
542,fish,0.5718,89.6414,1113.6375,136.3430,1152.1125,112.9922,1132.8750
543,fish,0.7324,310.7531,340.2563,360.8719,379.7437,335.8125,360.0000
543,fish,0.7310,336.0375,892.6313,385.6500,932.1187,360.8438,912.3750
543,fish,0.7295,822.6562,943.6500,868.2188,980.1000,845.4375,961.8750
543,fish,0.7075,487.1812,565.8750,538.8188,616.5000,513.0000,591.1875
543,fish,0.6992,742.1625,644.1187,796.8375,695.7563,769.5000,669.9375
543,fish,0.6870,676.2375,1244.4750,739.0125,1289.0250,707.6250,1266.7500
543,fish,0.6816,970.4250,388.0125,1023.0750,426.4875,996.7500,407.2500
543,fish,0.6714,735.1313,268.5938,784.7437,304.0312,759.9375,286.3125
543,fish,0.6670,244.7719,339.3562,286.7906,372.7688,265.7812,356.0625
543,fish,0.6426,91.9969,1131.7500,143.1281,1172.2500,117.5625,1152.0000
543,fish,0.6353,634.9500,994.7812,683.5500,1030.2188,659.2500,1012.5000
543,fish,0.6309,180.2531,699.6938,232.9031,739.1812,206.5781,719.4375
543,fish,0.6113,373.2188,1229.1750,418.7812,1261.5750,396.0000,1245.3750
543,fish,0.6069,230.9203,989.5500,276.7359,1021.9500,253.8281,1005.7500
543,fish,0.6030,944.3250,699.5250,992.9250,735.9750,968.6250,717.7500
543,fish,0.5972,912.3750,1230.8625,963.0000,1273.3875,937.6875,1252.1250
544,fish,0.7446,108.2742,1158.5250,153.7102,1194.9750,130.9922,1176.7500
544,fish,0.7280,822.0938,945.8438,867.6562,981.2812,844.8750,963.5625
544,fish,0.7075,485.4937,567.5063,537.1313,617.1187,511.3125,592.3125
544,fish,0.6895,676.2375,1244.4750,739.0125,1289.0250,707.6250,1266.7500
544,fish,0.6885,735.1875,268.5797,785.8125,303.7641,760.5000,286.1719
544,fish,0.6870,970.3687,388.5750,1022.0063,427.0500,996.1875,407.8125
544,fish,0.6655,246.3187,322.7063,290.8687,360.1687,268.5938,341.4375
544,fish,0.6533,745.5375,636.3000,800.2125,688.9500,772.8750,662.6250
544,fish,0.6489,336.8813,885.3750,386.4937,925.8750,361.6875,905.6250
544,fish,0.6470,311.5406,339.0188,360.6469,376.4812,336.0938,357.7500
544,fish,0.6470,634.9500,994.7812,683.5500,1030.2188,659.2500,1012.5000
544,fish,0.6372,185.7094,699.6375,237.8531,738.1125,211.7812,718.8750
544,fish,0.6001,944.3250,699.5250,992.9250,735.9750,968.6250,717.7500
544,fish,0.5947,911.8125,1230.8625,962.4375,1273.3875,937.1250,1252.1250
544,fish,0.5850,234.1406,986.8500,282.2344,1021.2750,258.1875,1004.0625
544,fish,0.5815,377.0437,1234.8000,420.5813,1267.2000,398.8125,1251.0000
545,fish,0.7168,821.5312,946.4062,867.0938,981.8438,844.3125,964.1250
545,fish,0.6909,482.2875,571.9500,531.9000,620.5500,507.0938,596.2500
545,fish,0.6870,676.2375,1244.4750,739.0125,1289.0250,707.6250,1266.7500
545,fish,0.6870,970.3687,388.5750,1022.0063,427.0500,996.1875,407.8125
545,fish,0.6836,735.1875,268.6078,785.8125,304.2984,760.5000,286.4531
545,fish,0.6772,746.1000,621.7875,800.7750,676.4625,773.4375,649.1250
545,fish,0.6758,249.3141,309.2063,292.0922,341.6062,270.7031,325.4062
545,fish,0.6626,119.9109,1181.0250,167.2453,1217.4750,143.5781,1199.2500
545,fish,0.6494,316.6594,330.1313,366.7781,369.6187,341.7188,349.8750
545,fish,0.6460,635.0063,994.2750,684.6187,1030.7250,659.8125,1012.5000
545,fish,0.6440,192.0375,699.6375,246.7125,738.1125,219.3750,718.8750
545,fish,0.6440,339.0750,877.5000,387.6750,918.0000,363.3750,897.7500
545,fish,0.6074,234.6188,986.2875,281.1938,1020.7125,257.9062,1003.5000
545,fish,0.5962,943.2563,699.0187,992.8687,736.4813,968.0625,717.7500
545,fish,0.5830,915.1313,1229.7375,964.7437,1272.2625,939.9375,1251.0000
545,fish,0.5439,376.5375,1239.3000,421.0875,1271.7000,398.8125,1255.5000
546,fish,0.7139,821.5312,945.9000,867.0938,982.3500,844.3125,964.1250
546,fish,0.6929,349.4812,872.1000,403.1438,916.6500,376.3125,894.3750
546,fish,0.6836,676.2375,1244.4750,739.0125,1289.0250,707.6250,1266.7500
546,fish,0.6816,969.3000,388.5750,1021.9500,427.0500,995.6250,407.8125
546,fish,0.6768,247.7250,293.9062,292.2750,329.3438,270.0000,311.6250
546,fish,0.6714,744.4125,608.0625,799.0875,658.6875,771.7500,633.3750
546,fish,0.6680,736.2000,268.5656,784.8000,303.4969,760.5000,286.0312
546,fish,0.6592,200.3625,697.9500,253.0125,736.4250,226.6875,717.1875
546,fish,0.6416,326.3062,325.0125,377.9438,363.4875,352.1250,344.2500
546,fish,0.6279,636.0750,994.7250,684.6750,1029.1500,660.3750,1011.9375
546,fish,0.6021,477.9000,575.9438,529.5375,625.5562,503.7188,600.7500
546,fish,0.6011,375.9469,1243.8000,419.9906,1276.2000,397.9688,1260.0000
546,fish,0.6001,943.2563,699.5250,992.8687,735.9750,968.0625,717.7500
546,fish,0.5991,233.4094,985.2188,280.9969,1020.6562,257.2031,1002.9375
546,fish,0.5918,914.5125,1230.7500,963.1125,1271.2500,938.8125,1251.0000
546,fish,0.5767,136.1426,1199.0250,183.2871,1235.4750,159.7148,1217.2500
547,fish,0.7124,821.5875,947.5312,868.1625,982.9688,844.8750,965.2500
547,fish,0.6909,339.4125,321.4688,394.0875,361.9688,366.7500,341.7188
547,fish,0.6870,743.2875,591.8625,797.9625,644.5125,770.6250,618.1875
547,fish,0.6841,676.2375,1244.4750,739.0125,1289.0250,707.6250,1266.7500
547,fish,0.6836,205.1719,695.1938,258.3281,734.6812,231.7500,714.9375
547,fish,0.6807,970.3687,387.7312,1022.0063,426.2063,996.1875,406.9688
547,fish,0.6680,369.3375,870.9750,426.0375,915.5250,397.6875,893.2500
547,fish,0.6523,736.2000,268.5656,784.8000,303.4969,760.5000,286.0312
547,fish,0.6333,147.6422,1217.0250,195.4828,1253.4750,171.5625,1235.2500
547,fish,0.6235,636.6375,994.1625,685.2375,1028.5875,660.9375,1011.3750
547,fish,0.6216,233.2969,984.1500,281.3906,1020.6000,257.3438,1002.3750
547,fish,0.5972,943.3125,699.5250,993.9375,735.9750,968.6250,717.7500
547,fish,0.5815,918.3375,1230.7500,964.9125,1271.2500,941.6250,1251.0000
547,fish,0.5527,376.2844,1247.2875,421.3406,1281.7125,398.8125,1264.5000
547,fish,0.5312,474.6375,586.6875,523.2375,637.3125,498.9375,612.0000
547,fish,0.4485,247.0078,280.1039,288.7734,312.6305,267.8906,296.3672
548,fish,0.7188,395.7469,874.3500,451.9406,918.9000,423.8438,896.6250
548,fish,0.7100,358.5375,314.9438,413.2125,354.4312,385.8750,334.6875
548,fish,0.6992,208.4344,694.1250,262.0969,734.6250,235.2656,714.3750
548,fish,0.6958,821.0250,948.1500,867.6000,984.6000,844.3125,966.3750
548,fish,0.6807,676.2375,1244.4750,739.0125,1289.0250,707.6250,1266.7500
548,fish,0.6670,970.3125,386.2688,1020.9375,423.7312,995.6250,405.0000
548,fish,0.6460,744.1875,573.9328,794.8125,622.7859,769.5000,598.3594
548,fish,0.6318,233.5219,979.6500,280.6031,1016.1000,257.0625,997.8750
548,fish,0.6279,735.6375,268.3125,784.2375,303.7500,759.9375,286.0312
548,fish,0.6250,163.1953,1228.2750,210.0234,1264.7250,186.6094,1246.5000
548,fish,0.6123,637.2000,994.6688,685.8000,1028.0812,661.5000,1011.3750
548,fish,0.6040,943.2563,699.0187,992.8687,736.4813,968.0625,717.7500
548,fish,0.5908,471.0375,597.8250,520.6500,646.4250,495.8438,622.1250
548,fish,0.5747,376.6500,1250.7750,423.2250,1287.2250,399.9375,1269.0000
548,fish,0.5728,918.3375,1228.5000,964.9125,1269.0000,941.6250,1248.7500
549,fish,0.7090,460.6875,604.5750,511.3125,653.1750,486.0000,628.8750
549,fish,0.7007,211.1344,693.0562,265.3031,734.5688,238.2188,713.8125
549,fish,0.7007,821.5875,949.2188,868.1625,984.6562,844.8750,966.9375
549,fish,0.6860,422.1000,877.6125,476.7750,920.1375,449.4375,898.8750
549,fish,0.6841,676.2375,1244.4750,739.0125,1289.0250,707.6250,1266.7500
549,fish,0.6494,382.1625,308.2500,436.8375,348.7500,409.5000,328.5000
549,fish,0.6494,233.7188,967.7812,279.2812,1003.2188,256.5000,985.5000
549,fish,0.6406,972.0000,384.2719,1022.6250,421.2281,997.3125,402.7500
549,fish,0.6299,170.8031,1235.0250,217.8844,1271.4750,194.3438,1253.2500
549,fish,0.6206,915.0750,1226.2500,963.6750,1266.7500,939.3750,1246.5000
549,fish,0.6152,735.1313,269.7609,784.7437,305.9578,759.9375,287.8594
549,fish,0.6050,942.1875,698.5125,992.8125,736.9875,967.5000,717.7500
549,fish,0.6050,638.8875,995.1750,687.4875,1027.5750,663.1875,1011.3750
549,fish,0.6011,742.0500,561.2625,794.7000,609.8625,768.3750,585.5625
549,fish,0.5820,378.2812,1252.9125,423.8438,1287.3375,401.0625,1270.1250
550,fish,0.7402,444.0094,878.2313,498.1781,921.7687,471.0938,900.0000
550,fish,0.6929,405.7312,307.9125,459.3938,347.4000,432.5625,327.6562
550,fish,0.6929,186.8766,1240.7625,234.7172,1279.2375,210.7969,1260.0000
550,fish,0.6909,821.5875,950.2875,868.1625,984.7125,844.8750,967.5000
550,fish,0.6772,440.7188,610.2000,496.4062,658.8000,468.5625,634.5000
550,fish,0.6758,676.2375,1244.4750,739.0125,1289.0250,707.6250,1266.7500
550,fish,0.6636,230.9484,953.7750,277.2703,990.2250,254.1094,972.0000
550,fish,0.6582,214.8750,688.7250,270.5625,733.2750,242.7188,711.0000
550,fish,0.6440,743.1187,557.4797,794.7563,603.8016,768.9375,580.6406
550,fish,0.6206,916.1437,1226.1375,963.7313,1264.6125,939.9375,1245.3750
550,fish,0.6187,638.3250,994.6688,686.9250,1028.0812,662.6250,1011.3750
550,fish,0.6050,943.8188,699.5812,993.4312,737.0438,968.6250,718.3125
550,fish,0.5898,975.8250,382.8375,1024.4250,419.2875,1000.1250,401.0625
550,fish,0.5889,735.6938,270.6469,785.3062,307.6031,760.5000,289.1250
550,fish,0.5479,378.8438,1250.7750,424.4062,1287.2250,401.6250,1269.0000
550,fish,0.4629,247.8094,276.1875,293.8781,311.6250,270.8438,293.9062
551,fish,0.7310,228.7406,946.0125,275.8219,984.4875,252.2812,965.2500
551,fish,0.7124,739.9125,564.4547,794.5875,614.8266,767.2500,589.6406
551,fish,0.7075,458.7188,877.7250,514.4062,922.2750,486.5625,900.0000
551,fish,0.6943,821.5875,951.4125,868.1625,985.8375,844.8750,968.6250
551,fish,0.6841,676.2375,1244.4750,739.0125,1289.0250,707.6250,1266.7500
551,fish,0.6704,424.8562,312.6375,478.5188,351.1125,451.6875,331.8750
551,fish,0.6577,217.9969,688.0500,274.1906,730.5750,246.0938,709.3125
551,fish,0.6567,916.7625,1225.0125,965.3625,1263.4875,941.0625,1244.2500
551,fish,0.6538,419.7375,619.5375,472.3875,664.0875,446.0625,641.8125
551,fish,0.6514,205.5234,1239.5250,252.3516,1275.9750,228.9375,1257.7500
551,fish,0.6353,976.9500,380.4187,1025.5500,418.8938,1001.2500,399.6562
551,fish,0.6309,638.9438,994.1063,688.5562,1027.5187,663.7500,1010.8125
551,fish,0.6187,736.7625,270.4711,785.3625,306.7945,761.0625,288.6328
551,fish,0.6050,247.6969,283.3031,291.7406,315.1969,269.7188,299.2500
551,fish,0.6030,944.3250,700.0875,992.9250,736.5375,968.6250,718.3125
551,fish,0.5420,379.4062,1250.6625,424.9688,1285.0875,402.1875,1267.8750
552,fish,0.7310,229.8375,941.4000,276.4125,977.8500,253.1250,959.6250
552,fish,0.7090,471.8813,879.9750,526.5562,924.5250,499.2188,902.2500
552,fish,0.7065,218.2359,1235.0250,266.0766,1271.4750,242.1562,1253.2500
552,fish,0.7007,821.5875,951.4125,868.1625,985.8375,844.8750,968.6250
552,fish,0.6992,743.3438,579.4875,799.0312,632.1375,771.1875,605.8125
552,fish,0.6958,248.0344,287.8875,293.0906,321.3000,270.5625,304.5938
552,fish,0.6758,676.2375,1244.4750,739.0125,1289.0250,707.6250,1266.7500
552,fish,0.6738,401.1750,633.6000,453.8250,678.1500,427.5000,655.8750
552,fish,0.6646,442.9125,316.9406,497.5875,356.9344,470.2500,336.9375
552,fish,0.6646,916.7062,1223.8875,964.2938,1262.3625,940.5000,1243.1250
552,fish,0.6582,978.0750,379.7437,1026.6750,416.1938,1002.3750,397.9688
552,fish,0.6582,218.0813,686.9250,273.2625,729.4500,245.6719,708.1875
552,fish,0.6279,737.3250,270.8438,785.9250,306.2812,761.6250,288.5625
552,fish,0.6143,639.4500,994.6688,688.0500,1028.0812,663.7500,1011.3750
552,fish,0.6060,944.3250,700.0875,992.9250,736.5375,968.6250,718.3125
552,fish,0.5547,379.4062,1250.7750,424.9688,1287.2250,402.1875,1269.0000
553,fish,0.6958,247.7953,287.4727,293.6109,321.0117,270.7031,304.2422
553,fish,0.6929,821.0250,951.9750,867.6000,986.4000,844.3125,969.1875
553,fish,0.6899,231.3844,930.2625,277.9594,968.7375,254.6719,949.5000
553,fish,0.6851,461.5312,311.3438,517.2188,351.8438,489.3750,331.5938
553,fish,0.6724,476.7188,886.1063,532.4062,929.6437,504.5625,907.8750
553,fish,0.6724,676.2375,1244.4750,739.0125,1289.0250,707.6250,1266.7500
553,fish,0.6714,744.3000,599.1187,796.9500,650.7563,770.6250,624.9375
553,fish,0.6704,384.3844,645.0750,438.5531,693.6750,411.4688,669.3750
553,fish,0.6680,217.4344,686.9250,273.6281,729.4500,245.5312,708.1875
553,fish,0.6655,978.0750,379.4625,1026.6750,415.9125,1002.3750,397.6875
553,fish,0.6611,918.3375,1222.7625,964.9125,1261.2375,941.6250,1242.0000
553,fish,0.6460,227.1094,1229.6250,275.2031,1270.1250,251.1562,1249.8750
553,fish,0.6206,639.4500,994.6688,688.0500,1028.0812,663.7500,1011.3750
553,fish,0.6162,944.3250,700.0875,992.9250,736.5375,968.6250,718.3125
553,fish,0.6152,736.2000,270.3375,784.8000,306.7875,760.5000,288.5625
553,fish,0.5815,377.7750,1250.7750,424.3500,1287.2250,401.0625,1269.0000
554,fish,0.7007,247.6125,287.0437,295.2000,320.4563,271.4062,303.7500
554,fish,0.7007,475.7906,894.4875,529.9594,937.0125,502.8750,915.7500
554,fish,0.6929,475.5938,307.3781,531.2812,347.3719,503.4375,327.3750
554,fish,0.6875,819.3375,952.5375,865.9125,986.9625,842.6250,969.7500
554,fish,0.6738,676.2375,1244.4750,739.0125,1289.0250,707.6250,1266.7500
554,fish,0.6724,978.6375,378.9000,1027.2375,415.3500,1002.9375,397.1250
554,fish,0.6699,218.5312,686.3625,274.2188,728.8875,246.3750,707.6250
554,fish,0.6670,744.8625,612.6750,797.5125,665.3250,771.1875,639.0000
554,fish,0.6655,234.5344,1228.3875,284.6531,1266.8625,259.5938,1247.6250
554,fish,0.6533,917.2125,1220.5125,963.7875,1258.9875,940.5000,1239.7500
554,fish,0.6426,231.2719,925.2563,278.3531,964.7437,254.8125,945.0000
554,fish,0.6279,944.3250,700.0875,992.9250,736.5375,968.6250,718.3125
554,fish,0.6235,736.2000,270.3375,784.8000,306.7875,760.5000,288.5625
554,fish,0.6133,364.1906,658.3500,419.3719,702.9000,391.7812,680.6250
554,fish,0.5947,638.9438,995.1750,688.5562,1027.5750,663.7500,1011.3750
554,fish,0.5698,379.6313,1252.8000,424.1812,1285.2000,401.9062,1269.0000
555,fish,0.7563,248.4281,282.8813,295.5094,317.3062,271.9688,300.0938
555,fish,0.7026,745.4250,627.8062,798.0750,679.4438,771.7500,653.6250
555,fish,0.6943,819.3375,953.6625,865.9125,988.0875,842.6250,970.8750
555,fish,0.6807,481.3875,300.3750,535.0500,340.8750,508.2188,320.6250
555,fish,0.6748,469.9969,905.8500,526.1906,950.4000,498.0938,928.1250
555,fish,0.6733,349.9875,667.3500,402.6375,711.9000,376.3125,689.6250
555,fish,0.6646,676.2375,1244.4750,739.0125,1289.0250,707.6250,1266.7500
555,fish,0.6592,216.3234,687.9937,272.7703,729.5063,244.5469,708.7500
555,fish,0.6577,978.0750,378.3938,1026.6750,415.8562,1002.3750,397.1250
555,fish,0.6558,240.6937,1229.6250,290.3062,1270.1250,265.5000,1249.8750
555,fish,0.6299,735.0750,271.0336,783.6750,307.3570,759.3750,289.1953
555,fish,0.6250,944.3250,700.6500,992.9250,737.1000,968.6250,718.8750
555,fish,0.6187,917.2125,1219.3875,963.7875,1257.8625,940.5000,1238.6250
555,fish,0.6152,230.3297,924.1313,278.1703,963.6187,254.2500,943.8750
555,fish,0.5776,379.6313,1252.8000,424.1812,1285.2000,401.9062,1269.0000
555,fish,0.5659,639.4500,995.1750,688.0500,1027.5750,663.7500,1011.3750
556,fish,0.7124,743.8500,638.4937,798.5250,690.1313,771.1875,664.3125
556,fish,0.7031,471.6000,927.7875,526.2750,972.3375,498.9375,950.0625
556,fish,0.6943,481.6969,295.8188,535.8656,335.3062,508.7812,315.5625
556,fish,0.6909,819.3375,953.6625,865.9125,988.0875,842.6250,970.8750
556,fish,0.6841,243.1406,1229.6250,291.2344,1270.1250,267.1875,1249.8750
556,fish,0.6748,215.0156,691.2563,270.7031,730.7437,242.8594,711.0000
556,fish,0.6699,226.1531,925.7625,272.2219,964.2375,249.1875,945.0000
556,fish,0.6602,978.0750,378.3938,1026.6750,415.8562,1002.3750,397.1250
556,fish,0.6577,676.2375,1244.4750,739.0125,1289.0250,707.6250,1266.7500
556,fish,0.6470,733.9500,271.4625,782.5500,307.9125,758.2500,289.6875
556,fish,0.6235,944.3250,700.6500,992.9250,737.1000,968.6250,718.8750
556,fish,0.6177,341.6062,674.1000,395.2688,718.6500,368.4375,696.3750
556,fish,0.6143,917.2125,1214.8875,963.7875,1253.3625,940.5000,1234.1250
556,fish,0.5820,379.6313,1252.8000,424.1812,1285.2000,401.9062,1269.0000
556,fish,0.5747,247.5141,276.0398,293.3297,311.3508,270.4219,293.6953
556,fish,0.5688,638.3250,995.1750,686.9250,1027.5750,662.6250,1011.3750
557,fish,0.7563,225.7031,934.7625,273.7969,973.2375,249.7500,954.0000
557,fish,0.7217,820.4062,956.4750,865.9688,990.9000,843.1875,973.6875
557,fish,0.6958,481.1625,295.2281,535.8375,334.2094,508.5000,314.7188
557,fish,0.6929,473.7937,949.7250,527.4562,994.2750,500.6250,972.0000
557,fish,0.6665,676.2375,1244.4750,739.0125,1289.0250,707.6250,1266.7500
557,fish,0.6646,216.6188,692.4937,273.3188,734.0063,244.9688,713.2500
557,fish,0.6611,978.0750,377.8313,1026.6750,415.2937,1002.3750,396.5625
557,fish,0.6602,730.1250,271.3852,780.7500,308.9742,755.4375,290.1797
557,fish,0.6592,243.7594,1230.7500,292.8656,1271.2500,268.3125,1251.0000
557,fish,0.6396,336.4312,679.8375,388.0688,726.4125,362.2500,703.1250
557,fish,0.6289,741.7125,646.5375,798.4125,701.2125,770.0625,673.8750
557,fish,0.6196,944.3250,700.6500,992.9250,737.1000,968.6250,718.8750
557,fish,0.6074,916.1437,1212.7500,963.7313,1253.2500,939.9375,1233.0000
557,fish,0.5830,379.0969,1252.8000,424.1531,1285.2000,401.6250,1269.0000
557,fish,0.5557,638.3250,995.1750,686.9250,1027.5750,662.6250,1011.3750
557,fish,0.5488,247.4297,273.4102,291.7266,306.9492,269.5781,290.1797
558,fish,0.7231,821.4750,957.0375,866.0250,991.4625,843.7500,974.2500
558,fish,0.7153,225.2672,947.5875,273.1078,984.0375,249.1875,965.8125
558,fish,0.6978,476.5500,973.1250,529.2000,1013.6250,502.8750,993.3750
558,fish,0.6802,729.4500,272.4539,778.0500,309.0305,753.7500,290.7422
558,fish,0.6704,741.1500,651.0375,797.8500,705.7125,769.5000,678.3750
558,fish,0.6699,676.2375,1244.4750,739.0125,1289.0250,707.6250,1266.7500
558,fish,0.6626,978.0750,376.9594,1026.6750,413.9156,1002.3750,395.4375
558,fish,0.6602,244.0406,1233.0000,293.1469,1273.5000,268.5938,1253.2500
558,fish,0.6577,480.0375,297.5063,534.7125,336.9937,507.3750,317.2500
558,fish,0.6548,219.3469,694.1250,274.5281,734.6250,246.9375,714.3750
558,fish,0.6489,372.8813,1248.4125,422.4937,1282.8375,397.6875,1265.6250
558,fish,0.6226,241.6500,275.0344,288.2250,309.9656,264.9375,292.5000
558,fish,0.6177,944.3250,700.0875,992.9250,736.5375,968.6250,718.3125
558,fish,0.6040,332.7750,693.2250,384.4125,737.7750,358.5938,715.5000
558,fish,0.5898,914.9625,1212.6375,961.5375,1251.1125,938.2500,1231.8750
558,fish,0.5479,637.2000,995.1750,685.8000,1027.5750,661.5000,1011.3750
559,fish,0.7607,223.2281,961.0875,272.3344,997.5375,247.7812,979.3125
559,fish,0.7358,481.3875,303.7500,535.0500,344.2500,508.2188,324.0000
559,fish,0.7339,820.9688,958.1625,866.5312,992.5875,843.7500,975.3750
559,fish,0.6772,727.2000,274.2750,775.8000,310.7250,751.5000,292.5000
559,fish,0.6748,476.5500,984.3750,529.2000,1024.8750,502.8750,1004.6250
559,fish,0.6748,676.2375,1244.4750,739.0125,1289.0250,707.6250,1266.7500
559,fish,0.6611,243.7594,1233.0000,292.8656,1273.5000,268.3125,1253.2500
559,fish,0.6533,740.5875,652.6688,797.2875,706.3312,768.9375,679.5000
559,fish,0.6377,239.1609,274.5281,286.4953,310.4719,262.8281,292.5000
559,fish,0.6372,976.9500,376.2000,1025.5500,414.6750,1001.2500,395.4375
559,fish,0.6235,218.5312,695.2500,274.2188,735.7500,246.3750,715.5000
559,fish,0.6123,944.3250,700.0875,992.9250,736.5375,968.6250,718.3125
559,fish,0.6123,914.8500,1211.5125,959.4000,1249.9875,937.1250,1230.7500
559,fish,0.5815,366.0750,1246.2750,414.6750,1282.7250,390.3750,1264.5000
559,fish,0.5747,329.1750,694.3500,381.8250,738.9000,355.5000,716.6250
559,fish,0.5581,637.7625,995.1750,686.3625,1027.5750,662.0625,1011.3750
560,fish,0.7417,223.7063,973.9688,271.2937,1009.4062,247.5000,991.6875
560,fish,0.7231,821.4750,957.6000,866.0250,992.0250,843.7500,974.8125
560,fish,0.6992,483.3562,312.1313,537.0187,351.6187,510.1875,331.8750
560,fish,0.6836,246.2344,1233.0000,294.3281,1273.5000,270.2812,1253.2500
560,fish,0.6826,749.9250,657.3375,802.5750,703.9125,776.2500,680.6250
560,fish,0.6826,476.4937,987.6375,528.1313,1026.1125,502.3125,1006.8750
560,fish,0.6714,677.3062,1244.4750,739.0688,1289.0250,708.1875,1266.7500
560,fish,0.6670,723.8250,277.0312,772.4250,312.4688,748.1250,294.7500
560,fish,0.6626,913.2188,1210.2750,958.7812,1246.7250,936.0000,1228.5000
560,fish,0.6504,218.3766,697.5000,271.2797,738.0000,244.8281,717.7500
560,fish,0.6372,974.7000,375.9187,1023.3000,414.3938,999.0000,395.1562
560,fish,0.6333,239.4281,277.3406,286.5094,313.2844,262.9688,295.3125
560,fish,0.6206,335.7563,689.7375,385.3687,732.2625,360.5625,711.0000
560,fish,0.6104,944.3250,700.0875,992.9250,736.5375,968.6250,718.3125
560,fish,0.6074,363.3188,1244.0250,412.9312,1280.4750,388.1250,1262.2500
560,fish,0.5649,637.7625,994.6688,686.3625,1028.0812,662.0625,1011.3750
561,fish,0.7202,485.0156,321.8062,538.1719,363.3188,511.5938,342.5625
561,fish,0.7168,820.4062,958.1625,865.9688,992.5875,843.1875,975.3750
561,fish,0.6885,242.5500,1230.7500,290.1375,1271.2500,266.3438,1251.0000
561,fish,0.6826,478.3781,986.5125,528.4969,1024.9875,503.4375,1005.7500
561,fish,0.6826,676.2375,1244.4750,739.0125,1289.0250,707.6250,1266.7500
561,fish,0.6807,912.6000,1209.1500,957.1500,1245.6000,934.8750,1227.3750
561,fish,0.6768,715.0500,274.9219,767.7000,312.8906,741.3750,293.9062
561,fish,0.6724,224.2688,984.6562,271.8562,1020.0938,248.0625,1002.3750
561,fish,0.6670,749.8687,657.3375,801.5063,703.9125,775.6875,680.6250
561,fish,0.6602,217.5188,697.5000,270.1687,738.0000,243.8438,717.7500
561,fish,0.6440,351.5625,687.6000,402.1875,732.1500,376.8750,709.8750
561,fish,0.6387,972.5625,374.4563,1023.1875,411.9187,997.8750,393.1875
561,fish,0.6372,241.9172,282.9094,288.2391,317.8406,265.0781,300.3750
561,fish,0.6250,944.3250,700.0875,992.9250,736.5375,968.6250,718.3125
561,fish,0.6074,359.6344,1244.0250,408.7406,1280.4750,384.1875,1262.2500
561,fish,0.5728,637.2000,994.1625,685.8000,1028.5875,661.5000,1011.3750
562,fish,0.7607,484.1719,331.6219,537.3281,372.6281,510.7500,352.1250
562,fish,0.7104,820.4062,957.6000,865.9688,992.0250,843.1875,974.8125
562,fish,0.6929,242.7188,289.0406,288.2812,322.9594,265.5000,306.0000
562,fish,0.6851,373.1625,683.1000,427.8375,727.6500,400.5000,705.3750
562,fish,0.6782,225.6750,987.9750,273.2625,1022.4000,249.4688,1005.1875
562,fish,0.6758,239.6813,1230.7500,286.2563,1271.2500,262.9688,1251.0000
562,fish,0.6655,216.7031,697.5000,269.8594,738.0000,243.2812,717.7500
562,fish,0.6655,676.2375,1244.4750,739.0125,1289.0250,707.6250,1266.7500
562,fish,0.6626,912.6000,1208.0250,957.1500,1244.4750,934.8750,1226.2500
562,fish,0.6489,970.8750,373.3313,1021.5000,410.7937,996.1875,392.0625
562,fish,0.6387,478.2094,981.0000,530.3531,1021.5000,504.2812,1001.2500
562,fish,0.6333,748.6875,657.3375,799.3125,703.9125,774.0000,680.6250
562,fish,0.6299,944.3250,700.0875,992.9250,736.5375,968.6250,718.3125
562,fish,0.6206,705.8813,274.4648,755.4937,311.8008,730.6875,293.1328
562,fish,0.6206,356.5125,1243.8000,405.1125,1276.2000,380.8125,1260.0000
562,fish,0.6123,636.0750,994.1625,684.6750,1028.5875,660.3750,1011.3750
563,fish,0.7280,481.3313,338.1750,533.9813,380.7000,507.6562,359.4375
563,fish,0.7251,820.4062,957.6000,865.9688,992.0250,843.1875,974.8125
563,fish,0.6860,677.3062,1244.4750,739.0688,1289.0250,708.1875,1266.7500
563,fish,0.6733,395.9438,680.8500,450.6187,725.4000,423.2812,703.1250
563,fish,0.6724,910.3500,1210.2750,954.9000,1246.7250,932.6250,1228.5000
563,fish,0.6689,968.0625,371.7000,1018.6875,410.1750,993.3750,390.9375
563,fish,0.6646,236.0672,1235.0250,280.8703,1271.4750,258.4688,1253.2500
563,fish,0.6636,215.8594,697.5000,269.0156,738.0000,242.4375,717.7500
563,fish,0.6621,699.1875,273.5789,749.8125,310.1555,724.5000,291.8672
563,fish,0.6592,243.2250,295.3125,287.7750,330.7500,265.5000,313.0312
563,fish,0.6396,482.1187,977.5688,533.7563,1017.0562,507.9375,997.3125
563,fish,0.6353,749.8125,646.9312,800.4375,698.5688,775.1250,672.7500
563,fish,0.6235,943.7625,700.0875,992.3625,736.5375,968.0625,718.3125
563,fish,0.6074,354.5719,1241.5500,403.6781,1273.9500,379.1250,1257.7500
563,fish,0.5962,228.9797,988.5375,275.3016,1022.9625,252.1406,1005.7500
563,fish,0.5928,636.0750,994.1625,684.6750,1028.5875,660.3750,1011.3750
564,fish,0.7388,753.3000,640.6875,805.9500,691.3125,779.6250,666.0000
564,fish,0.7202,821.4750,958.1625,866.0250,992.5875,843.7500,975.3750
564,fish,0.7153,230.0625,1235.0250,275.6250,1271.4750,252.8438,1253.2500
564,fish,0.7139,477.2250,338.7375,531.9000,381.2625,504.5625,360.0000
564,fish,0.6758,968.0625,371.9531,1018.6875,409.9219,993.3750,390.9375
564,fish,0.6699,215.6906,698.5125,268.3406,736.9875,242.0156,717.7500
564,fish,0.6636,420.4125,683.1000,475.0875,727.6500,447.7500,705.3750
564,fish,0.6636,677.3062,1244.4750,739.0688,1289.0250,708.1875,1266.7500
564,fish,0.6538,909.7875,1209.1500,954.3375,1245.6000,932.0625,1227.3750
564,fish,0.6470,231.1734,984.0938,276.4828,1019.5312,253.8281,1001.8125
564,fish,0.6440,484.2563,970.8750,533.8687,1011.3750,509.0625,991.1250
564,fish,0.6426,688.9500,273.5789,737.5500,310.1555,713.2500,291.8672
564,fish,0.6318,240.4688,299.2781,286.0312,335.2219,263.2500,317.2500
564,fish,0.6245,636.0750,994.1625,684.6750,1028.5875,660.3750,1011.3750
564,fish,0.6206,944.3250,699.5250,992.9250,735.9750,968.6250,717.7500
564,fish,0.6050,352.8562,1241.5500,401.4563,1273.9500,377.1562,1257.7500
565,fish,0.7188,821.4750,957.6000,866.0250,992.0250,843.7500,974.8125
565,fish,0.7075,966.9375,371.0813,1017.5625,408.5437,992.2500,389.8125
565,fish,0.7007,236.2922,299.5312,282.6141,334.9688,259.4531,317.2500
565,fish,0.7007,479.7281,339.7500,533.8969,380.2500,506.8125,360.0000
565,fish,0.6860,754.5375,623.9250,809.2125,676.5750,781.8750,650.2500
565,fish,0.6782,215.2828,698.5125,268.1859,736.9875,241.7344,717.7500
565,fish,0.6592,676.2375,1244.4750,739.0125,1289.0250,707.6250,1266.7500
565,fish,0.6533,224.7750,1236.1500,271.3500,1272.6000,248.0625,1254.3750
565,fish,0.6416,445.1625,687.6000,499.8375,732.1500,472.5000,709.8750
565,fish,0.6333,906.6938,1204.8750,956.3062,1245.3750,931.5000,1225.1250
565,fish,0.6318,944.3250,700.6500,992.9250,737.1000,968.6250,718.8750
565,fish,0.6309,230.1047,978.5250,276.4266,1014.9750,253.2656,996.7500
565,fish,0.6289,678.9375,273.5156,729.5625,311.4844,704.2500,292.5000
565,fish,0.5840,486.7594,955.5750,535.8656,994.0500,511.3125,974.8125
565,fish,0.5830,636.0750,994.1625,684.6750,1028.5875,660.3750,1011.3750
565,fish,0.5815,350.8594,1239.4125,398.9531,1273.8375,374.9062,1256.6250
566,fish,0.7251,753.9188,605.9250,807.5812,658.5750,780.7500,632.2500
566,fish,0.7231,231.7781,297.8438,277.8469,333.2812,254.8125,315.5625
566,fish,0.7153,820.3500,957.0375,864.9000,991.4625,842.6250,974.2500
566,fish,0.6885,481.1062,338.0625,534.7687,378.5625,507.9375,358.3125
566,fish,0.6860,213.9187,698.0063,267.5813,737.4937,240.7500,717.7500
566,fish,0.6782,963.6750,367.7625,1016.3250,406.2375,990.0000,387.0000
566,fish,0.6733,486.5063,939.4312,536.1187,980.9438,511.3125,960.1875
566,fish,0.6704,677.3062,1244.4750,739.0688,1289.0250,708.1875,1266.7500
566,fish,0.6665,673.3125,272.9250,723.9375,310.3875,698.6250,291.6562
566,fish,0.6460,464.1750,692.1000,516.8250,736.6500,490.5000,714.3750
566,fish,0.6372,232.4391,974.0250,277.7484,1010.4750,255.0938,992.2500
566,fish,0.6260,943.2563,699.5812,992.8687,737.0438,968.0625,718.3125
566,fish,0.6187,223.4250,1235.2500,265.9500,1275.7500,244.6875,1255.5000
566,fish,0.6177,907.3125,1206.0000,957.9375,1246.5000,932.6250,1226.2500
566,fish,0.6040,636.6375,994.1625,685.2375,1028.5875,660.9375,1011.3750
566,fish,0.5972,350.8313,1237.1625,398.4187,1271.5875,374.6250,1254.3750
567,fish,0.7217,820.4062,957.0375,865.9688,991.4625,843.1875,974.2500
567,fish,0.6909,473.4000,698.1187,525.0375,739.6313,499.2188,718.8750
567,fish,0.6816,214.1719,698.5125,267.3281,736.9875,240.7500,717.7500
567,fish,0.6768,962.4937,367.2281,1014.1313,406.2094,988.3125,386.7188
567,fish,0.6738,482.9906,339.7219,535.1344,379.7156,509.0625,359.7188
567,fish,0.6738,481.8656,924.7500,534.0094,965.2500,507.9375,945.0000
567,fish,0.6733,752.1187,596.8125,803.7563,647.4375,777.9375,622.1250
567,fish,0.6655,676.2375,1244.4750,739.0125,1289.0250,707.6250,1266.7500
567,fish,0.6611,224.4375,295.6500,272.5312,332.1000,248.4844,313.8750
567,fish,0.6592,669.3188,275.1469,718.9312,312.1031,694.1250,293.6250
567,fish,0.6353,221.4422,1235.0250,263.7141,1271.4750,242.5781,1253.2500
567,fish,0.6309,943.7625,699.5250,992.3625,735.9750,968.0625,717.7500
567,fish,0.6279,909.0000,1207.1250,959.6250,1247.6250,934.3125,1227.3750
567,fish,0.6270,232.2703,971.7750,277.0734,1008.2250,254.6719,990.0000
567,fish,0.6167,350.2688,1237.1625,397.8562,1271.5875,374.0625,1254.3750
567,fish,0.5889,638.3250,994.1063,686.9250,1027.5187,662.6250,1010.8125
568,fish,0.7231,820.4625,957.0375,867.0375,991.4625,843.7500,974.2500
568,fish,0.7007,750.9375,582.8062,801.5625,634.4438,776.2500,608.6250
568,fish,0.6875,218.7422,293.4000,268.1016,329.8500,243.4219,311.6250
568,fish,0.6860,480.2906,695.4750,534.4594,740.0250,507.3750,717.7500
568,fish,0.6826,213.6375,698.5125,267.3000,736.9875,240.4688,717.7500
568,fish,0.6768,484.3125,922.4438,534.9375,961.9312,509.6250,942.1875
568,fish,0.6704,960.8062,366.6375,1012.4438,405.1125,986.6250,385.8750
568,fish,0.6670,676.2375,1244.4750,739.0125,1289.0250,707.6250,1266.7500
568,fish,0.6670,219.1781,1235.0250,261.1969,1271.4750,240.1875,1253.2500
568,fish,0.6567,481.6687,344.8125,535.3312,385.3125,508.5000,365.0625
568,fish,0.6406,349.7625,1236.0375,398.3625,1270.4625,374.0625,1253.2500
568,fish,0.6353,943.2000,699.5250,991.8000,735.9750,967.5000,717.7500
568,fish,0.6309,232.5375,971.1000,277.0875,1005.5250,254.8125,988.3125
568,fish,0.6260,665.4375,274.9219,716.0625,312.8906,690.7500,293.9062
568,fish,0.6050,910.1812,1208.2500,961.8188,1248.7500,936.0000,1228.5000
568,fish,0.5898,637.2563,995.1750,686.8687,1027.5750,662.0625,1011.3750
569,fish,0.7324,821.4750,957.6562,866.0250,993.0938,843.7500,975.3750
569,fish,0.7280,480.9937,932.7375,532.6313,975.2625,506.8125,954.0000
569,fish,0.6895,750.8250,570.1922,799.4250,622.5891,775.1250,596.3906
569,fish,0.6860,478.9406,350.5500,534.1219,393.0750,506.5312,371.8125
569,fish,0.6807,213.9047,698.0063,267.3141,737.4937,240.6094,717.7500
569,fish,0.6738,676.2375,1244.4750,739.0125,1289.0250,707.6250,1266.7500
569,fish,0.6699,959.6812,366.0750,1011.3188,404.5500,985.5000,385.3125
569,fish,0.6665,213.7219,292.0219,263.8406,328.9781,238.7812,310.5000
569,fish,0.6548,484.9594,695.4750,537.1031,740.0250,511.0312,717.7500
569,fish,0.6323,231.7219,971.6625,276.7781,1006.0875,254.2500,988.8750
569,fish,0.6323,219.3469,1232.7750,261.8719,1269.2250,240.6094,1251.0000
569,fish,0.6309,663.1875,271.9125,713.8125,311.4000,688.5000,291.6562
569,fish,0.6289,349.2000,1236.0375,397.8000,1270.4625,373.5000,1253.2500
569,fish,0.6250,943.2563,699.5812,992.8687,737.0438,968.0625,718.3125
569,fish,0.6206,911.8125,1210.5000,962.4375,1251.0000,937.1250,1230.7500
569,fish,0.5908,637.3125,994.1063,687.9375,1027.5187,662.6250,1010.8125
570,fish,0.7324,820.4062,958.7812,865.9688,994.2188,843.1875,976.5000
570,fish,0.7295,479.4469,357.7500,533.6156,398.2500,506.5312,378.0000
570,fish,0.6909,209.0250,289.5469,260.6625,327.5156,234.8438,308.5312
570,fish,0.6895,749.7000,562.3875,798.3000,610.9875,774.0000,586.6875
570,fish,0.6841,214.0453,699.6375,267.4547,738.1125,240.7500,718.8750
570,fish,0.6689,959.0625,366.6375,1009.6875,405.1125,984.3750,385.8750
570,fish,0.6680,478.5188,945.0000,531.1688,985.5000,504.8438,965.2500
570,fish,0.6665,676.2375,1244.4750,739.0125,1289.0250,707.6250,1266.7500
570,fish,0.6523,221.6813,1226.0250,263.1938,1262.4750,242.4375,1244.2500
570,fish,0.6387,484.9875,692.8312,537.6375,740.4188,511.3125,716.6250
570,fish,0.6250,231.1875,971.7750,276.7500,1008.2250,253.9688,990.0000
570,fish,0.6206,910.2938,1212.8625,963.9562,1255.3875,937.1250,1234.1250
570,fish,0.6196,348.5813,1234.9125,396.1687,1269.3375,372.3750,1252.1250
570,fish,0.6094,659.3062,266.5547,710.9438,305.7891,685.1250,286.1719
570,fish,0.6094,942.6938,699.5812,992.3062,737.0438,967.5000,718.3125
570,fish,0.5679,638.3250,995.1750,686.9250,1027.5750,662.6250,1011.3750
571,fish,0.7324,820.4625,959.9062,867.0375,995.3438,843.7500,977.6250
571,fish,0.7104,226.1531,963.9000,272.2219,1000.3500,249.1875,982.1250
571,fish,0.7056,480.2906,359.4656,534.4594,400.4719,507.3750,379.9688
571,fish,0.6895,749.8125,551.7000,800.4375,600.3000,775.1250,576.0000
571,fish,0.6860,217.9828,1223.7750,261.2672,1260.2250,239.6250,1242.0000
571,fish,0.6836,213.9187,699.6375,267.5813,738.1125,240.7500,718.8750
571,fish,0.6826,476.6062,951.7500,530.2687,992.2500,503.4375,972.0000
571,fish,0.6748,205.4531,283.5844,258.6094,320.5406,232.0312,302.0625
571,fish,0.6704,958.5000,367.4531,1009.1250,405.4219,983.8125,386.4375
571,fish,0.6670,676.7437,1244.4750,738.5063,1289.0250,707.6250,1266.7500
571,fish,0.6548,483.8625,694.4062,536.5125,739.9688,510.1875,717.1875
571,fish,0.6372,942.6938,699.6375,992.3062,738.1125,967.5000,718.8750
571,fish,0.6372,658.7437,264.2625,710.3813,302.7375,684.5625,283.5000
571,fish,0.6289,910.9125,1217.4750,965.5875,1262.0250,938.2500,1239.7500
571,fish,0.6250,348.0188,1232.7750,395.6062,1269.2250,371.8125,1251.0000
571,fish,0.5747,638.3813,995.1750,687.9937,1027.5750,663.1875,1011.3750
572,fish,0.7388,820.4625,961.0312,867.0375,996.4688,843.7500,978.7500
572,fish,0.7153,226.8562,946.4062,270.3938,981.8438,248.6250,964.1250
572,fish,0.6992,480.8813,352.2937,535.5562,395.8313,508.2188,374.0625
572,fish,0.6875,486.5625,942.8625,537.1875,985.3875,511.8750,964.1250
572,fish,0.6841,214.0734,699.6375,267.9891,738.1125,241.0312,718.8750
572,fish,0.6816,202.7250,278.2406,254.8688,315.1969,228.7969,296.7188
572,fish,0.6714,747.5625,545.9062,798.1875,591.4688,772.8750,568.6875
572,fish,0.6699,959.0625,367.7344,1009.6875,405.7031,984.3750,386.7188
572,fish,0.6646,676.2375,1244.4750,739.0125,1289.0250,707.6250,1266.7500
572,fish,0.6602,207.0844,1216.1250,254.1656,1256.6250,230.6250,1236.3750
572,fish,0.6196,348.5250,1232.7750,395.1000,1269.2250,371.8125,1251.0000
572,fish,0.6162,942.1875,699.5812,992.8125,737.0438,967.5000,718.3125
572,fish,0.6094,660.3188,264.2063,709.9312,301.6687,685.1250,282.9375
572,fish,0.6084,909.7875,1221.9750,964.4625,1266.5250,937.1250,1244.2500
572,fish,0.6074,484.5656,695.4750,534.6844,740.0250,509.6250,717.7500
572,fish,0.5898,638.4375,994.1063,689.0625,1027.5187,663.7500,1010.8125
573,fish,0.7476,489.3469,906.9188,539.4656,950.4562,514.4062,928.6875
573,fish,0.7402,820.4625,960.5250,867.0375,996.9750,843.7500,978.7500
573,fish,0.7090,229.4437,932.3438,273.9937,967.7812,251.7188,950.0625
573,fish,0.6992,191.8969,1211.4000,238.9781,1247.8500,215.4375,1229.6250
573,fish,0.6738,747.5625,532.1250,798.1875,582.7500,772.8750,557.4375
573,fish,0.6714,213.9187,699.6375,267.5813,738.1125,240.7500,718.8750
573,fish,0.6699,958.0500,367.2000,1010.7000,405.6750,984.3750,386.4375
573,fish,0.6680,676.2375,1244.4750,739.0125,1289.0250,707.6250,1266.7500
573,fish,0.6377,480.1500,340.5375,536.8500,385.0875,508.5000,362.8125
573,fish,0.6270,348.5250,1232.6625,395.1000,1267.0875,371.8125,1249.8750
573,fish,0.6260,910.8563,1224.2250,964.5187,1268.7750,937.6875,1246.5000
573,fish,0.6245,198.1266,278.1914,251.0297,316.7930,224.5781,297.4922
573,fish,0.6216,482.5688,692.2125,532.1812,738.7875,507.3750,715.5000
573,fish,0.6060,658.6875,263.9953,709.3125,302.7234,684.0000,283.3594
573,fish,0.6050,639.0000,994.0500,689.6250,1026.4500,664.3125,1010.2500
573,fish,0.5991,942.1875,698.5125,992.8125,736.9875,967.5000,717.7500
574,fish,0.7476,820.4625,961.6500,867.0375,998.1000,843.7500,979.8750
574,fish,0.7026,487.1250,879.4688,537.7500,925.0312,512.4375,902.2500
574,fish,0.6772,959.1750,367.2281,1011.8250,406.2094,985.5000,386.7188
574,fish,0.6738,481.1062,691.0875,534.7687,737.6625,507.9375,714.3750
574,fish,0.6689,228.9375,922.2750,274.5000,958.7250,251.7188,940.5000
574,fish,0.6670,744.3563,524.9250,798.0187,577.5750,771.1875,551.2500
574,fish,0.6636,675.6750,1244.4750,738.4500,1289.0250,707.0625,1266.7500
574,fish,0.6582,486.1687,329.4563,539.8312,371.9812,513.0000,350.7188
574,fish,0.6582,177.5109,1205.7750,226.3641,1242.2250,201.9375,1224.0000
574,fish,0.6567,638.4937,993.0375,690.1313,1027.4625,664.3125,1010.2500
574,fish,0.6440,216.2391,697.3875,268.6359,735.8625,242.4375,716.6250
574,fish,0.6372,347.7656,1230.5250,395.8594,1266.9750,371.8125,1248.7500
574,fish,0.6270,194.7937,278.8313,245.9250,316.2937,220.3594,297.5625
574,fish,0.5957,942.1875,698.5125,992.8125,736.9875,967.5000,717.7500
574,fish,0.5938,912.4312,1228.5000,964.0688,1269.0000,938.2500,1248.7500
574,fish,0.5659,657.0562,266.7937,708.6938,305.2688,682.8750,286.0312
575,fish,0.7490,820.4625,961.6500,867.0375,998.1000,843.7500,979.8750
575,fish,0.6860,639.0562,993.0375,690.6938,1027.4625,664.8750,1010.2500
575,fish,0.6768,961.4250,366.6938,1014.0750,406.1812,987.7500,386.4375
575,fish,0.6724,216.0281,694.6313,267.1594,734.1187,241.5938,714.3750
575,fish,0.6699,487.2656,322.6219,540.4219,363.6281,513.8438,343.1250
575,fish,0.6670,165.6984,1204.6500,214.5516,1241.1000,190.1250,1222.8750
575,fish,0.6670,676.2375,1244.4750,739.0125,1289.0250,707.6250,1266.7500
575,fish,0.6636,229.7531,919.4625,274.8094,955.9125,252.2812,937.6875
575,fish,0.6602,459.7312,693.6750,513.3937,736.2000,486.5625,714.9375
575,fish,0.6479,484.9312,867.4875,536.5688,910.0125,510.7500,888.7500
575,fish,0.6426,348.3000,1231.5375,395.8875,1265.9625,372.0938,1248.7500
575,fish,0.6021,744.3000,523.1250,796.9500,573.7500,770.6250,548.4375
575,fish,0.6021,919.0125,1228.5000,967.6125,1269.0000,943.3125,1248.7500
575,fish,0.5938,942.1875,698.5125,992.8125,736.9875,967.5000,717.7500
575,fish,0.5908,191.9812,278.5219,243.1125,315.4781,217.5469,297.0000
575,fish,0.5815,658.6875,270.9844,709.3125,308.9531,684.0000,289.9688
576,fish,0.7358,819.3375,961.6500,865.9125,998.1000,842.6250,979.8750
576,fish,0.7168,481.5844,864.0562,533.7281,905.5688,507.6562,884.8125
576,fish,0.6943,488.3344,319.4438,540.4781,358.9312,514.4062,339.1875
576,fish,0.6895,639.6750,993.0375,692.3250,1027.4625,666.0000,1010.2500
576,fish,0.6714,212.3859,693.5625,263.7703,734.0625,238.0781,713.8125
576,fish,0.6714,962.5500,366.6938,1015.2000,406.1812,988.8750,386.4375
576,fish,0.6655,676.2375,1244.4750,739.0125,1289.0250,707.6250,1266.7500
576,fish,0.6636,230.2031,915.6375,278.2969,954.1125,254.2500,934.8750
576,fish,0.6494,441.4781,692.5500,495.6469,735.0750,468.5625,713.8125
576,fish,0.6436,348.8625,1231.5375,396.4500,1265.9625,372.6562,1248.7500
576,fish,0.6260,746.5500,523.7156,799.2000,574.8469,772.8750,549.2812
576,fish,0.6162,921.7125,1228.5000,968.2875,1269.0000,945.0000,1248.7500
576,fish,0.6123,942.1875,699.6375,992.8125,738.1125,967.5000,718.8750
576,fish,0.6001,154.7719,1211.4000,204.3844,1247.8500,179.5781,1229.6250
576,fish,0.5679,657.5625,273.4031,708.1875,314.4094,682.8750,293.9062
576,fish,0.5107,192.1219,273.1219,243.2531,309.0656,217.6875,291.0938
577,fish,0.7339,819.8438,961.6500,865.4062,998.1000,842.6250,979.8750
577,fish,0.7153,484.8750,874.8563,535.5000,918.3937,510.1875,896.6250
577,fish,0.6978,487.8000,319.4438,540.4500,358.9312,514.1250,339.1875
577,fish,0.6870,637.9875,993.0375,690.6375,1027.4625,664.3125,1010.2500
577,fish,0.6772,420.9750,693.6750,475.6500,736.2000,448.3125,714.9375
577,fish,0.6636,964.6875,366.6375,1015.3125,405.1125,990.0000,385.8750
577,fish,0.6567,228.5156,913.8375,276.6094,950.2875,252.5625,932.0625
577,fish,0.6514,676.2375,1244.4750,739.0125,1289.0250,707.6250,1266.7500
577,fish,0.6387,348.3000,1230.5250,395.8875,1266.9750,372.0938,1248.7500
577,fish,0.6372,149.5547,1228.0500,193.8516,1260.4500,171.7031,1244.2500
577,fish,0.6343,748.1250,524.2219,798.7500,574.3406,773.4375,549.2812
577,fish,0.6270,921.7125,1228.5000,968.2875,1269.0000,945.0000,1248.7500
577,fish,0.6152,942.1875,699.0750,992.8125,737.5500,967.5000,718.3125
577,fish,0.6084,664.2563,277.1719,713.8687,315.1406,689.0625,296.1562
577,fish,0.5796,208.0406,694.1250,257.1469,734.6250,232.5938,714.3750
577,fish,0.5176,194.6250,267.5813,245.2500,305.0437,219.9375,286.3125
578,fish,0.7373,819.8438,961.6500,865.4062,998.1000,842.6250,979.8750
578,fish,0.7090,487.8000,319.5000,540.4500,360.0000,514.1250,339.7500
578,fish,0.7075,483.8625,897.9750,536.5125,942.5250,510.1875,920.2500
578,fish,0.7007,225.9844,917.3250,274.0781,955.8000,250.0312,936.5625
578,fish,0.6816,140.9344,1232.6625,187.0031,1267.0875,163.9688,1249.8750
578,fish,0.6626,400.7250,699.1313,455.4000,738.6187,428.0625,718.8750
578,fish,0.6567,636.3000,991.9688,688.9500,1027.4062,662.6250,1009.6875
578,fish,0.6558,965.8125,365.8219,1016.4375,404.8031,991.1250,385.3125
578,fish,0.6440,676.2375,1244.4750,739.0125,1289.0250,707.6250,1266.7500
578,fish,0.6440,203.6953,695.0250,250.5234,731.4750,227.1094,713.2500
578,fish,0.6372,669.8250,280.0336,718.4250,316.3570,694.1250,298.1953
578,fish,0.6333,922.8375,1228.5000,969.4125,1269.0000,946.1250,1248.7500
578,fish,0.6299,347.4000,1230.4125,393.9750,1264.8375,370.6875,1247.6250
578,fish,0.6260,746.5500,523.7437,799.2000,575.3813,772.8750,549.5625
578,fish,0.6074,942.1875,699.0750,992.8125,737.5500,967.5000,718.3125
578,fish,0.5972,202.6125,262.9969,250.2000,298.9406,226.4062,280.9688
579,fish,0.7549,819.9000,962.7750,866.4750,999.2250,843.1875,981.0000
579,fish,0.7490,485.1562,930.6000,535.7812,975.1500,510.4688,952.8750
579,fish,0.7310,223.7625,925.6500,272.3625,962.1000,248.0625,943.8750
579,fish,0.6870,488.0531,320.8500,540.1969,360.3375,514.1250,340.5938
579,fish,0.6807,635.1750,990.9000,687.8250,1027.3500,661.5000,1009.1250
579,fish,0.6646,965.8125,364.1344,1016.4375,403.1156,991.1250,383.6250
579,fish,0.6626,744.5250,521.7188,801.2250,577.4062,772.8750,549.5625
579,fish,0.6621,676.2375,1244.4750,739.0125,1289.0250,707.6250,1266.7500
579,fish,0.6460,672.6375,281.0250,721.2375,317.4750,696.9375,299.2500
579,fish,0.6387,384.5250,701.3250,441.2250,739.8000,412.8750,720.5625
579,fish,0.6362,922.8375,1228.5000,969.4125,1269.0000,946.1250,1248.7500
579,fish,0.6333,345.9656,1230.4125,392.0344,1264.8375,369.0000,1247.6250
579,fish,0.6323,132.3422,1232.7750,180.6891,1269.2250,156.5156,1251.0000
579,fish,0.6196,203.5406,261.5625,252.6469,297.0000,228.0938,279.2812
579,fish,0.6123,196.1016,695.7000,245.4609,734.1750,220.7812,714.9375
579,fish,0.6060,943.3125,698.5125,993.9375,736.9875,968.6250,717.7500
580,fish,0.7563,226.7719,935.8312,273.8531,973.2938,250.3125,954.5625
580,fish,0.7358,819.9000,963.8438,866.4750,999.2812,843.1875,981.5625
580,fish,0.7188,485.4375,969.7500,536.0625,1010.2500,510.7500,990.0000
580,fish,0.7026,488.0813,319.4438,540.7313,358.9312,514.4062,339.1875
580,fish,0.6978,741.6562,521.2125,797.3438,577.9125,769.5000,549.5625
580,fish,0.6792,635.1750,990.9000,687.8250,1027.3500,661.5000,1009.1250
580,fish,0.6646,676.2375,1244.4750,739.0125,1289.0250,707.6250,1266.7500
580,fish,0.6523,964.8000,363.8250,1017.4500,402.3000,991.1250,383.0625
580,fish,0.6514,371.5875,699.0750,428.2875,737.5500,399.9375,718.3125
580,fish,0.6489,343.9125,1230.4125,388.4625,1264.8375,366.1875,1247.6250
580,fish,0.6450,178.6781,701.2125,230.8219,737.6625,204.7500,719.4375
580,fish,0.6416,673.3125,276.9750,723.9375,316.4625,698.6250,296.7188
580,fish,0.6377,922.8375,1228.5000,969.4125,1269.0000,946.1250,1248.7500
580,fish,0.6279,126.8438,1231.6500,174.9375,1268.1000,150.8906,1249.8750
580,fish,0.6270,208.9125,262.1953,258.5250,298.8984,233.7188,280.5469
580,fish,0.6040,942.7500,698.5125,993.3750,736.9875,968.0625,717.7500
581,fish,0.7446,819.3375,963.8438,865.9125,999.2812,842.6250,981.5625
581,fish,0.7188,488.3625,316.1250,541.0125,356.6250,514.6875,336.3750
581,fish,0.6958,226.0687,943.7625,273.1500,982.2375,249.6094,963.0000
581,fish,0.6929,478.4906,990.0000,530.6344,1030.5000,504.5625,1010.2500
581,fish,0.6724,741.0938,519.4406,796.7812,574.6219,768.9375,547.0312
581,fish,0.6704,635.1750,990.9000,687.8250,1027.3500,661.5000,1009.1250
581,fish,0.6636,676.2375,1244.4750,739.0125,1289.0250,707.6250,1266.7500
581,fish,0.6611,342.0281,1229.2875,388.0969,1263.7125,365.0625,1246.5000
581,fish,0.6538,965.8687,363.2625,1017.5063,401.7375,991.6875,382.5000
581,fish,0.6533,117.6750,1232.7750,167.7937,1269.2250,142.7344,1251.0000
581,fish,0.6323,163.4625,703.4625,217.6312,739.9125,190.5469,721.6875
581,fish,0.6323,675.6750,274.2188,728.3250,314.7188,702.0000,294.4688
581,fish,0.6299,921.7687,1228.5000,969.3563,1269.0000,945.5625,1248.7500
581,fish,0.6279,355.3594,695.8687,413.5781,737.3813,384.4688,716.6250
581,fish,0.6245,211.5000,260.0437,262.1250,298.5188,236.8125,279.2812
581,fish,0.6060,942.7500,698.5125,993.3750,736.9875,968.0625,717.7500
582,fish,0.7432,475.3687,991.0125,527.0063,1029.4875,501.1875,1010.2500
582,fish,0.7402,820.9688,965.5312,866.5312,1000.9688,843.7500,983.2500
582,fish,0.7026,108.0563,1230.5250,154.6312,1266.9750,131.3438,1248.7500
582,fish,0.6929,340.6500,1228.2750,387.2250,1264.7250,363.9375,1246.5000
582,fish,0.6807,636.1875,992.5312,686.8125,1027.9688,661.5000,1010.2500
582,fish,0.6655,676.2375,1244.4750,739.0125,1289.0250,707.6250,1266.7500
582,fish,0.6626,966.4312,363.2344,1018.0688,401.2031,992.2500,382.2188
582,fish,0.6611,487.7719,313.6781,539.9156,355.6969,513.8438,334.6875
582,fish,0.6396,223.7063,947.1375,271.2937,985.6125,247.5000,966.3750
582,fish,0.6270,920.7000,1228.5000,969.3000,1269.0000,945.0000,1248.7500
582,fish,0.6235,676.9125,273.3750,731.5875,313.8750,704.2500,293.6250
582,fish,0.6206,144.0281,702.9562,200.2219,740.4188,172.1250,721.6875
582,fish,0.6123,344.5312,697.6125,400.2188,740.1375,372.3750,718.8750
582,fish,0.6104,742.0500,516.8250,794.7000,570.4875,768.3750,543.6562
582,fish,0.5908,214.4250,258.6375,267.0750,297.1125,240.7500,277.8750
582,fish,0.5898,942.1875,698.5125,992.8125,736.9875,967.5000,717.7500
583,fish,0.7520,821.5875,965.5875,868.1625,1002.0375,844.8750,983.8125
583,fish,0.7432,99.8438,1223.7750,145.4062,1260.2250,122.6250,1242.0000
583,fish,0.7104,738.6750,512.3531,791.3250,561.4594,765.0000,536.9062
583,fish,0.7056,339.8062,1226.0250,386.3813,1262.4750,363.0938,1244.2500
583,fish,0.6792,676.2375,1244.4750,739.0125,1289.0250,707.6250,1266.7500
583,fish,0.6602,966.9375,363.5437,1017.5625,402.0188,992.2500,382.7812
583,fish,0.6558,635.1187,993.0938,686.7563,1028.5312,660.9375,1010.8125
583,fish,0.6406,473.8500,984.3750,528.5250,1024.8750,501.1875,1004.6250
583,fish,0.6343,130.2328,698.3438,183.6422,733.7812,156.9375,716.0625
583,fish,0.6323,222.6094,949.3875,270.7031,987.8625,246.6562,968.6250
583,fish,0.6299,488.3062,304.8188,539.9438,344.3062,514.1250,324.5625
583,fish,0.6260,920.7000,1228.5000,969.3000,1269.0000,945.0000,1248.7500
583,fish,0.6206,219.0094,256.3875,270.6469,294.8625,244.8281,275.6250
583,fish,0.6206,676.9125,272.8406,731.5875,313.8469,704.2500,293.3438
583,fish,0.6152,336.6281,699.7500,391.8094,740.2500,364.2188,720.0000
583,fish,0.5908,941.6812,698.5125,993.3188,736.9875,967.5000,717.7500
584,fish,0.7388,821.0250,967.2750,867.6000,1003.7250,844.3125,985.5000
584,fish,0.7075,338.7656,1227.1500,386.8594,1263.6000,362.8125,1245.3750
584,fish,0.6758,486.0562,291.2344,537.6938,329.2031,511.8750,310.2188
584,fish,0.6704,676.2375,1244.4750,739.0125,1289.0250,707.6250,1266.7500
584,fish,0.6680,967.5000,363.5437,1018.1250,402.0188,992.8125,382.7812
584,fish,0.6655,681.4688,272.0531,737.1562,314.0719,709.3125,293.0625
584,fish,0.6636,117.1406,694.5187,172.8281,731.9813,144.9844,713.2500
584,fish,0.6548,336.0375,695.3625,390.7125,737.8875,363.3750,716.6250
584,fish,0.6489,225.3938,954.9000,272.9812,991.3500,249.1875,973.1250
584,fish,0.6426,743.6250,511.9875,794.2500,554.5125,768.9375,533.2500
584,fish,0.6416,91.9828,1210.2750,137.7984,1246.7250,114.8906,1228.5000
584,fish,0.6377,635.1750,992.0250,687.8250,1028.4750,661.5000,1010.2500
584,fish,0.6377,479.3625,982.1250,532.0125,1022.6250,505.6875,1002.3750
584,fish,0.6279,226.3359,249.0750,278.2266,287.5500,252.2812,268.3125
584,fish,0.6270,921.2062,1228.5000,968.7938,1269.0000,945.0000,1248.7500
584,fish,0.5962,941.6812,698.5125,993.3188,736.9875,967.5000,717.7500
585,fish,0.7251,821.5875,967.7812,868.1625,1003.2188,844.8750,985.5000
585,fish,0.7026,86.2805,1201.3875,133.2352,1239.8625,109.7578,1220.6250
585,fish,0.6758,104.0906,689.5125,157.7531,727.9875,130.9219,708.7500
585,fish,0.6748,684.9000,272.6156,741.6000,314.6344,713.2500,293.6250
585,fish,0.6733,676.2375,1244.4750,739.0125,1289.0250,707.6250,1266.7500
585,fish,0.6714,968.0625,363.8250,1018.6875,402.3000,993.3750,383.0625
585,fish,0.6626,485.1000,981.4500,534.7125,1019.9250,509.9062,1000.6875
585,fish,0.6602,227.2359,957.2625,275.0766,995.7375,251.1562,976.5000
585,fish,0.6548,340.5938,1226.9250,386.1562,1259.3250,363.3750,1243.1250
585,fish,0.6489,483.9187,281.0602,537.5812,320.6742,510.7500,300.8672
585,fish,0.6396,331.8469,694.2375,387.0281,736.7625,359.4375,715.5000
585,fish,0.6250,921.2062,1228.5000,968.7938,1269.0000,945.0000,1248.7500
585,fish,0.6245,636.3000,993.0375,688.9500,1027.4625,662.6250,1010.2500
585,fish,0.6235,231.1875,248.3016,281.8125,285.5109,256.5000,266.9062
585,fish,0.5859,747.7313,515.8406,801.3937,556.8469,774.5625,536.3438
585,fish,0.5850,941.6812,698.5125,993.3188,736.9875,967.5000,717.7500
586,fish,0.7373,81.7031,1191.2625,127.2656,1229.7375,104.4844,1210.5000
586,fish,0.7280,822.0938,967.2750,867.6562,1003.7250,844.8750,985.5000
586,fish,0.6782,94.5422,686.2500,148.4578,726.7500,121.5000,706.5000
586,fish,0.6724,676.2375,1244.4750,739.0125,1289.0250,707.6250,1266.7500
586,fish,0.6724,968.0625,364.1062,1018.6875,402.5813,993.3750,383.3438
586,fish,0.6714,342.6750,1223.5500,385.2000,1255.9500,363.9375,1239.7500
586,fish,0.6704,486.9844,980.3250,535.0781,1018.8000,511.0312,999.5625
586,fish,0.6602,324.7875,693.1688,379.4625,736.7062,352.1250,714.9375
586,fish,0.6514,688.2750,272.9250,744.9750,315.4500,716.6250,294.1875
586,fish,0.6318,637.3687,993.0375,689.0063,1027.4625,663.1875,1010.2500
586,fish,0.6279,921.2062,1228.5000,968.7938,1269.0000,945.0000,1248.7500
586,fish,0.6245,228.7547,957.2062,276.0891,994.6688,252.4219,975.9375
586,fish,0.5991,482.6812,275.2594,534.3188,314.2406,508.5000,294.7500
586,fish,0.5947,941.1187,699.0750,992.7563,737.5500,966.9375,718.3125
586,fish,0.5820,230.9062,250.6922,281.5312,287.9016,256.2188,269.2969
586,fish,0.5537,753.1875,523.2375,803.8125,565.7625,778.5000,544.5000
587,fish,0.7446,77.2172,1176.7500,120.5016,1217.2500,98.8594,1197.0000
587,fish,0.7373,342.2250,1219.2750,386.7750,1255.7250,364.5000,1237.5000
587,fish,0.7139,822.0938,968.3438,867.6562,1003.7812,844.8750,986.0625
587,fish,0.6929,88.1086,682.7625,142.6570,721.2375,115.3828,702.0000
587,fish,0.6816,676.2375,1244.4750,739.0125,1289.0250,707.6250,1266.7500
587,fish,0.6733,969.1875,364.1062,1019.8125,402.5813,994.5000,383.3438
587,fish,0.6714,488.6438,978.6375,536.2313,1017.1125,512.4375,997.8750
587,fish,0.6548,227.0813,958.8937,274.6687,996.3563,250.8750,977.6250
587,fish,0.6299,322.4812,690.9750,376.1438,735.5250,349.3125,713.2500
587,fish,0.6270,637.4250,993.0938,690.0750,1028.5312,663.7500,1010.8125
587,fish,0.6260,480.9937,270.0773,532.6313,309.4383,506.8125,289.7578
587,fish,0.6226,920.7000,1228.5000,969.3000,1269.0000,945.0000,1248.7500
587,fish,0.6162,692.1562,273.5156,747.8438,316.5469,720.0000,295.0312
587,fish,0.6084,226.5891,256.3594,280.5047,294.3281,253.5469,275.3438
587,fish,0.6069,941.0625,699.0750,991.6875,737.5500,966.3750,718.3125
587,fish,0.5767,750.3188,535.2188,799.9312,580.7812,775.1250,558.0000
588,fish,0.7476,75.0727,1160.7750,116.4586,1197.2250,95.7656,1179.0000
588,fish,0.7339,343.2375,1213.5375,385.7625,1247.9625,364.5000,1230.7500
588,fish,0.6978,822.0938,968.9062,867.6562,1004.3438,844.8750,986.6250
588,fish,0.6958,676.2375,1244.4750,739.0125,1289.0250,707.6250,1266.7500
588,fish,0.6929,83.5594,679.3875,138.4875,717.8625,111.0234,698.6250
588,fish,0.6748,969.1875,364.8938,1019.8125,402.3562,994.5000,383.6250
588,fish,0.6680,485.9438,979.8188,535.5562,1019.3062,510.7500,999.5625
588,fish,0.6646,225.2812,962.8312,273.3750,1000.2938,249.3281,981.5625
588,fish,0.6460,223.2422,260.0437,277.6641,298.5188,250.4531,279.2812
588,fish,0.6299,637.4250,993.0938,690.0750,1028.5312,663.7500,1010.8125
588,fish,0.6235,920.7000,1228.5000,969.3000,1269.0000,945.0000,1248.7500
588,fish,0.6143,477.1125,265.1625,529.7625,304.6500,503.4375,284.9062
588,fish,0.6104,941.0625,699.0750,991.6875,737.5500,966.3750,718.3125
588,fish,0.6001,693.9000,273.4312,750.6000,314.9438,722.2500,294.1875
588,fish,0.5928,323.2969,690.5812,376.4531,738.1688,349.8750,714.3750
589,fish,0.7417,342.0562,1208.0250,383.5688,1244.4750,362.8125,1226.2500
589,fish,0.7168,72.9281,1147.5000,113.6813,1188.0000,93.3047,1167.7500
589,fish,0.7075,821.5875,969.5250,868.1625,1005.9750,844.8750,987.7500
589,fish,0.6875,676.2375,1244.4750,739.0125,1289.0250,707.6250,1266.7500
589,fish,0.6733,971.3250,364.8938,1019.9250,402.3562,995.6250,383.6250
589,fish,0.6704,226.5188,966.1500,274.1062,1002.6000,250.3125,984.3750
589,fish,0.6636,482.3156,981.4500,532.4344,1019.9250,507.3750,1000.6875
589,fish,0.6611,80.1703,675.5063,133.5797,714.9937,106.8750,695.2500
589,fish,0.6592,698.4000,274.1273,755.1000,315.5133,726.7500,294.8203
589,fish,0.6309,638.5500,993.0938,691.2000,1028.5312,664.8750,1010.8125
589,fish,0.6289,921.8250,1228.5000,970.4250,1269.0000,946.1250,1248.7500
589,fish,0.6123,941.0625,698.5125,991.6875,736.9875,966.3750,717.7500
589,fish,0.6011,471.5437,262.6313,525.2062,302.1187,498.3750,282.3750
589,fish,0.5928,213.3844,271.6875,267.5531,307.1250,240.4688,289.4062
589,fish,0.5698,331.7063,692.2125,384.3562,738.7875,358.0312,715.5000
589,fish,0.4736,768.6000,588.4875,813.1500,631.0125,790.8750,609.7500
590,fish,0.7690,72.6680,1143.9000,113.8008,1180.3500,93.2344,1162.1250
590,fish,0.7607,757.2375,604.8000,809.8875,657.4500,783.5625,631.1250
590,fish,0.7402,340.4812,1205.7750,384.0188,1242.2250,362.2500,1224.0000
590,fish,0.6885,821.5875,970.7062,868.1625,1008.1688,844.8750,989.4375
590,fish,0.6870,77.5125,672.7500,131.1750,713.2500,104.3438,693.0000
590,fish,0.6738,970.2563,365.4281,1019.8687,402.3844,995.0625,383.9062
590,fish,0.6714,701.1562,275.3438,756.8438,315.8438,729.0000,295.5938
590,fish,0.6714,677.3062,1244.4750,739.0688,1289.0250,708.1875,1266.7500
590,fish,0.6460,343.6313,692.1000,393.2437,736.6500,368.4375,714.3750
590,fish,0.6450,468.7031,260.5641,521.8594,298.2797,495.2812,279.4219
590,fish,0.6396,482.1187,978.7500,533.7563,1019.2500,507.9375,999.0000
590,fish,0.6362,233.1562,956.5875,278.7188,993.0375,255.9375,974.8125
590,fish,0.6353,639.6750,993.0375,692.3250,1027.4625,666.0000,1010.2500
590,fish,0.6318,206.1844,277.8539,252.2531,310.3805,229.2188,294.1172
590,fish,0.6270,921.8250,1228.6125,970.4250,1271.1375,946.1250,1249.8750
590,fish,0.5991,939.9375,699.6375,990.5625,738.1125,965.2500,718.8750
591,fish,0.7891,753.5250,630.6187,810.2250,682.2563,781.8750,656.4375
591,fish,0.7446,342.3656,1208.0250,384.3844,1244.4750,363.3750,1226.2500
591,fish,0.7026,73.1883,1136.0250,113.5617,1172.4750,93.3750,1154.2500
591,fish,0.6953,821.5875,970.7062,868.1625,1008.1688,844.8750,989.4375
591,fish,0.6929,75.7687,671.0625,128.4187,711.5625,102.0938,691.3125
591,fish,0.6875,702.7875,275.8781,757.4625,315.8719,730.1250,295.8750
591,fish,0.6738,232.9875,937.0125,280.5750,975.4875,256.7812,956.2500
591,fish,0.6738,971.3250,364.8938,1019.9250,402.3562,995.6250,383.6250
591,fish,0.6714,676.8000,1244.4750,739.5750,1289.0250,708.1875,1266.7500
591,fish,0.6577,354.6562,690.9750,405.2812,735.5250,379.9688,713.2500
591,fish,0.6494,465.3000,257.5828,517.9500,297.3234,491.6250,277.4531
591,fish,0.6362,486.7594,962.4937,535.8656,1004.0063,511.3125,983.2500
591,fish,0.6260,196.2000,279.2250,244.8000,313.6500,220.5000,296.4375
591,fish,0.6206,639.6750,993.0375,692.3250,1027.4625,666.0000,1010.2500
591,fish,0.6206,920.8125,1228.6125,971.4375,1271.1375,946.1250,1249.8750
591,fish,0.5928,939.9375,699.6375,990.5625,738.1125,965.2500,718.8750
592,fish,0.7798,751.3312,648.6750,809.0438,701.3250,780.1875,675.0000
592,fish,0.7075,702.7875,276.5039,757.4625,315.1055,730.1250,295.8047
592,fish,0.7041,75.1219,1134.9000,116.1281,1171.3500,95.6250,1153.1250
592,fish,0.6919,188.6062,280.4836,237.2063,314.7820,212.9062,297.6328
592,fish,0.6895,821.5875,971.7750,868.1625,1008.2250,844.8750,990.0000
592,fish,0.6826,73.5961,671.6250,126.3727,712.1250,99.9844,691.8750
592,fish,0.6792,676.8000,1244.4750,739.5750,1289.0250,708.1875,1266.7500
592,fish,0.6782,970.7625,365.6812,1019.3625,402.1313,995.0625,383.9062
592,fish,0.6738,488.7563,938.4750,538.3687,983.0250,513.5625,960.7500
592,fish,0.6714,231.9891,922.2750,279.3234,958.7250,255.6562,940.5000
592,fish,0.6558,466.3125,260.7750,516.9375,297.2250,491.6250,279.0000
592,fish,0.6426,640.2938,993.0375,693.9562,1027.4625,667.1250,1010.2500
592,fish,0.6372,371.3625,692.1000,424.0125,736.6500,397.6875,714.3750
592,fish,0.6196,920.8125,1228.6125,971.4375,1271.1375,946.1250,1249.8750
592,fish,0.6084,342.9844,1212.4125,386.0156,1246.8375,364.5000,1229.6250
592,fish,0.5918,940.5000,699.6375,991.1250,738.1125,965.8125,718.8750
593,fish,0.7402,751.7812,662.5688,807.4688,712.1812,779.6250,687.3750
593,fish,0.7153,68.4352,673.8750,123.2367,714.3750,95.8359,694.1250
593,fish,0.7153,181.4344,282.4664,230.0344,317.0180,205.7344,299.7422
593,fish,0.6899,229.1062,915.5250,275.1750,951.9750,252.1406,933.7500
593,fish,0.6895,820.9688,972.7875,866.5312,1007.2125,843.7500,990.0000
593,fish,0.6807,676.2375,1244.4750,739.0125,1289.0250,707.6250,1266.7500
593,fish,0.6792,702.7875,276.4125,757.4625,315.9000,730.1250,296.1562
593,fish,0.6772,971.3250,365.7094,1019.9250,402.6656,995.6250,384.1875
593,fish,0.6602,79.7625,1138.8094,120.7687,1174.7531,100.2656,1156.7812
593,fish,0.6548,393.3562,695.4750,447.0188,740.0250,420.1875,717.7500
593,fish,0.6489,641.9250,993.0375,694.5750,1027.4625,668.2500,1010.2500
593,fish,0.6450,484.9031,916.9875,536.0344,959.5125,510.4688,938.2500
593,fish,0.6196,920.8125,1228.5000,971.4375,1269.0000,946.1250,1248.7500
593,fish,0.6187,463.4438,260.2266,513.0562,296.9297,488.2500,278.5781
593,fish,0.5981,941.0625,699.0750,991.6875,737.5500,966.3750,718.3125
593,fish,0.5981,346.8094,1216.9125,392.8781,1251.3375,369.8438,1234.1250
594,fish,0.7075,478.0125,902.3062,531.6750,943.8188,504.8438,923.0625
594,fish,0.7041,751.1625,669.8250,805.8375,718.4250,778.5000,694.1250
594,fish,0.7026,175.8094,287.4937,226.9406,323.9438,201.3750,305.7188
594,fish,0.6978,820.4062,973.9125,865.9688,1008.3375,843.1875,991.1250
594,fish,0.6943,356.4281,1223.6625,403.5094,1258.0875,379.9688,1240.8750
594,fish,0.6816,63.1828,678.2625,114.5672,716.7375,88.8750,697.5000
594,fish,0.6772,971.3250,365.9906,1019.9250,402.9469,995.6250,384.4688
594,fish,0.6733,677.3062,1244.4750,739.0688,1289.0250,708.1875,1266.7500
594,fish,0.6680,700.5375,276.4125,755.2125,315.9000,727.8750,296.1562
594,fish,0.6655,643.0500,993.0375,695.7000,1027.4625,669.3750,1010.2500
594,fish,0.6494,225.5906,912.2062,274.1906,949.6688,249.8906,930.9375
594,fish,0.6470,415.1812,699.7500,466.8188,740.2500,441.0000,720.0000
594,fish,0.6323,84.8531,1144.9125,126.3656,1179.3375,105.6094,1162.1250
594,fish,0.6245,921.8813,1228.6125,971.4937,1271.1375,946.6875,1249.8750
594,fish,0.5981,941.6250,699.5812,992.2500,737.0438,966.9375,718.3125
594,fish,0.5918,460.0406,256.6969,509.1469,295.6781,484.5938,276.1875
595,fish,0.7202,751.0500,674.3250,803.7000,722.9250,777.3750,698.6250
595,fish,0.7139,173.5031,293.6250,223.6219,329.0625,198.5625,311.3438
595,fish,0.7075,226.6031,918.9562,275.7094,956.4188,251.1562,937.6875
595,fish,0.7026,479.9531,910.1250,533.1094,950.6250,506.5312,930.3750
595,fish,0.6978,819.8438,973.9688,865.4062,1009.4062,842.6250,991.6875
595,fish,0.6807,698.9062,276.4406,754.5938,316.4344,726.7500,296.4375
595,fish,0.6772,970.7625,366.8062,1019.3625,403.2563,995.0625,385.0312
595,fish,0.6768,60.9838,680.5125,111.3873,718.9875,86.1855,699.7500
595,fish,0.6768,369.6750,1230.4125,417.2625,1264.8375,393.4688,1247.6250
595,fish,0.6670,462.8813,255.5156,512.4937,293.4844,487.6875,274.5000
595,fish,0.6611,677.3062,1244.4750,739.0688,1289.0250,708.1875,1266.7500
595,fish,0.6592,642.6000,993.0375,697.2750,1027.4625,669.9375,1010.2500
595,fish,0.6440,426.0094,696.4875,480.1781,739.0125,453.0938,717.7500
595,fish,0.6377,88.7555,1149.5250,133.4320,1185.9750,111.0938,1167.7500
595,fish,0.6270,921.8813,1228.5000,971.4937,1269.0000,946.6875,1248.7500
595,fish,0.5859,942.1875,698.5125,992.8125,736.9875,967.5000,717.7500
596,fish,0.7578,224.1281,934.6500,274.2469,971.1000,249.1875,952.8750
596,fish,0.7217,482.1187,929.2500,533.7563,969.7500,507.9375,949.5000
596,fish,0.7168,96.9258,1156.1625,140.5898,1190.5875,118.7578,1173.3750
596,fish,0.7139,750.9937,676.4625,802.6313,723.0375,776.8125,699.7500
596,fish,0.6958,819.2812,974.5312,864.8438,1009.9688,842.0625,992.2500
596,fish,0.6953,171.0984,299.1094,220.9641,337.0781,196.0312,318.0938
596,fish,0.6919,382.8375,1234.8000,429.4125,1267.2000,406.1250,1251.0000
596,fish,0.6802,698.9062,277.1227,754.5938,316.7367,726.7500,296.9297
596,fish,0.6772,970.2000,367.0875,1018.8000,403.5375,994.5000,385.3125
596,fish,0.6699,58.5475,680.6250,111.9252,721.1250,85.2363,700.8750
596,fish,0.6670,644.2875,993.0375,698.9625,1027.4625,671.6250,1010.2500
596,fish,0.6626,677.3062,1244.4750,739.0688,1289.0250,708.1875,1266.7500
596,fish,0.6558,464.0625,253.8562,514.6875,292.3313,489.3750,273.0938
596,fish,0.6299,435.4312,694.3500,487.0688,738.9000,461.2500,716.6250
596,fish,0.6216,921.3188,1228.6125,970.9312,1271.1375,946.1250,1249.8750
596,fish,0.5820,942.1875,698.5125,992.8125,736.9875,967.5000,717.7500
597,fish,0.7168,481.5562,948.9375,533.1938,989.4375,507.3750,969.1875
597,fish,0.7168,108.4781,1153.4906,152.5219,1190.4469,130.5000,1171.9688
597,fish,0.7163,390.7688,1234.9125,438.3562,1269.3375,414.5625,1252.1250
597,fish,0.6909,225.2812,947.5875,273.3750,984.0375,249.3281,965.8125
597,fish,0.6885,819.2812,974.0250,864.8438,1010.4750,842.0625,992.2500
597,fish,0.6875,748.2938,677.1938,801.9562,726.8062,775.1250,702.0000
597,fish,0.6860,165.6141,306.6187,218.0109,343.0688,191.8125,324.8438
597,fish,0.6768,971.3250,367.0875,1019.9250,403.5375,995.6250,385.3125
597,fish,0.6758,645.4125,992.5312,700.0875,1027.9688,672.7500,1010.2500
597,fish,0.6738,700.0312,276.7219,755.7188,316.7156,727.8750,296.7188
597,fish,0.6724,676.2375,1244.4750,739.0125,1289.0250,707.6250,1266.7500
597,fish,0.6704,468.7875,248.6109,523.4625,288.8578,496.1250,268.7344
597,fish,0.6626,57.7828,684.0562,110.6859,725.5688,84.2344,704.8125
597,fish,0.6558,441.7031,691.5938,494.8594,737.1562,468.2812,714.3750
597,fish,0.6162,920.7563,1228.6125,970.3687,1271.1375,945.5625,1249.8750
597,fish,0.5796,942.2437,697.9500,993.8813,736.4250,968.0625,717.1875
598,fish,0.7402,162.1828,319.0781,216.0984,357.0469,189.1406,338.0625
598,fish,0.7402,223.7766,962.7750,272.6297,999.2250,248.2031,981.0000
598,fish,0.6978,121.9219,1158.5250,167.4844,1194.9750,144.7031,1176.7500
598,fish,0.6909,397.2094,1234.9125,444.2906,1269.3375,420.7500,1252.1250
598,fish,0.6899,645.9750,992.0250,700.6500,1028.4750,673.3125,1010.2500
598,fish,0.6885,57.8813,685.2375,111.2906,727.7625,84.5859,706.5000
598,fish,0.6875,701.1562,276.8273,756.8438,316.1883,729.0000,296.5078
598,fish,0.6816,819.2812,974.0250,864.8438,1010.4750,842.0625,992.2500
598,fish,0.6792,676.2375,1244.4750,739.0125,1289.0250,707.6250,1266.7500
598,fish,0.6758,476.3250,960.8625,529.9875,1003.3875,503.1562,982.1250
598,fish,0.6738,971.3250,367.1156,1019.9250,404.0719,995.6250,385.5938
598,fish,0.6523,477.1125,247.7812,529.7625,288.2812,503.4375,268.0312
598,fish,0.6470,452.3625,693.2812,505.0125,738.8438,478.6875,716.0625
598,fish,0.6226,744.4125,679.0500,799.0875,731.7000,771.7500,705.3750
598,fish,0.6143,918.1125,1226.4750,970.7625,1271.0250,944.4375,1248.7500
598,fish,0.5830,941.1750,697.9500,993.8250,736.4250,967.5000,717.1875
599,fish,0.7417,226.2656,976.1625,274.3594,1010.5875,250.3125,993.3750
599,fish,0.6860,701.7188,276.8273,757.4062,316.1883,729.5625,296.5078
599,fish,0.6851,159.6656,330.4688,213.8344,370.9688,186.7500,350.7188
599,fish,0.6816,58.1555,687.3750,111.4383,727.8750,84.7969,707.6250
599,fish,0.6772,646.5375,992.0250,701.2125,1028.4750,673.8750,1010.2500
599,fish,0.6758,818.2125,975.1500,864.7875,1011.6000,841.5000,993.3750
599,fish,0.6748,676.2375,1244.4750,739.0125,1289.0250,707.6250,1266.7500
599,fish,0.6689,474.4688,969.8625,530.1562,1012.3875,502.3125,991.1250
599,fish,0.6655,404.8313,1234.9125,452.4187,1269.3375,428.6250,1252.1250
599,fish,0.6621,971.3250,367.0875,1019.9250,403.5375,995.6250,385.3125
599,fish,0.6426,462.5156,690.5250,515.6719,737.1000,489.0938,713.8125
599,fish,0.6362,739.0125,684.7313,797.7375,738.3937,768.3750,711.5625
599,fish,0.6177,918.6750,1228.6125,971.3250,1271.1375,945.0000,1249.8750
599,fish,0.6143,137.9074,1166.4000,183.9129,1202.8500,160.9102,1184.6250
599,fish,0.6060,482.7375,256.9219,535.3875,294.8906,509.0625,275.9062
599,fish,0.5815,941.1750,697.9500,993.8250,736.4250,967.5000,717.1875
